target_idx	tid	chembl_id	pref_name	target_type	organism	active_molecules	is_ckd
0	1	CHEMBL2074	Maltase-glucoamylase	SINGLE PROTEIN	Homo sapiens	204	True
1	2	CHEMBL1971	ATP-binding cassette sub-family C member 9	SINGLE PROTEIN	Homo sapiens	39	False
2	3	CHEMBL1827	cGMP-specific 3',5'-cyclic phosphodiesterase	SINGLE PROTEIN	Homo sapiens	1954	True
3	4	CHEMBL1859	Voltage-dependent T-type calcium channel subunit alpha-1H	SINGLE PROTEIN	Homo sapiens	832	False
4	6	CHEMBL202	Dihydrofolate reductase	SINGLE PROTEIN	Homo sapiens	1150	True
5	7	CHEMBL1809	Dihydrofolate reductase	SINGLE PROTEIN	Escherichia coli	444	False
6	8	CHEMBL1862	Tyrosine-protein kinase ABL1	SINGLE PROTEIN	Homo sapiens	3655	True
7	9	CHEMBL203	Epidermal growth factor receptor	SINGLE PROTEIN	Homo sapiens	11749	True
8	10	CHEMBL1852	DNA-directed RNA polymerase subunit beta	SINGLE PROTEIN	Escherichia coli K-12	8	False
9	11	CHEMBL204	Prothrombin	SINGLE PROTEIN	Homo sapiens	4545	True
10	12	CHEMBL1801	Plasminogen	SINGLE PROTEIN	Homo sapiens	673	False
11	13	CHEMBL2065	Beta-lactamase TEM	SINGLE PROTEIN	Escherichia coli	71	False
12	14	CHEMBL1910	Adenosine deaminase	SINGLE PROTEIN	Homo sapiens	167	True
13	15	CHEMBL205	Carbonic anhydrase 2	SINGLE PROTEIN	Homo sapiens	7715	True
14	17	CHEMBL2066	Troponin C, slow skeletal and cardiac muscles	SINGLE PROTEIN	Homo sapiens	5	False
15	19	CHEMBL206	Estrogen receptor	SINGLE PROTEIN	Homo sapiens	4011	True
16	21	CHEMBL2051	Neuraminidase	SINGLE PROTEIN	Influenza A virus (A/Puerto Rico/8/1934(H1N1))	510	True
17	22	CHEMBL2052	Matrix protein 2	SINGLE PROTEIN	Influenza A virus (A/Udorn/307/1972(H3N2))	162	False
18	23	CHEMBL2000	Plasma kallikrein	SINGLE PROTEIN	Homo sapiens	3888	True
19	24	CHEMBL402	3-hydroxy-3-methylglutaryl-coenzyme A reductase	SINGLE PROTEIN	Homo sapiens	268	True
20	25	CHEMBL2034	Glucocorticoid receptor	SINGLE PROTEIN	Homo sapiens	3151	True
21	27	CHEMBL1872	DNA polymerase catalytic subunit	SINGLE PROTEIN	Herpes simplex virus (type 1 / strain 17)	8	True
22	28	CHEMBL1952	Thymidylate synthase	SINGLE PROTEIN	Homo sapiens	541	True
23	29	CHEMBL1807	Sodium/potassium-transporting ATPase subunit alpha-1	SINGLE PROTEIN	Homo sapiens	6	False
24	30	CHEMBL1935	Aldehyde dehydrogenase, mitochondrial	SINGLE PROTEIN	Homo sapiens	219	False
25	35	CHEMBL1981	Insulin receptor	SINGLE PROTEIN	Homo sapiens	1517	True
26	36	CHEMBL208	Progesterone receptor	SINGLE PROTEIN	Homo sapiens	2059	True
27	37	CHEMBL1826	DNA gyrase subunit B	SINGLE PROTEIN	Escherichia coli	181	False
28	38	CHEMBL1968	Epoxide hydrolase 1	SINGLE PROTEIN	Homo sapiens	313	False
29	40	CHEMBL1839	Thyroid peroxidase	SINGLE PROTEIN	Homo sapiens	37	False
30	41	CHEMBL1970	Alcohol dehydrogenase 1A	SINGLE PROTEIN	Homo sapiens	22	False
31	42	CHEMBL209	Serine protease 1	SINGLE PROTEIN	Homo sapiens	1108	False
32	43	CHEMBL210	Beta-2 adrenergic receptor	SINGLE PROTEIN	Homo sapiens	1960	False
33	45	CHEMBL1956	D-alanine--D-alanine ligase B	SINGLE PROTEIN	Escherichia coli K-12	58	False
34	46	CHEMBL1840	Peptidoglycan D,D-transpeptidase MrdA	SINGLE PROTEIN	Escherichia coli K-12	13	False
35	47	CHEMBL211	Muscarinic acetylcholine receptor M2	SINGLE PROTEIN	Homo sapiens	2170	False
36	48	CHEMBL1994	Mineralocorticoid receptor	SINGLE PROTEIN	Homo sapiens	924	True
37	49	CHEMBL212	Integrin alpha-IIb	SINGLE PROTEIN	Homo sapiens	36	False
38	50	CHEMBL213	Beta-1 adrenergic receptor	SINGLE PROTEIN	Homo sapiens	1422	True
39	51	CHEMBL214	5-hydroxytryptamine receptor 1A	SINGLE PROTEIN	Homo sapiens	5833	True
40	52	CHEMBL1867	Alpha-2A adrenergic receptor	SINGLE PROTEIN	Homo sapiens	1179	False
41	53	CHEMBL1858	DNA gyrase subunit A	SINGLE PROTEIN	Escherichia coli K-12	99	False
42	54	CHEMBL1828	DNA polymerase alpha catalytic subunit	SINGLE PROTEIN	Homo sapiens	47	False
43	55	CHEMBL215	Polyunsaturated fatty acid 5-lipoxygenase	SINGLE PROTEIN	Homo sapiens	2543	False
44	56	CHEMBL1871	Androgen receptor	SINGLE PROTEIN	Homo sapiens	2937	True
45	57	CHEMBL2055	Retinoic acid receptor alpha	SINGLE PROTEIN	Homo sapiens	282	True
46	58	CHEMBL1780	Lanosterol 14-alpha demethylase	SINGLE PROTEIN	Candida albicans (strain SC5314 / ATCC MYA-2876) (Yeast)	61	True
47	59	CHEMBL1860	Thyroid hormone receptor alpha	SINGLE PROTEIN	Homo sapiens	388	False
48	61	CHEMBL216	Muscarinic acetylcholine receptor M1	SINGLE PROTEIN	Homo sapiens	2761	True
49	62	CHEMBL1781	DNA topoisomerase 1	SINGLE PROTEIN	Homo sapiens	851	True
50	63	CHEMBL1806	DNA topoisomerase 2-alpha	SINGLE PROTEIN	Homo sapiens	902	True
51	64	CHEMBL1977	Vitamin D3 receptor	SINGLE PROTEIN	Homo sapiens	464	True
52	65	CHEMBL1978	Aromatase	SINGLE PROTEIN	Homo sapiens	2398	False
53	68	CHEMBL2002	Inosine-5'-monophosphate dehydrogenase 2	SINGLE PROTEIN	Homo sapiens	574	False
54	69	CHEMBL1808	Angiotensin-converting enzyme	SINGLE PROTEIN	Homo sapiens	507	True
55	70	CHEMBL1939	Bifunctional dihydrofolate reductase-thymidylate synthase	SINGLE PROTEIN	Plasmodium falciparum K1	192	False
56	71	CHEMBL1782	Farnesyl pyrophosphate synthase	SINGLE PROTEIN	Homo sapiens	330	True
57	72	CHEMBL217	D(2) dopamine receptor	SINGLE PROTEIN	Homo sapiens	8655	True
58	73	CHEMBL1973	Tyrosinase	SINGLE PROTEIN	Homo sapiens	195	False
59	74	CHEMBL1962	Gamma-aminobutyric acid receptor subunit alpha-1	SINGLE PROTEIN	Homo sapiens	333	False
60	76	CHEMBL1908	Cytochrome P450 11B1, mitochondrial	SINGLE PROTEIN	Homo sapiens	1571	True
61	77	CHEMBL1812	Pancreatic triacylglycerol lipase	SINGLE PROTEIN	Homo sapiens	53	False
62	78	CHEMBL1963	Thyrotropin receptor	SINGLE PROTEIN	Homo sapiens	6054	True
63	79	CHEMBL1787	3-oxo-5-alpha-steroid 4-dehydrogenase 1	SINGLE PROTEIN	Homo sapiens	375	False
64	80	CHEMBL1902	Peptidyl-prolyl cis-trans isomerase FKBP1A	SINGLE PROTEIN	Homo sapiens	563	True
65	84	CHEMBL1822	Inosine-5'-monophosphate dehydrogenase 1	SINGLE PROTEIN	Homo sapiens	118	True
66	86	CHEMBL1951	Amine oxidase [flavin-containing] A	SINGLE PROTEIN	Homo sapiens	1986	False
67	87	CHEMBL218	Cannabinoid receptor 1	SINGLE PROTEIN	Homo sapiens	5846	True
68	88	CHEMBL2056	D(1A) dopamine receptor	SINGLE PROTEIN	Homo sapiens	1594	True
69	90	CHEMBL219	D(4) dopamine receptor	SINGLE PROTEIN	Homo sapiens	2818	True
70	91	CHEMBL2023	Catechol O-methyltransferase	SINGLE PROTEIN	Homo sapiens	196	False
71	93	CHEMBL220	Acetylcholinesterase	SINGLE PROTEIN	Homo sapiens	4829	True
72	95	CHEMBL1854	Lutropin-choriogonadotropic hormone receptor	SINGLE PROTEIN	Homo sapiens	67	False
73	96	CHEMBL221	Prostaglandin G/H synthase 1	SINGLE PROTEIN	Homo sapiens	1398	False
74	97	CHEMBL2075	Peptidyl-prolyl cis-trans isomerase B	SINGLE PROTEIN	Homo sapiens	10	False
75	98	CHEMBL1830	Ribonucleoside-diphosphate reductase large subunit	SINGLE PROTEIN	Homo sapiens	10	False
76	99	CHEMBL2024	Follicle-stimulating hormone receptor	SINGLE PROTEIN	Homo sapiens	89	False
77	100	CHEMBL222	Sodium-dependent noradrenaline transporter	SINGLE PROTEIN	Homo sapiens	3493	True
78	102	CHEMBL1941	Histamine H2 receptor	SINGLE PROTEIN	Homo sapiens	551	True
79	103	CHEMBL223	Alpha-1D adrenergic receptor	SINGLE PROTEIN	Homo sapiens	1256	False
80	104	CHEMBL2039	Amine oxidase [flavin-containing] B	SINGLE PROTEIN	Homo sapiens	3765	True
81	105	CHEMBL1983	5-hydroxytryptamine receptor 1D	SINGLE PROTEIN	Homo sapiens	1285	False
82	106	CHEMBL1898	5-hydroxytryptamine receptor 1B	SINGLE PROTEIN	Homo sapiens	1144	False
83	107	CHEMBL224	5-hydroxytryptamine receptor 2A	SINGLE PROTEIN	Homo sapiens	6133	True
84	108	CHEMBL225	5-hydroxytryptamine receptor 2C	SINGLE PROTEIN	Homo sapiens	3892	True
85	109	CHEMBL1984	UDP-N-acetylglucosamine 1-carboxyvinyltransferase	SINGLE PROTEIN	Escherichia coli K-12	144	False
86	110	CHEMBL1857	Enoyl-[acyl-carrier-protein] reductase [NADH] FabI	SINGLE PROTEIN	Escherichia coli K-12	96	False
87	112	CHEMBL1790	Vasopressin V2 receptor	SINGLE PROTEIN	Homo sapiens	637	True
88	113	CHEMBL1903	Sodium- and chloride-dependent GABA transporter 1	SINGLE PROTEIN	Homo sapiens	70	False
89	114	CHEMBL226	Adenosine receptor A1	SINGLE PROTEIN	Homo sapiens	5244	True
90	115	CHEMBL227	Type-1 angiotensin II receptor	SINGLE PROTEIN	Homo sapiens	942	True
91	116	CHEMBL2049	Oxytocin receptor	SINGLE PROTEIN	Homo sapiens	692	True
92	117	CHEMBL1804	Somatostatin receptor type 2	SINGLE PROTEIN	Homo sapiens	725	False
93	118	CHEMBL1855	Gonadotropin-releasing hormone receptor	SINGLE PROTEIN	Homo sapiens	1300	True
94	120	CHEMBL1856	3-oxo-5-alpha-steroid 4-dehydrogenase 2	SINGLE PROTEIN	Homo sapiens	388	False
95	121	CHEMBL228	Sodium-dependent serotonin transporter	SINGLE PROTEIN	Homo sapiens	5057	True
96	123	CHEMBL1861	4-hydroxyphenylpyruvate dioxygenase	SINGLE PROTEIN	Homo sapiens	113	False
97	124	CHEMBL1800	Corticotropin-releasing factor receptor 1	SINGLE PROTEIN	Homo sapiens	1822	True
98	125	CHEMBL229	Alpha-1A adrenergic receptor	SINGLE PROTEIN	Homo sapiens	2135	True
99	126	CHEMBL230	Prostaglandin G/H synthase 2	SINGLE PROTEIN	Homo sapiens	4318	True
100	127	CHEMBL231	Histamine H1 receptor	SINGLE PROTEIN	Homo sapiens	1770	True
101	128	CHEMBL232	Alpha-1B adrenergic receptor	SINGLE PROTEIN	Homo sapiens	1370	False
102	129	CHEMBL233	Mu-type opioid receptor	SINGLE PROTEIN	Homo sapiens	6835	True
103	130	CHEMBL234	D(3) dopamine receptor	SINGLE PROTEIN	Homo sapiens	5960	True
104	131	CHEMBL1845	Sodium channel protein type 1 subunit alpha	SINGLE PROTEIN	Homo sapiens	468	False
105	132	CHEMBL1791	Amiloride-sensitive sodium channel subunit alpha	SINGLE PROTEIN	Homo sapiens	40	False
106	133	CHEMBL235	Peroxisome proliferator-activated receptor gamma	SINGLE PROTEIN	Homo sapiens	3961	True
107	134	CHEMBL1889	Vasopressin V1a receptor	SINGLE PROTEIN	Homo sapiens	1406	False
108	136	CHEMBL236	Delta-type opioid receptor	SINGLE PROTEIN	Homo sapiens	3847	True
109	137	CHEMBL237	Kappa-type opioid receptor	SINGLE PROTEIN	Homo sapiens	5626	True
110	138	CHEMBL2014	Nociceptin receptor	SINGLE PROTEIN	Homo sapiens	2454	False
111	139	CHEMBL1982	Isoleucine--tRNA ligase	SINGLE PROTEIN	Staphylococcus aureus	17	False
112	140	CHEMBL1987	Prostaglandin F2-alpha receptor	SINGLE PROTEIN	Homo sapiens	344	False
113	142	CHEMBL1881	Prostaglandin E2 receptor EP2 subtype	SINGLE PROTEIN	Homo sapiens	538	True
114	143	CHEMBL1995	Prostacyclin receptor	SINGLE PROTEIN	Homo sapiens	369	True
115	144	CHEMBL1899	5-hydroxytryptamine receptor 3A	SINGLE PROTEIN	Homo sapiens	920	True
116	145	CHEMBL1849	Enoyl-[acyl-carrier-protein] reductase [NADH]	SINGLE PROTEIN	Mycobacterium tuberculosis	393	False
117	146	CHEMBL1985	Glucagon receptor	SINGLE PROTEIN	Homo sapiens	1002	True
118	147	CHEMBL1925	Secretin receptor	SINGLE PROTEIN	Homo sapiens	9	False
119	148	CHEMBL1921	Vasopressin V1b receptor	SINGLE PROTEIN	Homo sapiens	517	False
120	149	CHEMBL1929	Xanthine dehydrogenase/oxidase	SINGLE PROTEIN	Homo sapiens	485	True
121	150	CHEMBL1919	Voltage-dependent calcium channel subunit alpha-2/delta-1	SINGLE PROTEIN	Homo sapiens	562	False
122	153	CHEMBL2044	4-aminobutyrate aminotransferase, mitochondrial	SINGLE PROTEIN	Homo sapiens	23	False
123	154	CHEMBL1965	Adrenocorticotropic hormone receptor	SINGLE PROTEIN	Homo sapiens	23	True
124	155	CHEMBL238	Sodium-dependent dopamine transporter	SINGLE PROTEIN	Homo sapiens	3196	True
125	157	CHEMBL1966	Dihydroorotate dehydrogenase (quinone), mitochondrial	SINGLE PROTEIN	Homo sapiens	1810	True
126	160	CHEMBL1793	Parathyroid hormone/parathyroid hormone-related peptide receptor	SINGLE PROTEIN	Homo sapiens	68	True
127	161	CHEMBL2015	Glutamate receptor ionotropic, NMDA 1	SINGLE PROTEIN	Homo sapiens	88	False
128	162	CHEMBL1893	Synaptic vesicular amine transporter	SINGLE PROTEIN	Homo sapiens	194	False
129	163	CHEMBL239	Peroxisome proliferator-activated receptor alpha	SINGLE PROTEIN	Homo sapiens	2486	True
130	164	CHEMBL2071	ATP-binding cassette sub-family C member 8	SINGLE PROTEIN	Homo sapiens	5	False
131	165	CHEMBL240	Voltage-gated inwardly rectifying potassium channel KCNH2	SINGLE PROTEIN	Homo sapiens	9199	True
132	166	CHEMBL1972	Glutamate receptor ionotropic, NMDA 2A	SINGLE PROTEIN	Homo sapiens	29	False
133	168	CHEMBL1875	5-hydroxytryptamine receptor 4	SINGLE PROTEIN	Homo sapiens	721	True
134	169	CHEMBL1940	Voltage-dependent L-type calcium channel subunit alpha-1C	SINGLE PROTEIN	Homo sapiens	186	False
135	170	CHEMBL241	cGMP-inhibited 3',5'-cyclic phosphodiesterase 3A	SINGLE PROTEIN	Homo sapiens	679	False
136	172	CHEMBL1927	Thioredoxin reductase 1, cytoplasmic	SINGLE PROTEIN	Homo sapiens	67	True
137	174	CHEMBL242	Estrogen receptor beta	SINGLE PROTEIN	Homo sapiens	2083	True
138	175	CHEMBL1997	Equilibrative nucleoside transporter 1	SINGLE PROTEIN	Homo sapiens	232	False
139	176	CHEMBL2001	P2Y purinoceptor 12	SINGLE PROTEIN	Homo sapiens	1103	True
140	178	CHEMBL2057	Dihydrofolate reductase	SINGLE PROTEIN	Pneumocystis jirovecii	20	False
141	179	CHEMBL1798	Cysteinyl leukotriene receptor 1	SINGLE PROTEIN	Homo sapiens	237	False
142	180	CHEMBL1949	Peptidyl-prolyl cis-trans isomerase A	SINGLE PROTEIN	Homo sapiens	141	True
143	184	CHEMBL1892	Glutamate carboxypeptidase 2	SINGLE PROTEIN	Homo sapiens	375	False
144	185	CHEMBL1825	Tumor necrosis factor	SINGLE PROTEIN	Homo sapiens	1779	True
145	186	CHEMBL2036	Tetanus toxin	SINGLE PROTEIN	Clostridium tetani (strain Massachusetts / E88)	13	False
146	187	CHEMBL1783	Vascular endothelial growth factor A, long form	SINGLE PROTEIN	Homo sapiens	176	True
147	188	CHEMBL1824	Receptor tyrosine-protein kinase erbB-2	SINGLE PROTEIN	Homo sapiens	2964	True
148	190	CHEMBL1803	Integrin alpha-L	SINGLE PROTEIN	Homo sapiens	82	False
149	191	CHEMBL243	Human immunodeficiency virus type 1 protease	SINGLE PROTEIN	Human immunodeficiency virus 1	4454	True
150	193	CHEMBL2016	Coagulation factor IX	SINGLE PROTEIN	Homo sapiens	931	False
151	194	CHEMBL244	Coagulation factor X	SINGLE PROTEIN	Homo sapiens	5238	True
152	195	CHEMBL2059	Lymphotoxin-alpha	SINGLE PROTEIN	Homo sapiens	7	False
153	197	CHEMBL1913	Platelet-derived growth factor receptor beta	SINGLE PROTEIN	Homo sapiens	2427	True
154	201	CHEMBL1817	Erythropoietin receptor	SINGLE PROTEIN	Homo sapiens	13	True
155	208	CHEMBL3000	Chymotrypsin-like elastase family member 1	SINGLE PROTEIN	Homo sapiens	16	False
156	213	CHEMBL1820	Thymidine kinase	SINGLE PROTEIN	Human herpesvirus 1 (strain SC16) (HHV-1) (Human herpes simplex virus1)	95	False
157	214	CHEMBL1821	Muscarinic acetylcholine receptor M4	SINGLE PROTEIN	Homo sapiens	1902	False
158	215	CHEMBL2035	Muscarinic acetylcholine receptor M5	SINGLE PROTEIN	Homo sapiens	948	False
159	216	CHEMBL1942	Alpha-2B adrenergic receptor	SINGLE PROTEIN	Homo sapiens	739	False
160	218	CHEMBL1916	Alpha-2C adrenergic receptor	SINGLE PROTEIN	Homo sapiens	870	False
161	219	CHEMBL245	Muscarinic acetylcholine receptor M3	SINGLE PROTEIN	Homo sapiens	2420	True
162	220	CHEMBL1850	D(1B) dopamine receptor	SINGLE PROTEIN	Homo sapiens	374	True
163	222	CHEMBL1904	Glutamate receptor ionotropic, NMDA 2B	SINGLE PROTEIN	Homo sapiens	1904	False
164	224	CHEMBL1930	Vitamin K epoxide reductase complex subunit 1	SINGLE PROTEIN	Homo sapiens	15	False
165	226	CHEMBL246	Beta-3 adrenergic receptor	SINGLE PROTEIN	Homo sapiens	1513	True
166	227	CHEMBL1833	5-hydroxytryptamine receptor 2B	SINGLE PROTEIN	Homo sapiens	2332	False
167	228	CHEMBL247	Human immunodeficiency virus type 1 reverse transcriptase	SINGLE PROTEIN	Human immunodeficiency virus 1	5403	True
168	232	CHEMBL2060	Lipoprotein lipase	SINGLE PROTEIN	Homo sapiens	10	False
169	234	CHEMBL1957	Insulin-like growth factor 1 receptor	SINGLE PROTEIN	Homo sapiens	3056	True
170	235	CHEMBL248	Neutrophil elastase	SINGLE PROTEIN	Homo sapiens	2441	False
171	236	CHEMBL1944	Neprilysin	SINGLE PROTEIN	Homo sapiens	881	False
172	237	CHEMBL4618	Leukotriene A-4 hydrolase	SINGLE PROTEIN	Homo sapiens	970	False
173	238	CHEMBL1936	Mast/stem cell growth factor receptor Kit	SINGLE PROTEIN	Homo sapiens	4167	True
174	240	CHEMBL2003	Retinoic acid receptor gamma	SINGLE PROTEIN	Homo sapiens	310	False
175	241	CHEMBL1958	3 beta-hydroxysteroid dehydrogenase/Delta 5-->4-isomerase type 1	SINGLE PROTEIN	Homo sapiens	14	False
176	242	CHEMBL1900	Aldo-keto reductase family 1 member B1	SINGLE PROTEIN	Homo sapiens	744	False
177	243	CHEMBL1907	Aminopeptidase N	SINGLE PROTEIN	Homo sapiens	266	False
178	244	CHEMBL1988	Atrial natriuretic peptide receptor 1	SINGLE PROTEIN	Homo sapiens	53	True
179	245	CHEMBL1989	Dipeptidase 1	SINGLE PROTEIN	Homo sapiens	14	True
180	246	CHEMBL2069	Thromboxane A2 receptor	SINGLE PROTEIN	Homo sapiens	996	False
181	247	CHEMBL1785	Endothelin receptor type B	SINGLE PROTEIN	Homo sapiens	869	True
182	248	CHEMBL1835	Thromboxane-A synthase	SINGLE PROTEIN	Homo sapiens	864	False
183	249	CHEMBL252	Endothelin-1 receptor	SINGLE PROTEIN	Homo sapiens	1432	True
184	250	CHEMBL249	Substance-P receptor	SINGLE PROTEIN	Homo sapiens	2266	False
185	251	CHEMBL250	Platelet-activating factor receptor	SINGLE PROTEIN	Homo sapiens	385	False
186	252	CHEMBL251	Adenosine receptor A2a	SINGLE PROTEIN	Homo sapiens	6853	True
187	255	CHEMBL3224	C-8 sterol isomerase ERG2	SINGLE PROTEIN	Saccharomyces cerevisiae S288c	36	False
188	259	CHEMBL253	Cannabinoid receptor 2	SINGLE PROTEIN	Homo sapiens	7579	True
189	260	CHEMBL1810	Thyrotropin-releasing hormone receptor	SINGLE PROTEIN	Homo sapiens	8	False
190	261	CHEMBL1811	Prostaglandin E2 receptor EP1 subtype	SINGLE PROTEIN	Homo sapiens	762	True
191	262	CHEMBL1836	Prostaglandin E2 receptor EP4 subtype	SINGLE PROTEIN	Homo sapiens	1060	False
192	264	CHEMBL1837	Trypanothione reductase	SINGLE PROTEIN	Trypanosoma brucei brucei	94	False
193	265	CHEMBL1864	Thrombopoietin receptor	SINGLE PROTEIN	Homo sapiens	268	False
194	266	CHEMBL2004	Retinoic acid receptor RXR-gamma	SINGLE PROTEIN	Homo sapiens	222	False
195	270	CHEMBL2008	Retinoic acid receptor beta	SINGLE PROTEIN	Homo sapiens	317	True
196	271	CHEMBL1947	Thyroid hormone receptor beta	SINGLE PROTEIN	Homo sapiens	2607	False
197	272	CHEMBL1869	Ornithine decarboxylase	SINGLE PROTEIN	Homo sapiens	21	False
198	275	CHEMBL2061	Retinoic acid receptor RXR-alpha	SINGLE PROTEIN	Homo sapiens	1280	False
199	276	CHEMBL254	3',5'-cyclic-AMP phosphodiesterase 4A	SINGLE PROTEIN	Homo sapiens	835	False
200	277	CHEMBL1870	Retinoic acid receptor RXR-beta	SINGLE PROTEIN	Homo sapiens	273	False
201	278	CHEMBL255	Adenosine receptor A2b	SINGLE PROTEIN	Homo sapiens	3419	True
202	279	CHEMBL1805	5-hydroxytryptamine receptor 1F	SINGLE PROTEIN	Homo sapiens	142	False
203	280	CHEMBL256	Adenosine receptor A3	SINGLE PROTEIN	Homo sapiens	4857	True
204	282	CHEMBL1878	Extracellular calcium-sensing receptor	SINGLE PROTEIN	Homo sapiens	560	True
205	285	CHEMBL1886	ATP-sensitive inward rectifier potassium channel 11	SINGLE PROTEIN	Homo sapiens	94	False
206	286	CHEMBL2063	Ceramide glucosyltransferase	SINGLE PROTEIN	Homo sapiens	250	True
207	311	CHEMBL1923	Histidine-rich protein PFHRP-II	SINGLE PROTEIN	Plasmodium falciparum	62	False
208	317	CHEMBL1895	DNA topoisomerase 4 subunit A	SINGLE PROTEIN	Escherichia coli K-12	30	False
209	321	CHEMBL1993	DNA (cytosine-5)-methyltransferase 1	SINGLE PROTEIN	Homo sapiens	396	True
210	322	CHEMBL1992	DNA (cytosine-5)-methyltransferase 3A	SINGLE PROTEIN	Homo sapiens	96	True
211	326	CHEMBL2006	DNA-directed RNA polymerase subunit beta	SINGLE PROTEIN	Mycobacterium tuberculosis	9	False
212	329	CHEMBL2027	NPC1-like intracellular cholesterol transporter 1	SINGLE PROTEIN	Homo sapiens	106	False
213	10001	CHEMBL4712	Sphingomyelin phosphodiesterase 2	SINGLE PROTEIN	Homo sapiens	6	False
214	10003	CHEMBL2581	Cathepsin D	SINGLE PROTEIN	Homo sapiens	1542	False
215	10004	CHEMBL4713	Carboxypeptidase N catalytic chain	SINGLE PROTEIN	Homo sapiens	15	False
216	10007	CHEMBL2582	Cyclin-A2	SINGLE PROTEIN	Homo sapiens	7	False
217	10008	CHEMBL4329	Kappa-type opioid receptor	SINGLE PROTEIN	Mus musculus	350	False
218	10009	CHEMBL5113	Orexin/Hypocretin receptor type 1	SINGLE PROTEIN	Homo sapiens	6773	True
219	10010	CHEMBL2135	P2X purinoceptor 2	SINGLE PROTEIN	Rattus norvegicus	68	False
220	10011	CHEMBL5135	Potassium voltage-gated channel subfamily KQT member 1	SINGLE PROTEIN	Cavia porcellus	37	False
221	10012	CHEMBL4714	P2Y purinoceptor 6	SINGLE PROTEIN	Homo sapiens	250	False
222	10013	CHEMBL4715	Phospholipase A2, major isoenzyme	SINGLE PROTEIN	Sus scrofa	34	False
223	10014	CHEMBL5136	Platelet-activating factor receptor	SINGLE PROTEIN	Cavia porcellus	859	False
224	10015	CHEMBL4330	Cysteinyl leukotriene receptor 2	SINGLE PROTEIN	Homo sapiens	76	False
225	10016	CHEMBL4716	3',5'-cyclic-AMP phosphodiesterase 7B	SINGLE PROTEIN	Homo sapiens	389	False
226	10019	CHEMBL2136	Gastricsin	SINGLE PROTEIN	Homo sapiens	21	False
227	10021	CHEMBL2583	5-hydroxytryptamine receptor 2B	SINGLE PROTEIN	Mus musculus	16	False
228	10022	CHEMBL4764	5-hydroxytryptamine receptor 7	SINGLE PROTEIN	Mus musculus	6	False
229	10023	CHEMBL2584	Neuronal acetylcholine receptor subunit alpha-2	SINGLE PROTEIN	Rattus norvegicus	12	False
230	10024	CHEMBL2585	Neuronal acetylcholine receptor subunit alpha-9	SINGLE PROTEIN	Rattus norvegicus	9	False
231	10026	CHEMBL257	Type-2 angiotensin II receptor	SINGLE PROTEIN	Rattus norvegicus	520	True
232	10027	CHEMBL2026	Beta-lactamase	SINGLE PROTEIN	Escherichia coli K-12	31974	True
233	10028	CHEMBL4977	Transcription factor Jun	SINGLE PROTEIN	Homo sapiens	127	False
234	10029	CHEMBL4549	Apolipoprotein B-100	SINGLE PROTEIN	Homo sapiens	42	False
235	10031	CHEMBL3373	Beta-2 adrenergic receptor	SINGLE PROTEIN	Bos taurus	49	False
236	10032	CHEMBL3817	Bcl2-associated agonist of cell death	SINGLE PROTEIN	Homo sapiens	108	False
237	10033	CHEMBL4114	Beta-lactamase	SINGLE PROTEIN	Staphylococcus aureus	33	False
238	10034	CHEMBL3157	B2 bradykinin receptor	SINGLE PROTEIN	Homo sapiens	462	False
239	10040	CHEMBL2157	Interleukin-8	SINGLE PROTEIN	Homo sapiens	60	False
240	10041	CHEMBL2467	Thyrotropin-releasing hormone receptor	SINGLE PROTEIN	Mus musculus	33	False
241	10044	CHEMBL3629	Casein kinase II subunit alpha	SINGLE PROTEIN	Homo sapiens	1130	False
242	10045	CHEMBL3160	Thymidylate synthase	SINGLE PROTEIN	Mus musculus	398	False
243	10050	CHEMBL2160	Nucleoside diphosphate kinase B	SINGLE PROTEIN	Homo sapiens	13	False
244	10051	CHEMBL2468	Death-associated protein kinase 3	SINGLE PROTEIN	Homo sapiens	698	False
245	10052	CHEMBL3460	HLA class II histocompatibility antigen, DR beta 3 chain	SINGLE PROTEIN	Homo sapiens	17	False
246	10056	CHEMBL3142	DNA-dependent protein kinase catalytic subunit	SINGLE PROTEIN	Homo sapiens	1588	False
247	10057	CHEMBL2470	Cannabinoid receptor 2	SINGLE PROTEIN	Rattus norvegicus	443	False
248	10058	CHEMBL3719	Melanocortin receptor 4	SINGLE PROTEIN	Mus musculus	281	False
249	10059	CHEMBL3313	Vesicular acetylcholine transporter	SINGLE PROTEIN	Torpedo californica	89	False
250	10062	CHEMBL3423	Methionine aminopeptidase	SINGLE PROTEIN	Escherichia coli K-12	198	False
251	10068	CHEMBL2442	Kallikrein-2	SINGLE PROTEIN	Homo sapiens	7	False
252	10069	CHEMBL2443	Kallikrein-7	SINGLE PROTEIN	Homo sapiens	224	False
253	10074	CHEMBL4068	Chymase	SINGLE PROTEIN	Homo sapiens	559	True
254	10075	CHEMBL2626	Dipeptidase 1	SINGLE PROTEIN	Sus scrofa	137	True
255	10081	CHEMBL3314	Chymotrypsinogen A	SINGLE PROTEIN	Bos taurus	154	False
256	10083	CHEMBL2164	Serine/threonine-protein phosphatase PP1-alpha catalytic subunit	SINGLE PROTEIN	Homo sapiens	63	False
257	10086	CHEMBL2574	D(4) dopamine receptor	SINGLE PROTEIN	Mus musculus	16	False
258	10087	CHEMBL2447	Deoxycytidine kinase	SINGLE PROTEIN	Homo sapiens	103	False
259	10089	CHEMBL4647	Peptide deformylase, mitochondrial	SINGLE PROTEIN	Homo sapiens	80	False
260	10093	CHEMBL2167	GTPase HRas	SINGLE PROTEIN	Homo sapiens	44	False
261	10094	CHEMBL2329	Dihydrofolate reductase	SINGLE PROTEIN	Candida albicans	154	False
262	10095	CHEMBL2575	Dihydrofolate reductase	SINGLE PROTEIN	Gallus gallus	133	False
263	10096	CHEMBL2576	Dihydrofolate reductase	SINGLE PROTEIN	Saccharomyces cerevisiae S288c	48	False
264	10100	CHEMBL2940	Low affinity immunoglobulin epsilon Fc receptor	SINGLE PROTEIN	Homo sapiens	61	False
265	10101	CHEMBL2120	Fibroblast growth factor 1	SINGLE PROTEIN	Homo sapiens	11	True
266	10102	CHEMBL4550	Arachidonate 5-lipoxygenase-activating protein	SINGLE PROTEIN	Homo sapiens	2148	False
267	10103	CHEMBL2121	Folate receptor alpha	SINGLE PROTEIN	Homo sapiens	59	False
268	10105	CHEMBL4137	Glyceraldehyde-3-phosphate dehydrogenase, cytosolic	SINGLE PROTEIN	Leishmania mexicana	17	False
269	10108	CHEMBL4769	Geranylgeranyl pyrophosphate synthase	SINGLE PROTEIN	Homo sapiens	198	False
270	10109	CHEMBL2578	Scytalone dehydratase	SINGLE PROTEIN	Magnaporthe oryzae (strain 70-15 / FGSC 8958) (Rice blast fungus)(Pyricularia oryzae)	65	False
271	10113	CHEMBL2978	Somatostatin receptor type 2	SINGLE PROTEIN	Rattus norvegicus	92	False
272	10116	CHEMBL2882	Histamine H2 receptor	SINGLE PROTEIN	Cavia porcellus	224	False
273	10118	CHEMBL4832	Transcription initiation factor IIA subunit 1	SINGLE PROTEIN	Homo sapiens	19	False
274	10119	CHEMBL4609	Protein Tat	SINGLE PROTEIN	Human immunodeficiency virus type 1 group M subtype B (isolate PCV12)(HIV-1)	28	False
275	10120	CHEMBL3961	Mitogen-activated protein kinase 11	SINGLE PROTEIN	Homo sapiens	762	True
276	10121	CHEMBL4551	Trypsin-3	SINGLE PROTEIN	Homo sapiens	8	False
277	10122	CHEMBL2076	Cellular retinol-binding protein	SINGLE PROTEIN	Homo sapiens	7	False
278	10123	CHEMBL4833	Reduced folate transporter	SINGLE PROTEIN	Homo sapiens	28	False
279	10125	CHEMBL2883	Thymidine kinase, cytosolic	SINGLE PROTEIN	Homo sapiens	52	False
280	10131	CHEMBL2334	Caspase-3	SINGLE PROTEIN	Homo sapiens	1270	False
281	10133	CHEMBL3429	Steroid hormone receptor ERR1	SINGLE PROTEIN	Homo sapiens	215	False
282	10138	CHEMBL3514	Platelet-activating factor acetylhydrolase	SINGLE PROTEIN	Homo sapiens	444	False
283	10139	CHEMBL2885	Carbonic anhydrase 3	SINGLE PROTEIN	Homo sapiens	160	False
284	10140	CHEMBL258	Tyrosine-protein kinase Lck	SINGLE PROTEIN	Homo sapiens	2832	True
285	10141	CHEMBL4835	L-lactate dehydrogenase A chain	SINGLE PROTEIN	Homo sapiens	452	False
286	10142	CHEMBL259	Melanocortin receptor 4	SINGLE PROTEIN	Homo sapiens	2193	True
287	10143	CHEMBL4877	Neuropeptide Y receptor type 4	SINGLE PROTEIN	Homo sapiens	46	False
288	10144	CHEMBL3898	Bone morphogenetic protein 1	SINGLE PROTEIN	Homo sapiens	754	False
289	10147	CHEMBL4878	Cytochrome P450 1B1	SINGLE PROTEIN	Homo sapiens	637	False
290	10148	CHEMBL4879	Fatty acid-binding protein, intestinal	SINGLE PROTEIN	Homo sapiens	5	False
291	10149	CHEMBL3855	UDP-3-O-acyl-N-acetylglucosamine deacetylase	SINGLE PROTEIN	Pseudomonas aeruginosa (strain ATCC 15692 / PAO1 / 1C / PRS 101 / LMG12228)	460	False
292	10150	CHEMBL2360	Hypoxanthine-guanine phosphoribosyltransferase	SINGLE PROTEIN	Homo sapiens	121	False
293	10152	CHEMBL2886	Phosphoglycerate kinase 1	SINGLE PROTEIN	Homo sapiens	90	False
294	10154	CHEMBL4880	Triosephosphate isomerase	SINGLE PROTEIN	Homo sapiens	9	False
295	10160	CHEMBL4116	Alcohol dehydrogenase class-3	SINGLE PROTEIN	Homo sapiens	60	False
296	10161	CHEMBL4881	Aldehyde dehydrogenase X, mitochondrial	SINGLE PROTEIN	Homo sapiens	11	False
297	10163	CHEMBL3721	Cytochrome P450 2C8	SINGLE PROTEIN	Homo sapiens	354	False
298	10167	CHEMBL2888	Metabotropic glutamate receptor 3	SINGLE PROTEIN	Homo sapiens	150	False
299	10168	CHEMBL4589	Glutathione S-transferase Mu 2	SINGLE PROTEIN	Homo sapiens	65	False
300	10170	CHEMBL3959	Ribosyldihydronicotinamide dehydrogenase [quinone]	SINGLE PROTEIN	Homo sapiens	307	False
301	10177	CHEMBL3421	Dual specificity calcium/calmodulin-dependent 3',5'-cyclic nucleotide phosphodiesterase 1A	SINGLE PROTEIN	Homo sapiens	553	False
302	10178	CHEMBL2985	Potassium voltage-gated channel subfamily KQT member 2	SINGLE PROTEIN	Mus musculus	16	False
303	10179	CHEMBL4883	Urokinase plasminogen activator surface receptor	SINGLE PROTEIN	Homo sapiens	37	False
304	10183	CHEMBL1853	Somatostatin receptor type 4	SINGLE PROTEIN	Homo sapiens	788	False
305	10184	CHEMBL2327	Substance-K receptor	SINGLE PROTEIN	Homo sapiens	843	False
306	10185	CHEMBL3589	Adenosine kinase	SINGLE PROTEIN	Homo sapiens	425	False
307	10186	CHEMBL3025	Carbonic anhydrase 6	SINGLE PROTEIN	Homo sapiens	361	False
308	10187	CHEMBL4884	Caspase-2	SINGLE PROTEIN	Homo sapiens	45	False
309	10188	CHEMBL260	Mitogen-activated protein kinase 14	SINGLE PROTEIN	Homo sapiens	5487	True
310	10189	CHEMBL2083	Fatty acid-binding protein, adipocyte	SINGLE PROTEIN	Homo sapiens	580	False
311	10190	CHEMBL4894	Galanin receptor type 1	SINGLE PROTEIN	Homo sapiens	84	False
312	10192	CHEMBL2084	Asialoglycoprotein receptor 1	SINGLE PROTEIN	Homo sapiens	13	False
313	10193	CHEMBL261	Carbonic anhydrase 1	SINGLE PROTEIN	Homo sapiens	6408	True
314	10194	CHEMBL4939	Carboxypeptidase A2	SINGLE PROTEIN	Homo sapiens	10	False
315	10195	CHEMBL2692	Cellular retinoic acid-binding protein 2	SINGLE PROTEIN	Homo sapiens	5	False
316	10197	CHEMBL262	Glycogen synthase kinase-3 beta	SINGLE PROTEIN	Homo sapiens	5823	True
317	10198	CHEMBL4306	Potassium voltage-gated channel subfamily A member 5	SINGLE PROTEIN	Homo sapiens	778	False
318	10199	CHEMBL4940	L-lactate dehydrogenase B chain	SINGLE PROTEIN	Homo sapiens	155	False
319	10200	CHEMBL2085	Macrophage migration inhibitory factor	SINGLE PROTEIN	Homo sapiens	309	True
320	10201	CHEMBL4941	S-methyl-5'-thioadenosine phosphorylase	SINGLE PROTEIN	Homo sapiens	70	False
321	10206	CHEMBL2392	DNA polymerase beta	SINGLE PROTEIN	Homo sapiens	5325	True
322	10207	CHEMBL2918	cAMP-dependent protein kinase catalytic subunit beta	SINGLE PROTEIN	Homo sapiens	174	False
323	10209	CHEMBL3155	5-hydroxytryptamine receptor 7	SINGLE PROTEIN	Homo sapiens	3100	True
324	10216	CHEMBL3438	Protein kinase C zeta type	SINGLE PROTEIN	Homo sapiens	552	False
325	10222	CHEMBL3782	Xaa-Pro aminopeptidase 1	SINGLE PROTEIN	Homo sapiens	18	False
326	10223	CHEMBL4039	Choline O-acetyltransferase	SINGLE PROTEIN	Homo sapiens	21	False
327	10226	CHEMBL4707	Matrix metalloproteinase-26	SINGLE PROTEIN	Homo sapiens	13	False
328	10227	CHEMBL2064	Gamma-aminobutyric acid type B receptor subunit 1	SINGLE PROTEIN	Homo sapiens	8	False
329	10230	CHEMBL2452	Aminopeptidase B	SINGLE PROTEIN	Rattus norvegicus	14	False
330	10234	CHEMBL2170	cyclic AMP phosphoprotein	SINGLE PROTEIN	Rattus norvegicus	8	False
331	10235	CHEMBL2171	Dual specificity mitogen-activated protein kinase kinase 6	SINGLE PROTEIN	Homo sapiens	394	False
332	10244	CHEMBL3776	Caspase-8	SINGLE PROTEIN	Homo sapiens	324	False
333	10245	CHEMBL2361	Thymidylate kinase	SINGLE PROTEIN	Mycobacterium tuberculosis	105	False
334	10250	CHEMBL2428	Myosin light chain kinase, smooth muscle	SINGLE PROTEIN	Homo sapiens	506	False
335	10254	CHEMBL2429	Spermidine synthase	SINGLE PROTEIN	Rattus norvegicus	8	False
336	10257	CHEMBL2430	Peptidyl-prolyl cis-trans isomerase FKBP1B	SINGLE PROTEIN	Homo sapiens	33	False
337	10258	CHEMBL3807	Tyrosine-protein phosphatase non-receptor type 2	SINGLE PROTEIN	Homo sapiens	473	False
338	10260	CHEMBL4794	Transient receptor potential cation channel subfamily V member 1	SINGLE PROTEIN	Homo sapiens	3448	True
339	10262	CHEMBL2426	Casein kinase I isoform gamma-1	SINGLE PROTEIN	Homo sapiens	572	False
340	10264	CHEMBL4142	Fibroblast growth factor receptor 2	SINGLE PROTEIN	Homo sapiens	2885	True
341	10266	CHEMBL3650	Fibroblast growth factor receptor 1	SINGLE PROTEIN	Homo sapiens	4866	True
342	10268	CHEMBL4745	Ryanodine receptor 2	SINGLE PROTEIN	Mus musculus	25	False
343	10273	CHEMBL263	Type-1 angiotensin II receptor B	SINGLE PROTEIN	Rattus norvegicus	415	True
344	10274	CHEMBL3066	Gonadotropin-releasing hormone receptor	SINGLE PROTEIN	Rattus norvegicus	579	False
345	10275	CHEMBL4824	P2X purinoceptor 3	SINGLE PROTEIN	Rattus norvegicus	295	False
346	10276	CHEMBL3847	5'-AMP-activated protein kinase subunit beta-1	SINGLE PROTEIN	Homo sapiens	28	False
347	10277	CHEMBL4708	Serine/threonine-protein kinase 3	SINGLE PROTEIN	Homo sapiens	988	False
348	10278	CHEMBL2424	Lactoylglutathione lyase	SINGLE PROTEIN	Homo sapiens	132	False
349	10279	CHEMBL2131	Indolethylamine N-methyltransferase	SINGLE PROTEIN	Homo sapiens	24	False
350	10280	CHEMBL264	Histamine H3 receptor	SINGLE PROTEIN	Homo sapiens	4138	True
351	10287	CHEMBL3287	Interleukin-2 receptor subunit alpha	SINGLE PROTEIN	Mus musculus	11	False
352	10288	CHEMBL4711	Atrial natriuretic peptide receptor 3	SINGLE PROTEIN	Mus musculus	6	False
353	10292	CHEMBL2149	Translocator protein	SINGLE PROTEIN	Mus musculus	73	False
354	10294	CHEMBL5373	Cannabinoid receptor 2	SINGLE PROTEIN	Mus musculus	490	False
355	10297	CHEMBL2480	Proto-oncogene tyrosine-protein kinase LCK	SINGLE PROTEIN	Mus musculus	114	False
356	10298	CHEMBL3465	Sigma non-opioid intracellular receptor 1	SINGLE PROTEIN	Mus musculus	150	False
357	10300	CHEMBL3266	Retinoic acid receptor beta	SINGLE PROTEIN	Mus musculus	32	False
358	10303	CHEMBL3708	Presenilin-2	SINGLE PROTEIN	Homo sapiens	7	False
359	10304	CHEMBL265	D(1A) dopamine receptor	SINGLE PROTEIN	Rattus norvegicus	628	False
360	10307	CHEMBL2483	Cytochrome P450 2D26	SINGLE PROTEIN	Rattus norvegicus	5	False
361	10308	CHEMBL3709	Growth hormone-releasing hormone receptor	SINGLE PROTEIN	Rattus norvegicus	17	False
362	10309	CHEMBL4828	Synaptic vesicular amine transporter	SINGLE PROTEIN	Rattus norvegicus	254	False
363	10310	CHEMBL4759	Glucose-6-phosphatase catalytic subunit 1	SINGLE PROTEIN	Rattus norvegicus	5	False
364	10311	CHEMBL2095	Peptidyl-prolyl cis-trans isomerase FKBP1A	SINGLE PROTEIN	Rattus norvegicus	17	False
365	10315	CHEMBL3222	Delta-type opioid receptor	SINGLE PROTEIN	Mus musculus	997	False
366	10320	CHEMBL2474	Methionine aminopeptidase 1	SINGLE PROTEIN	Homo sapiens	132	False
367	10323	CHEMBL3419	Carboxypeptidase B2	SINGLE PROTEIN	Homo sapiens	298	False
368	10324	CHEMBL2389	Adenosylhomocysteinase	SINGLE PROTEIN	Mus musculus	6	False
369	10328	CHEMBL2391	11-beta-hydroxysteroid dehydrogenase 1	SINGLE PROTEIN	Rattus norvegicus	123	True
370	10329	CHEMBL3710	Prostaglandin E2 receptor EP3 subtype	SINGLE PROTEIN	Homo sapiens	807	False
371	10330	CHEMBL3351	Acetyl-CoA carboxylase 1	SINGLE PROTEIN	Homo sapiens	521	False
372	10331	CHEMBL2335	Lysosomal Pro-X carboxypeptidase	SINGLE PROTEIN	Homo sapiens	345	False
373	10332	CHEMBL3775	M-phase inducer phosphatase 1	SINGLE PROTEIN	Homo sapiens	197	False
374	10338	CHEMBL2105	Peroxisomal N(1)-acetyl-spermine/spermidine oxidase	SINGLE PROTEIN	Homo sapiens	11	False
375	10341	CHEMBL2393	5'-AMP-activated protein kinase subunit gamma-1	SINGLE PROTEIN	Homo sapiens	25	False
376	10342	CHEMBL2096	MHC class II	SINGLE PROTEIN	Rattus norvegicus	20	False
377	10346	CHEMBL2110	Cytidine deaminase	SINGLE PROTEIN	Mus musculus	14	False
378	10347	CHEMBL2733	Somatostatin receptor type 5	SINGLE PROTEIN	Mus musculus	88	False
379	10348	CHEMBL2395	Purine nucleoside phosphorylase	SINGLE PROTEIN	Rattus norvegicus	23	False
380	10351	CHEMBL4944	Collagenase 3	SINGLE PROTEIN	Rattus norvegicus	13	False
381	10353	CHEMBL2097	Putative inactive group IIC secretory phospholipase A2	SINGLE PROTEIN	Homo sapiens	8	False
382	10354	CHEMBL4945	Cellular retinoic acid-binding protein 1	SINGLE PROTEIN	Gallus gallus	13	False
383	10355	CHEMBL4466	Melatonin receptor type 1B	SINGLE PROTEIN	Gallus gallus	15	False
384	10356	CHEMBL3994	Enoyl-[acyl-carrier-protein] reductase [NADPH] FabI	SINGLE PROTEIN	Staphylococcus aureus	346	False
385	10358	CHEMBL2363	Dihydrofolate reductase	SINGLE PROTEIN	Rattus norvegicus	646	False
386	10360	CHEMBL4468	Histamine H4 receptor	SINGLE PROTEIN	Rattus norvegicus	136	False
387	10362	CHEMBL3398	Sodium-dependent phosphate transport protein 1	SINGLE PROTEIN	Rattus norvegicus	7	False
388	10363	CHEMBL2098	RISC-loading complex subunit TARBP2	SINGLE PROTEIN	Homo sapiens	10	False
389	10364	CHEMBL266	Alpha-2B adrenergic receptor	SINGLE PROTEIN	Rattus norvegicus	68	True
390	10368	CHEMBL2828	Casein kinase I isoform delta	SINGLE PROTEIN	Homo sapiens	2150	False
391	10371	CHEMBL4948	Dual specificity mitogen-activated protein kinase kinase 5	SINGLE PROTEIN	Homo sapiens	286	False
392	10372	CHEMBL3409	Glutathione S-transferase A1	SINGLE PROTEIN	Homo sapiens	30	False
393	10373	CHEMBL2099	Prostate-specific antigen	SINGLE PROTEIN	Homo sapiens	30	False
394	10378	CHEMBL4072	Cathepsin B	SINGLE PROTEIN	Homo sapiens	1131	False
395	10394	CHEMBL4469	Small conductance calcium-activated potassium channel protein 2	SINGLE PROTEIN	Homo sapiens	17	False
396	10396	CHEMBL4121	Calcium/calmodulin-dependent protein kinase type II subunit beta	SINGLE PROTEIN	Homo sapiens	538	False
397	10397	CHEMBL2476	Potassium voltage-gated channel subfamily KQT member 2	SINGLE PROTEIN	Homo sapiens	96	False
398	10401	CHEMBL4470	Signal peptidase I	SINGLE PROTEIN	Escherichia coli K-12	23	False
399	10402	CHEMBL2501	B2 bradykinin receptor	SINGLE PROTEIN	Rattus norvegicus	19	False
400	10403	CHEMBL4471	Prothrombin	SINGLE PROTEIN	Bos taurus	521	False
401	10407	CHEMBL4472	Trypsin II	SINGLE PROTEIN	Bos taurus	109	False
402	10410	CHEMBL2104	P2X purinoceptor 4	SINGLE PROTEIN	Homo sapiens	213	False
403	10417	CHEMBL4805	P2X purinoceptor 7	SINGLE PROTEIN	Homo sapiens	5261	True
404	10420	CHEMBL2845	Protein phosphatase 1B	SINGLE PROTEIN	Homo sapiens	11	False
405	10424	CHEMBL2505	Serine/threonine-protein phosphatase 2A activator	SINGLE PROTEIN	Homo sapiens	6	False
406	10426	CHEMBL3875	Thyrotropin-releasing hormone receptor 2	SINGLE PROTEIN	Rattus norvegicus	13	False
407	10427	CHEMBL2506	Phosphatidylinositol 3-kinase regulatory subunit alpha	SINGLE PROTEIN	Homo sapiens	168	False
408	10429	CHEMBL3595	Glutamate receptor 3	SINGLE PROTEIN	Homo sapiens	20	False
409	10434	CHEMBL267	Proto-oncogene tyrosine-protein kinase Src	SINGLE PROTEIN	Homo sapiens	4293	True
410	10436	CHEMBL4779	Papain	SINGLE PROTEIN	Carica papaya	190	False
411	10437	CHEMBL4780	Acetylcholinesterase	SINGLE PROTEIN	Torpedo californica	250	False
412	10438	CHEMBL4074	Angiotensin-converting enzyme	SINGLE PROTEIN	Oryctolagus cuniculus	494	False
413	10439	CHEMBL4781	Muscarinic acetylcholine receptor M2	SINGLE PROTEIN	Sus scrofa	121	False
414	10441	CHEMBL3768	Neprilysin	SINGLE PROTEIN	Oryctolagus cuniculus	222	False
415	10442	CHEMBL3548	Glycylpeptide N-tetradecanoyltransferase	SINGLE PROTEIN	Candida albicans (strain SC5314 / ATCC MYA-2876) (Yeast)	83	False
416	10443	CHEMBL3769	Serine protease 1	SINGLE PROTEIN	Bos taurus	573	False
417	10444	CHEMBL2366	Trypsin	SINGLE PROTEIN	Sus scrofa	175	False
418	10445	CHEMBL5131	Trypanothione reductase	SINGLE PROTEIN	Trypanosoma cruzi	152	False
419	10449	CHEMBL2367	Peptide deformylase	SINGLE PROTEIN	Staphylococcus aureus subsp. aureus Mu50	39	False
420	10450	CHEMBL3771	Capsid scaffolding protein	SINGLE PROTEIN	Human cytomegalovirus (strain AD169) (HHV-5) (Human herpesvirus 5)	172	False
421	10451	CHEMBL3562	Gag-Pol polyprotein	SINGLE PROTEIN	Moloney murine leukemia virus isolate Shinnick	8	False
422	10452	CHEMBL3563	Cruzipain	SINGLE PROTEIN	Trypanosoma cruzi	4793	True
423	10453	CHEMBL2368	D(1) dopamine receptor	SINGLE PROTEIN	Carassius auratus	38	False
424	10454	CHEMBL3564	DNA polymerase I, thermostable	SINGLE PROTEIN	Thermus aquaticus	35	False
425	10455	CHEMBL4614	Bifunctional dihydrofolate reductase-thymidylate synthase	SINGLE PROTEIN	Leishmania major	88	False
426	10456	CHEMBL3963	Bifunctional dihydrofolate reductase-thymidylate synthase	SINGLE PROTEIN	Plasmodium berghei str. ANKA	34	False
427	10457	CHEMBL2425	Bifunctional dihydrofolate reductase-thymidylate synthase	SINGLE PROTEIN	Toxoplasma gondii	619	False
428	10458	CHEMBL2902	Dihydrofolate reductase	SINGLE PROTEIN	Lactobacillus casei	252	False
429	10459	CHEMBL3565	Dihydrofolate reductase	SINGLE PROTEIN	Neisseria gonorrhoeae	56	False
430	10460	CHEMBL1926	Dihydrofolate reductase	SINGLE PROTEIN	Pneumocystis carinii	473	False
431	10461	CHEMBL3413	Ecdysone receptor	SINGLE PROTEIN	Aedes aegypti	28	False
432	10462	CHEMBL3868	Ecdysone receptor	SINGLE PROTEIN	Bombyx mori	104	False
433	10463	CHEMBL2757	rRNA adenine N-6-methyltransferase	SINGLE PROTEIN	Streptococcus pneumoniae	9	False
434	10464	CHEMBL3840	Ribonucleoside-diphosphate reductase large subunit	SINGLE PROTEIN	Herpes simplex virus (type 1 / strain 17)	17	False
435	10466	CHEMBL2798	Cholecystokinin receptor type A	SINGLE PROTEIN	Mus musculus	62	False
436	10467	CHEMBL3569	Squalene--hopene cyclase	SINGLE PROTEIN	Alicyclobacillus acidocaldarius subsp. acidocaldarius (strain ATCC27009 / DSM 446 / 104-1A) (Bacillus acidocaldarius)	31	False
437	10468	CHEMBL3226	Imidazoleglycerol-phosphate dehydratase	SINGLE PROTEIN	Cryptococcus neoformans var. neoformans B-3501A	29	False
438	10469	CHEMBL4636	Proline--tRNA ligase, cytoplasmic	SINGLE PROTEIN	Candida albicans	23	False
439	10472	CHEMBL1901	Cholecystokinin receptor type A	SINGLE PROTEIN	Homo sapiens	447	False
440	10473	CHEMBL2107	C-X-C chemokine receptor type 4	SINGLE PROTEIN	Homo sapiens	827	True
441	10474	CHEMBL2108	Cyclin-T1	SINGLE PROTEIN	Homo sapiens	315	False
442	10475	CHEMBL4777	Neuropeptide Y receptor type 1	SINGLE PROTEIN	Homo sapiens	679	False
443	10476	CHEMBL2754	T-cell surface glycoprotein CD4	SINGLE PROTEIN	Homo sapiens	18	False
444	10477	CHEMBL4018	Neuropeptide Y receptor type 2	SINGLE PROTEIN	Homo sapiens	334	False
445	10478	CHEMBL2109	Dual specificity mitogen-activated protein kinase kinase 3	SINGLE PROTEIN	Homo sapiens	192	False
446	10480	CHEMBL2508	Cyclin-dependent kinase 6	SINGLE PROTEIN	Homo sapiens	815	True
447	10483	CHEMBL4632	Peroxisomal acyl-coenzyme A oxidase 1	SINGLE PROTEIN	Rattus norvegicus	55	False
448	10485	CHEMBL3570	Neurotensin receptor type 1	SINGLE PROTEIN	Mus musculus	29	False
449	10486	CHEMBL2514	Neurotensin receptor type 2	SINGLE PROTEIN	Homo sapiens	94	False
450	10487	CHEMBL5106	Neurotensin receptor type 2	SINGLE PROTEIN	Rattus norvegicus	35	False
451	10489	CHEMBL2516	Extracellular calcium-sensing receptor	SINGLE PROTEIN	Rattus norvegicus	50	False
452	10493	CHEMBL2517	Cathepsin F	SINGLE PROTEIN	Homo sapiens	32	False
453	10494	CHEMBL4071	Cathepsin G	SINGLE PROTEIN	Homo sapiens	130	False
454	10495	CHEMBL268	Cathepsin K	SINGLE PROTEIN	Homo sapiens	2104	True
455	10496	CHEMBL3034	Cathepsin K	SINGLE PROTEIN	Rattus norvegicus	30	False
456	10497	CHEMBL2113	Procathepsin L	SINGLE PROTEIN	Bos taurus	29	False
457	10498	CHEMBL3837	Procathepsin L	SINGLE PROTEIN	Homo sapiens	1795	True
458	10501	CHEMBL3037	Cannabinoid receptor 1	SINGLE PROTEIN	Mus musculus	390	False
459	10502	CHEMBL3571	Cannabinoid receptor 1	SINGLE PROTEIN	Rattus norvegicus	1643	False
460	10503	CHEMBL2421	Corticosteroid-binding globulin	SINGLE PROTEIN	Homo sapiens	29	False
461	10505	CHEMBL2088	Carboxypeptidase A1	SINGLE PROTEIN	Homo sapiens	49	False
462	10511	CHEMBL4478	Voltage-dependent N-type calcium channel subunit alpha-1B	SINGLE PROTEIN	Homo sapiens	388	False
463	10514	CHEMBL3762	Voltage-dependent L-type calcium channel subunit alpha-1C	SINGLE PROTEIN	Rattus norvegicus	161	False
464	10515	CHEMBL4132	Voltage-dependent L-type calcium channel subunit alpha-1D	SINGLE PROTEIN	Rattus norvegicus	206	False
465	10517	CHEMBL3572	Cholesteryl ester transfer protein	SINGLE PROTEIN	Homo sapiens	1125	False
466	10520	CHEMBL2412	G2/mitotic-specific cyclin-B1	SINGLE PROTEIN	Homo sapiens	5	False
467	10526	CHEMBL269	Delta-type opioid receptor	SINGLE PROTEIN	Rattus norvegicus	1716	True
468	10527	CHEMBL3614	Kappa-type opioid receptor	SINGLE PROTEIN	Rattus norvegicus	191	True
469	10528	CHEMBL3041	Mu-type opioid receptor	SINGLE PROTEIN	Bos taurus	59	False
470	10529	CHEMBL270	Mu-type opioid receptor	SINGLE PROTEIN	Rattus norvegicus	2375	True
471	10530	CHEMBL3621	Nociceptin receptor	SINGLE PROTEIN	Mus musculus	7	False
472	10531	CHEMBL2527	Serine/threonine-protein kinase Chk2	SINGLE PROTEIN	Homo sapiens	1212	False
473	10532	CHEMBL1914	Cholinesterase	SINGLE PROTEIN	Homo sapiens	2925	True
474	10533	CHEMBL2528	Cholinesterase	SINGLE PROTEIN	Mus musculus	143	False
475	10535	CHEMBL2094	P2X purinoceptor 1	SINGLE PROTEIN	Homo sapiens	75	False
476	10536	CHEMBL2530	P2X purinoceptor 1	SINGLE PROTEIN	Rattus norvegicus	26	False
477	10537	CHEMBL2531	P2X purinoceptor 2	SINGLE PROTEIN	Homo sapiens	320	False
478	10540	CHEMBL2496	P2X purinoceptor 7	SINGLE PROTEIN	Rattus norvegicus	815	False
479	10541	CHEMBL2123	P2Y purinoceptor 4	SINGLE PROTEIN	Homo sapiens	156	False
480	10542	CHEMBL3911	Leukotriene B4 receptor 1	SINGLE PROTEIN	Homo sapiens	451	False
481	10544	CHEMBL4315	P2Y purinoceptor 1	SINGLE PROTEIN	Homo sapiens	796	True
482	10545	CHEMBL2497	P2Y purinoceptor 1	SINGLE PROTEIN	Rattus norvegicus	7	False
483	10547	CHEMBL2413	C-C chemokine receptor type 1	SINGLE PROTEIN	Homo sapiens	760	False
484	10548	CHEMBL3473	C-C chemokine receptor type 3	SINGLE PROTEIN	Homo sapiens	1095	False
485	10549	CHEMBL3996	Oxytocin receptor	SINGLE PROTEIN	Rattus norvegicus	348	False
486	10550	CHEMBL2498	Phosphatidylinositol 4,5-bisphosphate 3-kinase catalytic subunit alpha isoform	SINGLE PROTEIN	Bos taurus	42	False
487	10551	CHEMBL2499	Phosphatidylinositol 4,5-bisphosphate 3-kinase catalytic subunit alpha isoform	SINGLE PROTEIN	Mus musculus	108	False
488	10552	CHEMBL2086	Potassium voltage-gated channel subfamily A member 2	SINGLE PROTEIN	Homo sapiens	6	False
489	10553	CHEMBL4633	Potassium voltage-gated channel subfamily A member 3	SINGLE PROTEIN	Homo sapiens	452	False
490	10554	CHEMBL4818	Potassium voltage-gated channel subfamily A member 3	SINGLE PROTEIN	Mus musculus	60	False
491	10559	CHEMBL3399	Sodium channel protein type 2 subunit alpha	SINGLE PROTEIN	Rattus norvegicus	62	False
492	10560	CHEMBL4966	Sodium channel protein type 3 subunit alpha	SINGLE PROTEIN	Rattus norvegicus	5	False
493	10561	CHEMBL4605	Solute carrier family 15 member 1	SINGLE PROTEIN	Homo sapiens	29	False
494	10563	CHEMBL2437	Protein phosphatase 1A	SINGLE PROTEIN	Homo sapiens	14	False
495	10564	CHEMBL4820	Prostaglandin F2-alpha receptor	SINGLE PROTEIN	Bos taurus	18	False
496	10566	CHEMBL2438	Eosinophil peroxidase	SINGLE PROTEIN	Homo sapiens	6	False
497	10567	CHEMBL2439	Myeloperoxidase	SINGLE PROTEIN	Homo sapiens	681	False
498	10568	CHEMBL2440	Myeloperoxidase	SINGLE PROTEIN	Mus musculus	5	False
499	10574	CHEMBL2749	Platelet-derived growth factor receptor beta	SINGLE PROTEIN	Mus musculus	260	False
500	10575	CHEMBL2649	Prostaglandin G/H synthase 1	SINGLE PROTEIN	Mus musculus	48	False
501	10576	CHEMBL273	5-hydroxytryptamine receptor 1A	SINGLE PROTEIN	Rattus norvegicus	4060	True
502	10577	CHEMBL3459	5-hydroxytryptamine receptor 1B	SINGLE PROTEIN	Rattus norvegicus	313	False
503	10578	CHEMBL5450	5-hydroxytryptamine receptor 1D	SINGLE PROTEIN	Rattus norvegicus	41	False
504	10579	CHEMBL2414	C-C chemokine receptor type 4	SINGLE PROTEIN	Homo sapiens	492	False
505	10580	CHEMBL274	C-C chemokine receptor type 5	SINGLE PROTEIN	Homo sapiens	2043	True
506	10582	CHEMBL3816	Cytosolic phospholipase A2	SINGLE PROTEIN	Homo sapiens	383	False
507	10583	CHEMBL4425	Dual specificity calcium/calmodulin-dependent 3',5'-cyclic nucleotide phosphodiesterase 1B	SINGLE PROTEIN	Homo sapiens	932	False
508	10584	CHEMBL3474	Phospholipase A2, membrane associated	SINGLE PROTEIN	Homo sapiens	377	True
509	10585	CHEMBL2154	Group IIE secretory phospholipase A2	SINGLE PROTEIN	Homo sapiens	16	False
510	10586	CHEMBL3993	Platelet-activating factor receptor	SINGLE PROTEIN	Mus musculus	15	False
511	10587	CHEMBL4127	Platelet-activating factor receptor	SINGLE PROTEIN	Rattus norvegicus	8	False
512	10588	CHEMBL3475	Plasminogen activator inhibitor 1	SINGLE PROTEIN	Homo sapiens	219	False
513	10593	CHEMBL3477	cGMP-dependent 3',5'-cyclic phosphodiesterase	SINGLE PROTEIN	Bos taurus	17	True
514	10594	CHEMBL2652	cGMP-dependent 3',5'-cyclic phosphodiesterase	SINGLE PROTEIN	Homo sapiens	2669	True
515	10599	CHEMBL275	3',5'-cyclic-AMP phosphodiesterase 4B	SINGLE PROTEIN	Homo sapiens	2579	False
516	10600	CHEMBL3382	3',5'-cyclic-AMP phosphodiesterase 4B	SINGLE PROTEIN	Rattus norvegicus	33	False
517	10602	CHEMBL3478	cGMP-specific 3',5'-cyclic phosphodiesterase	SINGLE PROTEIN	Bos taurus	197	False
518	10605	CHEMBL3860	Retinal rod rhodopsin-sensitive cGMP 3',5'-cyclic phosphodiesterase subunit delta	SINGLE PROTEIN	Homo sapiens	162	False
519	10607	CHEMBL2397	Acetyl-CoA carboxylase 1	SINGLE PROTEIN	Rattus norvegicus	118	False
520	10608	CHEMBL4829	Acetyl-CoA carboxylase 2	SINGLE PROTEIN	Homo sapiens	3795	True
521	10612	CHEMBL2534	3-phosphoinositide-dependent protein kinase 1	SINGLE PROTEIN	Homo sapiens	2198	True
522	10613	CHEMBL2181	Prostaglandin E2 receptor EP1 subtype	SINGLE PROTEIN	Mus musculus	107	False
523	10614	CHEMBL2488	Prostaglandin E2 receptor EP2 subtype	SINGLE PROTEIN	Mus musculus	144	False
524	10616	CHEMBL2489	Prostaglandin E2 receptor EP4 subtype	SINGLE PROTEIN	Mus musculus	196	False
525	10617	CHEMBL2714	Pepsin A	SINGLE PROTEIN	Sus scrofa	129	False
526	10618	CHEMBL2182	5-hydroxytryptamine receptor 1E	SINGLE PROTEIN	Homo sapiens	105	False
527	10620	CHEMBL5377	5-hydroxytryptamine receptor 2A	SINGLE PROTEIN	Mus musculus	13	False
528	10621	CHEMBL2490	5-hydroxytryptamine receptor 2A	SINGLE PROTEIN	Sus scrofa	92	False
529	10623	CHEMBL4317	5-hydroxytryptamine receptor 4	SINGLE PROTEIN	Rattus norvegicus	172	False
530	10624	CHEMBL3426	5-hydroxytryptamine receptor 5A	SINGLE PROTEIN	Homo sapiens	390	False
531	10625	CHEMBL3597	5-hydroxytryptamine receptor 5A	SINGLE PROTEIN	Mus musculus	37	False
532	10626	CHEMBL4655	5-hydroxytryptamine receptor 5A	SINGLE PROTEIN	Rattus norvegicus	17	False
533	10627	CHEMBL3371	5-hydroxytryptamine receptor 6	SINGLE PROTEIN	Homo sapiens	4314	True
534	10628	CHEMBL3372	5-hydroxytryptamine receptor 6	SINGLE PROTEIN	Rattus norvegicus	32	False
535	10630	CHEMBL4972	5-hydroxytryptamine receptor 3A	SINGLE PROTEIN	Mus musculus	38	False
536	10634	CHEMBL4747	Neuronal acetylcholine receptor subunit alpha-6	SINGLE PROTEIN	Rattus norvegicus	20	False
537	10635	CHEMBL2492	Neuronal acetylcholine receptor subunit alpha-7	SINGLE PROTEIN	Homo sapiens	1445	True
538	10636	CHEMBL2184	Neuronal acetylcholine receptor subunit alpha-9	SINGLE PROTEIN	Homo sapiens	13	False
539	10639	CHEMBL2484	Acetylcholine receptor subunit epsilon	SINGLE PROTEIN	Homo sapiens	39	False
540	10640	CHEMBL4961	Acetylcholine receptor subunit epsilon	SINGLE PROTEIN	Rattus norvegicus	6	False
541	10647	CHEMBL276	Muscarinic acetylcholine receptor M1	SINGLE PROTEIN	Rattus norvegicus	1255	False
542	10648	CHEMBL3197	Muscarinic acetylcholine receptor M2	SINGLE PROTEIN	Mus musculus	24	False
543	10649	CHEMBL5105	Muscarinic acetylcholine receptor M3	SINGLE PROTEIN	Mus musculus	9	False
544	10651	CHEMBL4892	Alpha-1A adrenergic receptor	SINGLE PROTEIN	Bos taurus	208	False
545	10653	CHEMBL3974	Proteinase-activated receptor 1	SINGLE PROTEIN	Homo sapiens	875	False
546	10654	CHEMBL4744	Alpha-2A adrenergic receptor	SINGLE PROTEIN	Bos taurus	110	False
547	10656	CHEMBL2487	Amyloid-beta precursor protein	SINGLE PROTEIN	Homo sapiens	2581	False
548	10657	CHEMBL2114	Adenosine receptor A1	SINGLE PROTEIN	Gallus gallus	13	False
549	10658	CHEMBL2115	Adenosine receptor A2a	SINGLE PROTEIN	Mus musculus	121	False
550	10659	CHEMBL2116	5'-AMP-activated protein kinase catalytic subunit alpha-2	SINGLE PROTEIN	Homo sapiens	680	False
551	10660	CHEMBL2117	5'-AMP-activated protein kinase subunit beta-2	SINGLE PROTEIN	Homo sapiens	6	False
552	10662	CHEMBL2453	5'-AMP-activated protein kinase subunit gamma-2	SINGLE PROTEIN	Homo sapiens	26	False
553	10664	CHEMBL2118	Diamine oxidase [copper-containing]	SINGLE PROTEIN	Homo sapiens	30	False
554	10665	CHEMBL4648	Diamine oxidase [copper-containing]	SINGLE PROTEIN	Rattus norvegicus	15	False
555	10666	CHEMBL3198	Acetylcholinesterase	SINGLE PROTEIN	Mus musculus	405	False
556	10667	CHEMBL3199	Acetylcholinesterase	SINGLE PROTEIN	Rattus norvegicus	1145	False
557	10670	CHEMBL1882	Neuronal acetylcholine receptor subunit alpha-4	SINGLE PROTEIN	Homo sapiens	97	False
558	10673	CHEMBL4813	Cholesterol side-chain cleavage enzyme, mitochondrial	SINGLE PROTEIN	Bos taurus	28	True
559	10674	CHEMBL2525	Beta-secretase 2	SINGLE PROTEIN	Homo sapiens	2071	False
560	10675	CHEMBL2522	Beta-galactosidase	SINGLE PROTEIN	Homo sapiens	24	False
561	10676	CHEMBL4814	Beta-glucuronidase	SINGLE PROTEIN	Rattus norvegicus	7	False
562	10677	CHEMBL4613	B1 bradykinin receptor	SINGLE PROTEIN	Rattus norvegicus	48	False
563	10678	CHEMBL3200	Sialidase-2	SINGLE PROTEIN	Homo sapiens	13	False
564	10679	CHEMBL4080	Bombesin receptor subtype-3	SINGLE PROTEIN	Homo sapiens	311	False
565	10682	CHEMBL3425	Neuropeptide FF receptor 2	SINGLE PROTEIN	Rattus norvegicus	14	False
566	10684	CHEMBL3913	Complement C1s subcomponent	SINGLE PROTEIN	Homo sapiens	118	True
567	10685	CHEMBL4027	Substance-P receptor	SINGLE PROTEIN	Rattus norvegicus	121	False
568	10688	CHEMBL277	Muscarinic acetylcholine receptor M5	SINGLE PROTEIN	Rattus norvegicus	43	False
569	10689	CHEMBL2523	Disintegrin and metalloproteinase domain-containing protein 17	SINGLE PROTEIN	Rattus norvegicus	6	False
570	10692	CHEMBL4607	Type-2 angiotensin II receptor	SINGLE PROTEIN	Homo sapiens	686	False
571	10693	CHEMBL2524	Alpha-galactosidase A	SINGLE PROTEIN	Homo sapiens	402	False
572	10694	CHEMBL3201	Aryl hydrocarbon receptor	SINGLE PROTEIN	Homo sapiens	299	False
573	10695	CHEMBL2431	RAC-beta serine/threonine-protein kinase	SINGLE PROTEIN	Homo sapiens	1591	False
574	10696	CHEMBL4816	RAC-gamma serine/threonine-protein kinase	SINGLE PROTEIN	Homo sapiens	771	False
575	10697	CHEMBL3253	Albumin	SINGLE PROTEIN	Homo sapiens	711	False
576	10698	CHEMBL4817	Albumin	SINGLE PROTEIN	Rattus norvegicus	33	False
577	10701	CHEMBL2526	Methionine aminopeptidase 1	SINGLE PROTEIN	Saccharomyces cerevisiae S288c	90	False
578	10702	CHEMBL3922	Methionine aminopeptidase 2	SINGLE PROTEIN	Homo sapiens	960	False
579	10703	CHEMBL2432	Aminopeptidase B	SINGLE PROTEIN	Homo sapiens	9	False
580	10705	CHEMBL2045	Pancreatic alpha-amylase	SINGLE PROTEIN	Homo sapiens	20	True
581	10706	CHEMBL2478	Alpha-amylase 1A	SINGLE PROTEIN	Homo sapiens	22	False
582	10709	CHEMBL3254	Amine oxidase [flavin-containing] A	SINGLE PROTEIN	Bos taurus	276	False
583	10710	CHEMBL2398	Apelin receptor	SINGLE PROTEIN	Rattus norvegicus	49	False
584	10711	CHEMBL4079	Beta-adrenergic receptor kinase 1	SINGLE PROTEIN	Homo sapiens	494	False
585	10715	CHEMBL2401	Sarcoplasmic/endoplasmic reticulum calcium ATPase 3	SINGLE PROTEIN	Homo sapiens	5	False
586	10716	CHEMBL4775	Diamine acetyltransferase 1	SINGLE PROTEIN	Mus musculus	7	False
587	10717	CHEMBL3255	Cyclic AMP-dependent transcription factor ATF-1	SINGLE PROTEIN	Homo sapiens	18	False
588	10725	CHEMBL3043	Tyrosine aminotransferase	SINGLE PROTEIN	Homo sapiens	5	False
589	10727	CHEMBL3440	Beta-1 adrenergic receptor	SINGLE PROTEIN	Mus musculus	32	False
590	10728	CHEMBL3252	Beta-1 adrenergic receptor	SINGLE PROTEIN	Rattus norvegicus	105	False
591	10732	CHEMBL2518	Bifunctional purine biosynthesis protein ATIC	SINGLE PROTEIN	Homo sapiens	64	False
592	10733	CHEMBL2179	Lysosomal acid glucosylceramidase	SINGLE PROTEIN	Homo sapiens	702	False
593	10734	CHEMBL2519	Neutral alpha-glucosidase AB	SINGLE PROTEIN	Homo sapiens	14	False
594	10738	CHEMBL3377	Neuraminidase	SINGLE PROTEIN	Influenza B virus (strain B/Lee/1940)	127	True
595	10739	CHEMBL2802	Collagenase ColA	SINGLE PROTEIN	Bacteria	170	False
596	10741	CHEMBL4981	Lanosterol 14-alpha demethylase	SINGLE PROTEIN	Rattus norvegicus	5	False
597	10742	CHEMBL4135	Geranylgeranyl transferase type-1 subunit beta	SINGLE PROTEIN	Homo sapiens	57	False
598	10743	CHEMBL3379	Cytochrome P450 4F2	SINGLE PROTEIN	Homo sapiens	370	False
599	10747	CHEMBL3078	Prothrombin	SINGLE PROTEIN	Rattus norvegicus	32	False
600	10750	CHEMBL3881	Metalloproteinase inhibitor 3	SINGLE PROTEIN	Rattus norvegicus	30	False
601	10751	CHEMBL3476	Inhibitor of nuclear factor kappa-B kinase subunit alpha	SINGLE PROTEIN	Homo sapiens	794	False
602	10752	CHEMBL1991	Inhibitor of nuclear factor kappa-B kinase subunit beta	SINGLE PROTEIN	Homo sapiens	1964	True
603	10754	CHEMBL3080	Chitotriosidase-1	SINGLE PROTEIN	Homo sapiens	229	False
604	10756	CHEMBL3236	Tyrosine-protein phosphatase non-receptor type 12	SINGLE PROTEIN	Homo sapiens	51	False
605	10759	CHEMBL3897	DNA polymerase III PolC-type	SINGLE PROTEIN	Bacillus subtilis (strain 168)	117	False
606	10763	CHEMBL3237	Cytochrome P450 11B2, mitochondrial	SINGLE PROTEIN	Rattus norvegicus	18	True
607	10764	CHEMBL3858	Carnitine O-palmitoyltransferase 1, liver isoform	SINGLE PROTEIN	Rattus norvegicus	463	False
608	10765	CHEMBL3238	Carnitine O-palmitoyltransferase 2, mitochondrial	SINGLE PROTEIN	Homo sapiens	112	False
609	10766	CHEMBL3859	Aromatase	SINGLE PROTEIN	Rattus norvegicus	119	False
610	10767	CHEMBL3239	Glycogen phosphorylase, liver form	SINGLE PROTEIN	Rattus norvegicus	15	False
611	10768	CHEMBL3856	Glycogen phosphorylase, brain form	SINGLE PROTEIN	Homo sapiens	7	False
612	10769	CHEMBL4983	Transketolase	SINGLE PROTEIN	Homo sapiens	57	False
613	10773	CHEMBL2434	C-X-C chemokine receptor type 2	SINGLE PROTEIN	Homo sapiens	991	False
614	10774	CHEMBL4984	Tumor necrosis factor	SINGLE PROTEIN	Mus musculus	11	False
615	10778	CHEMBL3123	Death-associated protein kinase 2	SINGLE PROTEIN	Homo sapiens	361	False
616	10781	CHEMBL2185	Aurora kinase B	SINGLE PROTEIN	Homo sapiens	3135	True
617	10782	CHEMBL3125	Ribosomal protein S6 kinase alpha-4	SINGLE PROTEIN	Homo sapiens	444	False
618	10784	CHEMBL4760	Deoxynucleoside kinase	SINGLE PROTEIN	Drosophila melanogaster	17	False
619	10785	CHEMBL4761	C3a anaphylatoxin chemotactic receptor	SINGLE PROTEIN	Homo sapiens	186	False
620	10788	CHEMBL5444	Tubulin beta-5 chain	SINGLE PROTEIN	Homo sapiens	19	False
621	10791	CHEMBL3726	Thymidine phosphorylase	SINGLE PROTEIN	Escherichia coli K-12	112	False
622	10792	CHEMBL2555	Thymidylate synthase	SINGLE PROTEIN	Escherichia coli K-12	40	False
623	10796	CHEMBL4649	Corticotropin-releasing factor receptor 1	SINGLE PROTEIN	Rattus norvegicus	495	False
624	10797	CHEMBL4069	Corticotropin-releasing factor receptor 2	SINGLE PROTEIN	Homo sapiens	25	False
625	10803	CHEMBL3187	Insulin receptor	SINGLE PROTEIN	Mus musculus	12	False
626	10804	CHEMBL2632	HLA class I histocompatibility antigen, A alpha chain	SINGLE PROTEIN	Homo sapiens	78	False
627	10805	CHEMBL4762	Tumor necrosis factor receptor superfamily member 16	SINGLE PROTEIN	Homo sapiens	6	False
628	10806	CHEMBL3378	Tumor necrosis factor receptor superfamily member 1A	SINGLE PROTEIN	Homo sapiens	94	False
629	10808	CHEMBL3819	Lysophosphatidic acid receptor 1	SINGLE PROTEIN	Homo sapiens	408	False
630	10809	CHEMBL3230	Sphingosine 1-phosphate receptor 4	SINGLE PROTEIN	Homo sapiens	469	False
631	10810	CHEMBL4806	Protein tyrosine phosphatase receptor type C-associated protein	SINGLE PROTEIN	Homo sapiens	9	False
632	10811	CHEMBL3231	Rho-associated protein kinase 1	SINGLE PROTEIN	Homo sapiens	3078	True
633	10813	CHEMBL4807	Phospholipase A2	SINGLE PROTEIN	Apis mellifera	14	False
634	10814	CHEMBL3724	Lysophosphatidic acid receptor 2	SINGLE PROTEIN	Homo sapiens	166	False
635	10815	CHEMBL3233	Adenomatous polyposis coli protein	SINGLE PROTEIN	Homo sapiens	55	False
636	10818	CHEMBL3805	Voltage-dependent L-type calcium channel subunit alpha-1S	SINGLE PROTEIN	Homo sapiens	38	False
637	10819	CHEMBL4808	Acetylcholine receptor subunit alpha	SINGLE PROTEIN	Homo sapiens	17	False
638	10824	CHEMBL2633	Prostatic acid phosphatase	SINGLE PROTEIN	Homo sapiens	17	False
639	10825	CHEMBL4809	Tryptophan 5-hydroxylase 1	SINGLE PROTEIN	Rattus norvegicus	18	False
640	10832	CHEMBL4810	DNA nucleotidylexotransferase	SINGLE PROTEIN	Homo sapiens	23	False
641	10833	CHEMBL3030	Collagen alpha-1(I) chain	SINGLE PROTEIN	Homo sapiens	31	False
642	10834	CHEMBL4811	Uridine phosphorylase 1	SINGLE PROTEIN	Homo sapiens	10	False
643	10836	CHEMBL4812	Kallikrein-8	SINGLE PROTEIN	Homo sapiens	12	False
644	10839	CHEMBL2147	Serine/threonine-protein kinase pim-1	SINGLE PROTEIN	Homo sapiens	5880	True
645	10841	CHEMBL4552	Translocator protein	SINGLE PROTEIN	Rattus norvegicus	937	True
646	10842	CHEMBL3032	Serine/threonine-protein kinase N2	SINGLE PROTEIN	Homo sapiens	752	False
647	10844	CHEMBL2634	Tyrosine-protein kinase CSK	SINGLE PROTEIN	Homo sapiens	591	False
648	10845	CHEMBL2536	Phospholipase D1	SINGLE PROTEIN	Homo sapiens	150	False
649	10849	CHEMBL2148	Tyrosine-protein kinase JAK3	SINGLE PROTEIN	Homo sapiens	7729	True
650	10850	CHEMBL4237	Ribosomal protein S6 kinase alpha-5	SINGLE PROTEIN	Homo sapiens	751	False
651	10854	CHEMBL2641	Kallikrein-14	SINGLE PROTEIN	Homo sapiens	23	False
652	10856	CHEMBL3062	Myosin light chain kinase, smooth muscle	SINGLE PROTEIN	Gallus gallus	34	False
653	10857	CHEMBL3028	Prolyl hydroxylase EGLN2	SINGLE PROTEIN	Homo sapiens	518	True
654	10859	CHEMBL3164	Adenylate cyclase type 3	SINGLE PROTEIN	Homo sapiens	21	False
655	10862	CHEMBL2880	Adenylate cyclase type 5	SINGLE PROTEIN	Rattus norvegicus	18	False
656	10866	CHEMBL4865	Serotransferrin	SINGLE PROTEIN	Homo sapiens	8	False
657	10868	CHEMBL3191	Leukotriene B4 receptor 2	SINGLE PROTEIN	Homo sapiens	73	False
658	10869	CHEMBL3192	Histone deacetylase 8	SINGLE PROTEIN	Homo sapiens	2689	False
659	10871	CHEMBL4867	P2Y purinoceptor 11	SINGLE PROTEIN	Homo sapiens	16	False
660	10872	CHEMBL2847	Peroxisome proliferator-activated receptor alpha	SINGLE PROTEIN	Canis lupus familiaris	22	False
661	10874	CHEMBL2559	Dipeptidyl peptidase 4	SINGLE PROTEIN	Bos taurus	5	True
662	10876	CHEMBL2560	Protein kinase C delta type	SINGLE PROTEIN	Mus musculus	40	False
663	10878	CHEMBL3582	Protein kinase C epsilon type	SINGLE PROTEIN	Homo sapiens	703	False
664	10880	CHEMBL2938	Protein kinase C gamma type	SINGLE PROTEIN	Homo sapiens	560	False
665	10881	CHEMBL2794	Poly [ADP-ribose] polymerase 2	SINGLE PROTEIN	Mus musculus	33	False
666	10885	CHEMBL2595	Serine/threonine-protein kinase D3	SINGLE PROTEIN	Homo sapiens	684	False
667	10886	CHEMBL2596	Progesterone receptor	SINGLE PROTEIN	Rattus norvegicus	9	True
668	10887	CHEMBL4869	Major prion protein	SINGLE PROTEIN	Homo sapiens	217	False
669	10889	CHEMBL4553	Thyrotropin-releasing hormone receptor	SINGLE PROTEIN	Rattus norvegicus	5	False
670	10892	CHEMBL278	Integrin alpha-4	SINGLE PROTEIN	Homo sapiens	159	False
671	10893	CHEMBL2597	Tubulin beta-3 chain	SINGLE PROTEIN	Homo sapiens	14	False
672	10899	CHEMBL3861	[Pyruvate dehydrogenase (acetyl-transferring)] kinase isozyme 2, mitochondrial	SINGLE PROTEIN	Homo sapiens	929	False
673	10900	CHEMBL3023	Sphingosine kinase 2	SINGLE PROTEIN	Homo sapiens	306	False
674	10901	CHEMBL2598	Protein kinase C iota type	SINGLE PROTEIN	Homo sapiens	921	False
675	10903	CHEMBL3863	Serine/threonine-protein kinase D1	SINGLE PROTEIN	Homo sapiens	627	False
676	10904	CHEMBL1906	RAF proto-oncogene serine/threonine-protein kinase	SINGLE PROTEIN	Homo sapiens	3866	True
677	10906	CHEMBL2599	Tyrosine-protein kinase SYK	SINGLE PROTEIN	Homo sapiens	5652	True
678	10907	CHEMBL3024	Serine/threonine-protein kinase PLK1	SINGLE PROTEIN	Homo sapiens	1740	False
679	10908	CHEMBL2957	Plasminogen	SINGLE PROTEIN	Bos taurus	6	False
680	10909	CHEMBL4796	Chymotrypsinogen B	SINGLE PROTEIN	Homo sapiens	65	False
681	10910	CHEMBL4873	Chymotrypsin-like protease CTRL-1	SINGLE PROTEIN	Homo sapiens	28	False
682	10911	CHEMBL4617	Phenylethanolamine N-methyltransferase	SINGLE PROTEIN	Homo sapiens	163	True
683	10914	CHEMBL2958	Adenylate cyclase type 2	SINGLE PROTEIN	Rattus norvegicus	8	False
684	10918	CHEMBL2959	Tyrosine-protein kinase ITK/TSK	SINGLE PROTEIN	Homo sapiens	1933	True
685	10919	CHEMBL2835	Tyrosine-protein kinase JAK1	SINGLE PROTEIN	Homo sapiens	10730	True
686	10920	CHEMBL2968	Tyrosine-protein kinase JAK1	SINGLE PROTEIN	Mus musculus	8	False
687	10926	CHEMBL2552	Carboxypeptidase B	SINGLE PROTEIN	Homo sapiens	51	False
688	10927	CHEMBL3764	Urotensin-2 receptor	SINGLE PROTEIN	Homo sapiens	486	False
689	10928	CHEMBL4921	Urotensin-2 receptor	SINGLE PROTEIN	Rattus norvegicus	116	False
690	10929	CHEMBL2553	Ribosomal protein S6 kinase alpha-1	SINGLE PROTEIN	Homo sapiens	685	False
691	10930	CHEMBL3766	Vasopressin V2 receptor	SINGLE PROTEIN	Rattus norvegicus	343	True
692	10931	CHEMBL3311	Low-density lipoprotein receptor	SINGLE PROTEIN	Homo sapiens	22	False
693	10936	CHEMBL2960	Adenylate cyclase type 8	SINGLE PROTEIN	Homo sapiens	45	False
694	10938	CHEMBL2971	Tyrosine-protein kinase JAK2	SINGLE PROTEIN	Homo sapiens	12917	True
695	10939	CHEMBL4924	Ribosomal protein S6 kinase alpha-6	SINGLE PROTEIN	Homo sapiens	404	False
696	10945	CHEMBL5103	Polyamine deacetylase HDAC10	SINGLE PROTEIN	Homo sapiens	377	False
697	10946	CHEMBL2532	Multidrug resistance-associated protein 1	SINGLE PROTEIN	Mus musculus	7	False
698	10948	CHEMBL2125	Vesicular acetylcholine transporter	SINGLE PROTEIN	Rattus norvegicus	71	False
699	10950	CHEMBL3892	Sphingosine 1-phosphate receptor 3	SINGLE PROTEIN	Homo sapiens	1461	False
700	10954	CHEMBL2127	Hepatic triacylglycerol lipase	SINGLE PROTEIN	Homo sapiens	392	False
701	10956	CHEMBL2456	Lutropin-choriogonadotropic hormone receptor	SINGLE PROTEIN	Rattus norvegicus	23	False
702	10957	CHEMBL2457	Polyunsaturated fatty acid lipoxygenase ALOX15B	SINGLE PROTEIN	Homo sapiens	43	False
703	10958	CHEMBL2128	Peroxisome proliferator-activated receptor alpha	SINGLE PROTEIN	Mus musculus	124	False
704	10959	CHEMBL2129	Peroxisome proliferator-activated receptor alpha	SINGLE PROTEIN	Rattus norvegicus	50	False
705	10960	CHEMBL2458	Peroxisome proliferator-activated receptor delta	SINGLE PROTEIN	Mus musculus	106	False
706	10961	CHEMBL2459	Peroxisome proliferator-activated receptor gamma	SINGLE PROTEIN	Mus musculus	228	False
707	10962	CHEMBL2460	Prolyl endopeptidase	SINGLE PROTEIN	Bos taurus	9	False
708	10963	CHEMBL4935	Prolyl endopeptidase	SINGLE PROTEIN	Mus musculus	19	False
709	10964	CHEMBL2461	Prolyl endopeptidase	SINGLE PROTEIN	Sus scrofa	149	False
710	10967	CHEMBL4937	Casein kinase I isoform epsilon	SINGLE PROTEIN	Homo sapiens	1655	False
711	10970	CHEMBL2493	Calcium/calmodulin-dependent protein kinase type 1	SINGLE PROTEIN	Homo sapiens	529	False
712	10971	CHEMBL2494	Calcium/calmodulin-dependent protein kinase type IV	SINGLE PROTEIN	Homo sapiens	386	False
713	10972	CHEMBL3312	Sodium channel protein type 9 subunit alpha	SINGLE PROTEIN	Rattus norvegicus	42	False
714	10977	CHEMBL2608	Lysosomal alpha-glucosidase	SINGLE PROTEIN	Homo sapiens	5640	True
715	10978	CHEMBL2249	Protein-lysine 6-oxidase	SINGLE PROTEIN	Homo sapiens	118	False
716	10979	CHEMBL1868	Vascular endothelial growth factor receptor 1	SINGLE PROTEIN	Homo sapiens	1757	True
717	10980	CHEMBL279	Vascular endothelial growth factor receptor 2	SINGLE PROTEIN	Homo sapiens	11078	True
718	10981	CHEMBL4554	Substance-K receptor	SINGLE PROTEIN	Rattus norvegicus	102	False
719	10982	CHEMBL4429	Neuromedin-K receptor	SINGLE PROTEIN	Homo sapiens	1032	True
720	10983	CHEMBL3154	Neuromedin-K receptor	SINGLE PROTEIN	Rattus norvegicus	53	False
721	10984	CHEMBL2609	N-acetylated-alpha-linked acidic dipeptidase 2	SINGLE PROTEIN	Homo sapiens	43	False
722	10985	CHEMBL3636	Neuromedin-B receptor	SINGLE PROTEIN	Homo sapiens	107	False
723	10989	CHEMBL2186	Carbonic anhydrase 13	SINGLE PROTEIN	Mus musculus	79	False
724	10991	CHEMBL3780	Small conductance calcium-activated potassium channel protein 3	SINGLE PROTEIN	Rattus norvegicus	99	False
725	10992	CHEMBL4305	Intermediate conductance calcium-activated potassium channel protein 4	SINGLE PROTEIN	Homo sapiens	158	False
726	10997	CHEMBL2799	Sodium-dependent dopamine transporter	SINGLE PROTEIN	Mus musculus	41	False
727	10999	CHEMBL2699	Pancreatic alpha-amylase	SINGLE PROTEIN	Rattus norvegicus	9	False
728	11000	CHEMBL2188	P2Y purinoceptor 12	SINGLE PROTEIN	Rattus norvegicus	99	False
729	11003	CHEMBL4644	Melanocortin receptor 3	SINGLE PROTEIN	Homo sapiens	518	True
730	11004	CHEMBL4774	Melanocortin receptor 3	SINGLE PROTEIN	Mus musculus	246	False
731	11005	CHEMBL2700	Melanocortin receptor 4	SINGLE PROTEIN	Rattus norvegicus	20	False
732	11006	CHEMBL4608	Melanocortin receptor 5	SINGLE PROTEIN	Homo sapiens	819	False
733	11009	CHEMBL4271	Synaptic vesicular amine transporter	SINGLE PROTEIN	Bos taurus	10	False
734	11010	CHEMBL3507	Mineralocorticoid receptor	SINGLE PROTEIN	Rattus norvegicus	49	True
735	11013	CHEMBL2849	Glycylpeptide N-tetradecanoyltransferase 2	SINGLE PROTEIN	Homo sapiens	10	False
736	11016	CHEMBL3969	Carbonic anhydrase 5B, mitochondrial	SINGLE PROTEIN	Homo sapiens	452	False
737	11017	CHEMBL2850	Glycogen synthase kinase-3 alpha	SINGLE PROTEIN	Homo sapiens	1925	False
738	11018	CHEMBL2896	cGMP-dependent protein kinase 2	SINGLE PROTEIN	Homo sapiens	290	False
739	11019	CHEMBL4273	cGMP-dependent protein kinase 1	SINGLE PROTEIN	Homo sapiens	566	False
740	11024	CHEMBL280	Collagenase 3	SINGLE PROTEIN	Homo sapiens	2652	False
741	11031	CHEMBL3467	ATP-dependent translocase ABCB1	SINGLE PROTEIN	Mus musculus	56	False
742	11035	CHEMBL281	Carbonic anhydrase 4	SINGLE PROTEIN	Bos taurus	1150	False
743	11036	CHEMBL2851	Metabotropic glutamate receptor 2	SINGLE PROTEIN	Rattus norvegicus	470	False
744	11037	CHEMBL3568	Nitric oxide synthase 1	SINGLE PROTEIN	Homo sapiens	909	False
745	11038	CHEMBL4719	Nitric oxide synthase 1	SINGLE PROTEIN	Mus musculus	23	False
746	11039	CHEMBL3464	Nitric oxide synthase, inducible	SINGLE PROTEIN	Mus musculus	476	False
747	11042	CHEMBL4789	Carbonic anhydrase 5A, mitochondrial	SINGLE PROTEIN	Homo sapiens	525	False
748	11043	CHEMBL2963	Matrix metalloproteinase-15	SINGLE PROTEIN	Homo sapiens	20	False
749	11044	CHEMBL2200	Matrix metalloproteinase-16	SINGLE PROTEIN	Homo sapiens	49	False
750	11045	CHEMBL2723	M-phase inducer phosphatase 2	SINGLE PROTEIN	Mus musculus	19	False
751	11046	CHEMBL2964	Dual specificity mitogen-activated protein kinase kinase 2	SINGLE PROTEIN	Homo sapiens	383	False
752	11047	CHEMBL2897	Dual specificity mitogen-activated protein kinase kinase 4	SINGLE PROTEIN	Homo sapiens	348	False
753	11048	CHEMBL2201	Dual specificity mitogen-activated protein kinase kinase 4	SINGLE PROTEIN	Mus musculus	30	False
754	11049	CHEMBL4125	Platelet-derived growth factor receptor beta	SINGLE PROTEIN	Rattus norvegicus	35	False
755	11052	CHEMBL3841	Voltage-gated delayed rectifier potassium channel KCNH1	SINGLE PROTEIN	Homo sapiens	5	False
756	11054	CHEMBL2736	Metabotropic glutamate receptor 4	SINGLE PROTEIN	Homo sapiens	1397	False
757	11055	CHEMBL4573	Metabotropic glutamate receptor 6	SINGLE PROTEIN	Homo sapiens	53	False
758	11056	CHEMBL3842	Metabotropic glutamate receptor 6	SINGLE PROTEIN	Rattus norvegicus	25	False
759	11058	CHEMBL2718	Metabotropic glutamate receptor 8	SINGLE PROTEIN	Rattus norvegicus	34	False
760	11060	CHEMBL2326	Carbonic anhydrase 7	SINGLE PROTEIN	Homo sapiens	1339	False
761	11061	CHEMBL2203	Motilin receptor	SINGLE PROTEIN	Homo sapiens	289	False
762	11063	CHEMBL3510	Carbonic anhydrase 14	SINGLE PROTEIN	Homo sapiens	667	False
763	11066	CHEMBL2205	Calpain small subunit 1	SINGLE PROTEIN	Sus scrofa	17	False
764	11068	CHEMBL3240	Cation-independent mannose-6-phosphate receptor	SINGLE PROTEIN	Homo sapiens	7	False
765	11071	CHEMBL4076	Sodium/calcium exchanger 1	SINGLE PROTEIN	Homo sapiens	326	False
766	11080	CHEMBL2207	Mitogen-activated protein kinase 1	SINGLE PROTEIN	Mus musculus	470	False
767	11081	CHEMBL2939	Mitogen-activated protein kinase 13	SINGLE PROTEIN	Homo sapiens	731	False
768	11082	CHEMBL2208	MAP kinase-activated protein kinase 2	SINGLE PROTEIN	Homo sapiens	1669	False
769	11084	CHEMBL1945	Melatonin receptor type 1A	SINGLE PROTEIN	Homo sapiens	1058	False
770	11085	CHEMBL1946	Melatonin receptor type 1B	SINGLE PROTEIN	Homo sapiens	969	False
771	11087	CHEMBL3069	Nuclear receptor subfamily 1 group I member 3	SINGLE PROTEIN	Mus musculus	9	False
772	11088	CHEMBL3070	Intercellular adhesion molecule 1	SINGLE PROTEIN	Homo sapiens	167	False
773	11089	CHEMBL2226	Caspase-4	SINGLE PROTEIN	Homo sapiens	28	False
774	11090	CHEMBL3131	Caspase-5	SINGLE PROTEIN	Homo sapiens	25	False
775	11092	CHEMBL4081	Tissue factor	SINGLE PROTEIN	Homo sapiens	162	False
776	11094	CHEMBL4028	Thromboxane-A synthase	SINGLE PROTEIN	Rattus norvegicus	332	False
777	11096	CHEMBL2781	Sodium/hydrogen exchanger 1	SINGLE PROTEIN	Homo sapiens	262	False
778	11097	CHEMBL2577	Sodium/hydrogen exchanger 1	SINGLE PROTEIN	Rattus norvegicus	117	False
779	11098	CHEMBL3133	Sodium/hydrogen exchanger 2	SINGLE PROTEIN	Homo sapiens	9	False
780	11102	CHEMBL3093	Multifunctional protein CAD	SINGLE PROTEIN	Homo sapiens	14	True
781	11104	CHEMBL3071	D(1A) dopamine receptor	SINGLE PROTEIN	Mus musculus	23	False
782	11105	CHEMBL3094	MAP kinase-activated protein kinase 5	SINGLE PROTEIN	Homo sapiens	577	False
783	11107	CHEMBL3813	Dipeptidyl peptidase 4	SINGLE PROTEIN	Sus scrofa	96	True
784	11109	CHEMBL283	Stromelysin-1	SINGLE PROTEIN	Homo sapiens	1764	False
785	11110	CHEMBL4588	Neutrophil collagenase	SINGLE PROTEIN	Homo sapiens	1052	False
786	11111	CHEMBL3331	Prostaglandin G/H synthase 2	SINGLE PROTEIN	Bos taurus	18	False
787	11112	CHEMBL4321	Prostaglandin G/H synthase 2	SINGLE PROTEIN	Mus musculus	511	False
788	11113	CHEMBL2231	Cytochrome P450 1A1	SINGLE PROTEIN	Homo sapiens	519	False
789	11114	CHEMBL2009	Glutamate receptor 1	SINGLE PROTEIN	Homo sapiens	309	False
790	11117	CHEMBL4556	Sodium- and chloride-dependent glycine transporter 1	SINGLE PROTEIN	Rattus norvegicus	111	False
791	11118	CHEMBL5208	Sodium- and chloride-dependent GABA transporter 3	SINGLE PROTEIN	Homo sapiens	27	False
792	11119	CHEMBL4653	Dipeptidyl peptidase 4	SINGLE PROTEIN	Rattus norvegicus	237	False
793	11120	CHEMBL3338	Squalene synthase	SINGLE PROTEIN	Homo sapiens	174	False
794	11125	CHEMBL3576	Potassium voltage-gated channel subfamily KQT member 4	SINGLE PROTEIN	Homo sapiens	20	False
795	11126	CHEMBL2232	Proprotein convertase subtilisin/kexin type 7	SINGLE PROTEIN	Homo sapiens	6	False
796	11130	CHEMBL3577	Aldehyde dehydrogenase 1A1	SINGLE PROTEIN	Homo sapiens	13415	True
797	11131	CHEMBL3578	Aldehyde dehydrogenase, dimeric NADP-preferring	SINGLE PROTEIN	Homo sapiens	93	False
798	11132	CHEMBL3579	Retinaldehyde dehydrogenase 3	SINGLE PROTEIN	Homo sapiens	125	False
799	11134	CHEMBL3687	Polyunsaturated fatty acid lipoxygenase ALOX12	SINGLE PROTEIN	Homo sapiens	881	False
800	11138	CHEMBL3414	DNA polymerase catalytic subunit	SINGLE PROTEIN	Human cytomegalovirus (strain AD169) (HHV-5) (Human herpesvirus 5)	87	False
801	11140	CHEMBL284	Dipeptidyl peptidase 4	SINGLE PROTEIN	Homo sapiens	3793	True
802	11141	CHEMBL4773	Glucagon receptor	SINGLE PROTEIN	Mus musculus	84	False
803	11142	CHEMBL4720	Glucagon receptor	SINGLE PROTEIN	Rattus norvegicus	34	False
804	11144	CHEMBL4929	Serum amyloid P-component	SINGLE PROTEIN	Homo sapiens	15	False
805	11149	CHEMBL2973	Rho-associated protein kinase 2	SINGLE PROTEIN	Homo sapiens	6304	True
806	11150	CHEMBL2558	Death-associated protein kinase 1	SINGLE PROTEIN	Homo sapiens	427	False
807	11152	CHEMBL3171	Folylpolyglutamate synthase, mitochondrial	SINGLE PROTEIN	Homo sapiens	26	False
808	11153	CHEMBL1964	A-type voltage-gated potassium channel KCND3	SINGLE PROTEIN	Homo sapiens	6	False
809	11154	CHEMBL3869	Matrix metalloproteinase-14	SINGLE PROTEIN	Homo sapiens	680	False
810	11156	CHEMBL4308	B1 bradykinin receptor	SINGLE PROTEIN	Homo sapiens	780	False
811	11158	CHEMBL4138	Voltage-dependent L-type calcium channel subunit alpha-1D	SINGLE PROTEIN	Homo sapiens	5	False
812	11159	CHEMBL3172	Dihydropyrimidine dehydrogenase [NADP(+)]	SINGLE PROTEIN	Homo sapiens	6	True
813	11160	CHEMBL2635	Dual specificity protein phosphatase 3	SINGLE PROTEIN	Homo sapiens	369	False
814	11163	CHEMBL4958	Dynamin-1	SINGLE PROTEIN	Homo sapiens	44	False
815	11165	CHEMBL4931	3-beta-hydroxysteroid-Delta(8),Delta(7)-isomerase	SINGLE PROTEIN	Homo sapiens	81	False
816	11168	CHEMBL4959	Gastrin-releasing peptide receptor	SINGLE PROTEIN	Homo sapiens	23	False
817	11169	CHEMBL3596	Gastrin-releasing peptide receptor	SINGLE PROTEIN	Mus musculus	16	False
818	11172	CHEMBL3174	Glutathione S-transferase omega-1	SINGLE PROTEIN	Homo sapiens	72	False
819	11173	CHEMBL2535	Solute carrier family 2, facilitated glucose transporter member 1	SINGLE PROTEIN	Homo sapiens	920	False
820	11174	CHEMBL3129	Guanine deaminase	SINGLE PROTEIN	Homo sapiens	9	False
821	11176	CHEMBL4619	Dual specificity calcium/calmodulin-dependent 3',5'-cyclic nucleotide phosphodiesterase 1C	SINGLE PROTEIN	Homo sapiens	645	False
822	11177	CHEMBL3130	Phosphatidylinositol 4,5-bisphosphate 3-kinase catalytic subunit delta isoform	SINGLE PROTEIN	Homo sapiens	9240	True
823	11179	CHEMBL4136	Cytosolic phospholipase A2 beta	SINGLE PROTEIN	Homo sapiens	37	False
824	11180	CHEMBL2047	Bile acid receptor	SINGLE PROTEIN	Homo sapiens	3382	True
825	11181	CHEMBL2048	Fibrinogen beta chain	SINGLE PROTEIN	Homo sapiens	8	False
826	11184	CHEMBL3068	Neuronal acetylcholine receptor subunit alpha-3	SINGLE PROTEIN	Homo sapiens	24	False
827	11186	CHEMBL2408	Cytochrome P450 2C18	SINGLE PROTEIN	Homo sapiens	13	False
828	11187	CHEMBL3978	Cytochrome P450 4A11	SINGLE PROTEIN	Homo sapiens	428	False
829	11188	CHEMBL3849	Lanosterol 14-alpha demethylase	SINGLE PROTEIN	Homo sapiens	34	False
830	11189	CHEMBL3102	Dopamine beta-hydroxylase	SINGLE PROTEIN	Homo sapiens	23	False
831	11191	CHEMBL2472	Gamma-aminobutyric acid receptor subunit alpha-4	SINGLE PROTEIN	Homo sapiens	11	False
832	11192	CHEMBL4791	Endothelin-converting enzyme 1	SINGLE PROTEIN	Homo sapiens	287	False
833	11199	CHEMBL2407	Chymotrypsin-like elastase family member 2A	SINGLE PROTEIN	Sus scrofa	49	False
834	11201	CHEMBL4000	Glycogen [starch] synthase, muscle	SINGLE PROTEIN	Homo sapiens	135	False
835	11202	CHEMBL4464	Sterol O-acyltransferase 1	SINGLE PROTEIN	Mus musculus	170	False
836	11203	CHEMBL285	Sterol O-acyltransferase 1	SINGLE PROTEIN	Rattus norvegicus	829	False
837	11204	CHEMBL4465	Sterol O-acyltransferase 2	SINGLE PROTEIN	Homo sapiens	148	False
838	11205	CHEMBL4001	Histone deacetylase 1	SINGLE PROTEIN	Mus musculus	55	False
839	11206	CHEMBL1937	Histone deacetylase 2	SINGLE PROTEIN	Homo sapiens	2533	True
840	11208	CHEMBL1829	Histone deacetylase 3	SINGLE PROTEIN	Homo sapiens	2339	True
841	11209	CHEMBL4014	Tyrosine-protein kinase ABL2	SINGLE PROTEIN	Homo sapiens	526	False
842	11212	CHEMBL4239	Dolichyl-diphosphooligosaccharide--protein glycosyltransferase 48 kDa subunit	SINGLE PROTEIN	Homo sapiens	13	False
843	11213	CHEMBL3880	Heat shock protein HSP 90-alpha	SINGLE PROTEIN	Homo sapiens	2557	False
844	11214	CHEMBL3590	Hormone-sensitive lipase	SINGLE PROTEIN	Homo sapiens	271	False
845	11221	CHEMBL4016	Glutamate receptor 2	SINGLE PROTEIN	Homo sapiens	253	False
846	11223	CHEMBL3684	Glutamate receptor ionotropic, kainate 3	SINGLE PROTEIN	Homo sapiens	24	False
847	11225	CHEMBL286	Renin	SINGLE PROTEIN	Homo sapiens	2594	True
848	11226	CHEMBL2615	Renin-1	SINGLE PROTEIN	Mus musculus	7	False
849	11228	CHEMBL2767	Ectonucleoside triphosphate diphosphohydrolase 1	SINGLE PROTEIN	Rattus norvegicus	10	False
850	11229	CHEMBL4241	Squalene monooxygenase	SINGLE PROTEIN	Rattus norvegicus	37	False
851	11230	CHEMBL3592	Squalene monooxygenase	SINGLE PROTEIN	Homo sapiens	29	False
852	11231	CHEMBL3593	Lanosterol synthase	SINGLE PROTEIN	Homo sapiens	120	False
853	11232	CHEMBL3524	Histone deacetylase 4	SINGLE PROTEIN	Homo sapiens	1013	False
854	11235	CHEMBL2878	Histone deacetylase 6	SINGLE PROTEIN	Mus musculus	73	False
855	11237	CHEMBL3525	Integrin alpha-3	SINGLE PROTEIN	Homo sapiens	7	False
856	11239	CHEMBL2693	Leucyl-cystinyl aminopeptidase	SINGLE PROTEIN	Homo sapiens	393	False
857	11241	CHEMBL4244	Legumain	SINGLE PROTEIN	Homo sapiens	185	False
858	11242	CHEMBL2695	Focal adhesion kinase 1	SINGLE PROTEIN	Homo sapiens	2489	False
859	11243	CHEMBL3526	Glycogen phosphorylase, muscle form	SINGLE PROTEIN	Homo sapiens	93	False
860	11249	CHEMBL2696	Serotonin 4 (5-HT4) receptor	SINGLE PROTEIN	Sus scrofa	7	False
861	11250	CHEMBL3741	Rod cGMP-specific 3',5'-cyclic phosphodiesterase subunit alpha	SINGLE PROTEIN	Bos taurus	24	False
862	11251	CHEMBL4559	Aldo-keto reductase family 1 member B1	SINGLE PROTEIN	Sus scrofa	66	False
863	11254	CHEMBL3751	Steroid hormone receptor ERR2	SINGLE PROTEIN	Homo sapiens	92	False
864	11255	CHEMBL4245	Estrogen-related receptor gamma	SINGLE PROTEIN	Homo sapiens	210	False
865	11257	CHEMBL1954	Ribonucleoside-diphosphate reductase subunit M2	SINGLE PROTEIN	Homo sapiens	12	False
866	11260	CHEMBL4652	Somatostatin receptor type 1	SINGLE PROTEIN	Rattus norvegicus	141	False
867	11261	CHEMBL2028	Somatostatin receptor type 3	SINGLE PROTEIN	Homo sapiens	413	False
868	11262	CHEMBL2238	Somatostatin receptor type 3	SINGLE PROTEIN	Mus musculus	19	False
869	11265	CHEMBL1792	Somatostatin receptor type 5	SINGLE PROTEIN	Homo sapiens	530	False
870	11267	CHEMBL3559	Steryl-sulfatase	SINGLE PROTEIN	Homo sapiens	541	True
871	11269	CHEMBL2808	Oxysterols receptor LXR-alpha	SINGLE PROTEIN	Homo sapiens	1011	False
872	11272	CHEMBL287	Sigma non-opioid intracellular receptor 1	SINGLE PROTEIN	Homo sapiens	3130	True
873	11273	CHEMBL2240	Acetyl-CoA acetyltransferase, cytosolic	SINGLE PROTEIN	Homo sapiens	5	False
874	11275	CHEMBL3560	Malate dehydrogenase, cytoplasmic	SINGLE PROTEIN	Homo sapiens	22	False
875	11279	CHEMBL3772	Metabotropic glutamate receptor 1	SINGLE PROTEIN	Homo sapiens	814	False
876	11280	CHEMBL3227	Metabotropic glutamate receptor 5	SINGLE PROTEIN	Homo sapiens	2999	True
877	11281	CHEMBL3228	Metabotropic glutamate receptor 8	SINGLE PROTEIN	Homo sapiens	63	False
878	11286	CHEMBL4631	Endothelin receptor type B	SINGLE PROTEIN	Rattus norvegicus	186	False
879	11287	CHEMBL2820	Coagulation factor XI	SINGLE PROTEIN	Homo sapiens	2863	True
880	11288	CHEMBL2821	Coagulation factor XII	SINGLE PROTEIN	Homo sapiens	426	True
881	11289	CHEMBL3229	Fatty-acid amide hydrolase 1	SINGLE PROTEIN	Rattus norvegicus	1742	False
882	11290	CHEMBL3759	Histamine H4 receptor	SINGLE PROTEIN	Homo sapiens	1368	False
883	11291	CHEMBL2243	Fatty-acid amide hydrolase 1	SINGLE PROTEIN	Homo sapiens	1836	True
884	11293	CHEMBL3411	CAAX prenyl protease 2	SINGLE PROTEIN	Homo sapiens	150	False
885	11296	CHEMBL4701	Histamine H1 receptor	SINGLE PROTEIN	Rattus norvegicus	134	False
886	11298	CHEMBL4654	Histamine H2 receptor	SINGLE PROTEIN	Rattus norvegicus	42	False
887	11299	CHEMBL3263	Histamine H3 receptor	SINGLE PROTEIN	Mus musculus	91	False
888	11300	CHEMBL4124	Histamine H3 receptor	SINGLE PROTEIN	Rattus norvegicus	1587	False
889	11303	CHEMBL2541	C-1-tetrahydrofolate synthase, cytoplasmic	SINGLE PROTEIN	Homo sapiens	16	False
890	11307	CHEMBL1865	Histone deacetylase 6	SINGLE PROTEIN	Homo sapiens	6334	True
891	11308	CHEMBL2246	Aldo-keto reductase family 1 member A1	SINGLE PROTEIN	Homo sapiens	47	False
892	11313	CHEMBL2247	Atrial natriuretic peptide receptor 3	SINGLE PROTEIN	Homo sapiens	10	False
893	11316	CHEMBL2544	Peptidyl-glycine alpha-amidating monooxygenase	SINGLE PROTEIN	Homo sapiens	9	False
894	11318	CHEMBL2248	High affinity immunoglobulin epsilon receptor subunit alpha	SINGLE PROTEIN	Homo sapiens	14	False
895	11320	CHEMBL3815	Squalene synthase	SINGLE PROTEIN	Rattus norvegicus	482	False
896	11321	CHEMBL2546	Heme oxygenase 2	SINGLE PROTEIN	Homo sapiens	8	False
897	11328	CHEMBL2823	Heme oxygenase 1	SINGLE PROTEIN	Homo sapiens	21	False
898	11329	CHEMBL3839	Fibroblast growth factor receptor 4	SINGLE PROTEIN	Mus musculus	73	False
899	11330	CHEMBL2824	Arginine--tRNA ligase, cytoplasmic	SINGLE PROTEIN	Homo sapiens	5	False
900	11335	CHEMBL3876	Nuclear factor of activated T-cells, cytoplasmic 1	SINGLE PROTEIN	Homo sapiens	24	False
901	11336	CHEMBL4561	Neuropeptide Y receptor type 5	SINGLE PROTEIN	Homo sapiens	1084	False
902	11337	CHEMBL2826	Proprotein convertase subtilisin/kexin type 5	SINGLE PROTEIN	Homo sapiens	6	False
903	11343	CHEMBL4133	Prostaglandin G/H synthase 1	SINGLE PROTEIN	Canis lupus familiaris	45	False
904	11346	CHEMBL4033	Cyclooxygenase-2	SINGLE PROTEIN	Canis lupus familiaris	112	False
905	11352	CHEMBL2686	Tryptophan 2,3-dioxygenase	SINGLE PROTEIN	Rattus norvegicus	7	False
906	11353	CHEMBL3575	2-5A-dependent ribonuclease	SINGLE PROTEIN	Homo sapiens	36	False
907	11356	CHEMBL2140	Tryptophan 2,3-dioxygenase	SINGLE PROTEIN	Homo sapiens	918	False
908	11359	CHEMBL288	3',5'-cyclic-AMP phosphodiesterase 4D	SINGLE PROTEIN	Homo sapiens	2200	False
909	11360	CHEMBL3977	Cone cGMP-specific 3',5'-cyclic phosphodiesterase subunit alpha'	SINGLE PROTEIN	Homo sapiens	35	False
910	11361	CHEMBL4004	Phosphorylase b kinase gamma catalytic chain, skeletal muscle/heart isoform	SINGLE PROTEIN	Homo sapiens	219	False
911	11362	CHEMBL4005	Phosphatidylinositol 4,5-bisphosphate 3-kinase catalytic subunit alpha isoform	SINGLE PROTEIN	Homo sapiens	7875	True
912	11364	CHEMBL4045	5'-AMP-activated protein kinase catalytic subunit alpha-1	SINGLE PROTEIN	Homo sapiens	559	False
913	11365	CHEMBL289	Cytochrome P450 2D6	SINGLE PROTEIN	Homo sapiens	5617	True
914	11379	CHEMBL2689	Macrophage-stimulating protein receptor	SINGLE PROTEIN	Homo sapiens	637	True
915	11382	CHEMBL2688	Hexokinase-1	SINGLE PROTEIN	Homo sapiens	27	False
916	11387	CHEMBL3618	Coagulation factor V	SINGLE PROTEIN	Homo sapiens	10	True
917	11390	CHEMBL4176	Tissue alpha-L-fucosidase	SINGLE PROTEIN	Homo sapiens	66	True
918	11391	CHEMBL4784	Thymidine kinase	SINGLE PROTEIN	Varicella-zoster virus (strain Dumas) (HHV-3) (Human herpesvirus 3)	7	False
919	11392	CHEMBL4785	Multidrug transporter MdfA	SINGLE PROTEIN	Escherichia coli K-12	27	False
920	11395	CHEMBL290	cGMP-inhibited 3',5'-cyclic phosphodiesterase 3B	SINGLE PROTEIN	Homo sapiens	414	False
921	11396	CHEMBL291	3',5'-cyclic-AMP phosphodiesterase 4C	SINGLE PROTEIN	Homo sapiens	250	False
922	11398	CHEMBL4302	ATP-dependent translocase ABCB1	SINGLE PROTEIN	Homo sapiens	2141	True
923	11399	CHEMBL1873	Tissue-type plasminogen activator	SINGLE PROTEIN	Homo sapiens	697	False
924	11400	CHEMBL2842	Serine/threonine-protein kinase mTOR	SINGLE PROTEIN	Homo sapiens	5224	True
925	11401	CHEMBL2710	Tissue alpha-L-fucosidase	SINGLE PROTEIN	Rattus norvegicus	18	False
926	11402	CHEMBL2611	Furin	SINGLE PROTEIN	Homo sapiens	201	False
927	11403	CHEMBL4177	Retinoic acid receptor gamma	SINGLE PROTEIN	Mus musculus	28	False
928	11406	CHEMBL3997	Insulin-like growth factor-binding protein 3	SINGLE PROTEIN	Homo sapiens	39	False
929	11407	CHEMBL4179	Mitogen-activated protein kinase 9	SINGLE PROTEIN	Homo sapiens	1929	False
930	11408	CHEMBL2637	Mitogen-activated protein kinase 10	SINGLE PROTEIN	Homo sapiens	1813	False
931	11409	CHEMBL3587	Dual specificity mitogen-activated protein kinase kinase 1	SINGLE PROTEIN	Homo sapiens	1561	False
932	11410	CHEMBL2638	Ribose-phosphate pyrophosphokinase 1	SINGLE PROTEIN	Homo sapiens	114	False
933	11413	CHEMBL3900	Myeloblastin	SINGLE PROTEIN	Homo sapiens	24	False
934	11414	CHEMBL3918	Receptor-type tyrosine-protein phosphatase alpha	SINGLE PROTEIN	Homo sapiens	23	False
935	11415	CHEMBL3975	Fructose-1,6-bisphosphatase 1	SINGLE PROTEIN	Homo sapiens	555	False
936	11416	CHEMBL3902	Glutathione S-transferase P	SINGLE PROTEIN	Homo sapiens	144	False
937	11418	CHEMBL3957	Phospho-N-acetylmuramoyl-pentapeptide-transferase	SINGLE PROTEIN	Escherichia coli K-12	11	False
938	11421	CHEMBL4788	Chorismate synthase	SINGLE PROTEIN	Streptococcus pneumoniae serotype 4 (strain ATCC BAA-334 / TIGR4)	31	False
939	11422	CHEMBL2640	Hexokinase-2	SINGLE PROTEIN	Homo sapiens	25	False
940	11426	CHEMBL3998	D(2) dopamine receptor	SINGLE PROTEIN	Bos taurus	223	False
941	11427	CHEMBL3427	D(2) dopamine receptor	SINGLE PROTEIN	Mus musculus	119	False
942	11430	CHEMBL3138	D(3) dopamine receptor	SINGLE PROTEIN	Rattus norvegicus	620	False
943	11431	CHEMBL4181	S-adenosylmethionine decarboxylase proenzyme	SINGLE PROTEIN	Homo sapiens	20	False
944	11439	CHEMBL292	Gamma-aminobutyric acid receptor subunit alpha-4	SINGLE PROTEIN	Rattus norvegicus	13	False
945	11440	CHEMBL5112	Gamma-aminobutyric acid receptor subunit alpha-5	SINGLE PROTEIN	Homo sapiens	504	False
946	11441	CHEMBL2706	Receptor-type tyrosine-protein phosphatase beta	SINGLE PROTEIN	Homo sapiens	165	False
947	11442	CHEMBL2568	Glycogen phosphorylase, liver form	SINGLE PROTEIN	Homo sapiens	462	False
948	11443	CHEMBL3091	Sortilin	SINGLE PROTEIN	Homo sapiens	83	False
949	11444	CHEMBL4183	P-selectin glycoprotein ligand 1	SINGLE PROTEIN	Homo sapiens	17	False
950	11446	CHEMBL3715	Sodium- and chloride-dependent betaine transporter	SINGLE PROTEIN	Homo sapiens	13	False
951	11447	CHEMBL2275	Sorbitol dehydrogenase	SINGLE PROTEIN	Homo sapiens	67	False
952	11450	CHEMBL4184	Lysosomal acid lipase/cholesteryl ester hydrolase	SINGLE PROTEIN	Homo sapiens	11	False
953	11451	CHEMBL3717	Hepatocyte growth factor receptor	SINGLE PROTEIN	Homo sapiens	5401	True
954	11452	CHEMBL2569	Microsomal triglyceride transfer protein large subunit	SINGLE PROTEIN	Homo sapiens	154	False
955	11453	CHEMBL4185	Xaa-Pro dipeptidase	SINGLE PROTEIN	Homo sapiens	46	False
956	11458	CHEMBL2570	Deoxycytidine kinase	SINGLE PROTEIN	Mus musculus	50	False
957	11460	CHEMBL2840	Ornithine decarboxylase	SINGLE PROTEIN	Mus musculus	43	False
958	11463	CHEMBL2579	Gamma-aminobutyric acid receptor subunit alpha-6	SINGLE PROTEIN	Homo sapiens	13	False
959	11464	CHEMBL293	Gamma-aminobutyric acid receptor subunit alpha-6	SINGLE PROTEIN	Rattus norvegicus	9	False
960	11471	CHEMBL4232	Spermidine synthase	SINGLE PROTEIN	Homo sapiens	6	False
961	11472	CHEMBL4026	Signal transducer and activator of transcription 3	SINGLE PROTEIN	Homo sapiens	892	False
962	11473	CHEMBL3706	Disintegrin and metalloproteinase domain-containing protein 17	SINGLE PROTEIN	Homo sapiens	1845	False
963	11480	CHEMBL1980	Sodium channel protein type 5 subunit alpha	SINGLE PROTEIN	Homo sapiens	963	True
964	11483	CHEMBL2810	Protein-glutamine gamma-glutamyltransferase K	SINGLE PROTEIN	Homo sapiens	61	False
965	11488	CHEMBL4234	17-beta-hydroxysteroid dehydrogenase type 3	SINGLE PROTEIN	Homo sapiens	294	False
966	11489	CHEMBL4235	11-beta-hydroxysteroid dehydrogenase 1	SINGLE PROTEIN	Homo sapiens	3188	True
967	11490	CHEMBL2908	11-beta-hydroxysteroid dehydrogenase type 2	SINGLE PROTEIN	Rattus norvegicus	6	True
968	11491	CHEMBL2910	Dihydropteridine reductase	SINGLE PROTEIN	Rattus norvegicus	10	False
969	11492	CHEMBL296	Gamma-aminobutyric acid receptor subunit gamma-1	SINGLE PROTEIN	Rattus norvegicus	11	False
970	11498	CHEMBL3176	Galanin receptor type 2	SINGLE PROTEIN	Homo sapiens	54	False
971	11499	CHEMBL4610	Xaa-Pro aminopeptidase 2	SINGLE PROTEIN	Homo sapiens	8	False
972	11500	CHEMBL4342	Group 10 secretory phospholipase A2	SINGLE PROTEIN	Homo sapiens	110	True
973	11502	CHEMBL3178	Protein-tyrosine sulfotransferase 2	SINGLE PROTEIN	Homo sapiens	8	False
974	11504	CHEMBL2145	Kynurenine 3-monooxygenase	SINGLE PROTEIN	Homo sapiens	184	True
975	11505	CHEMBL3179	Tyrosine--tRNA ligase, cytoplasmic	SINGLE PROTEIN	Homo sapiens	19	False
976	11507	CHEMBL3180	Cocaine esterase	SINGLE PROTEIN	Homo sapiens	219	False
977	11511	CHEMBL2146	NADH-cytochrome b5 reductase	SINGLE PROTEIN	Homo sapiens	8	False
978	11512	CHEMBL3181	17-beta-hydroxysteroid dehydrogenase type 1	SINGLE PROTEIN	Homo sapiens	737	False
979	11514	CHEMBL3182	Neuroendocrine convertase 1	SINGLE PROTEIN	Homo sapiens	6	False
980	11515	CHEMBL3878	Rod cGMP-specific 3',5'-cyclic phosphodiesterase subunit alpha	SINGLE PROTEIN	Homo sapiens	48	False
981	11517	CHEMBL3890	E-selectin	SINGLE PROTEIN	Homo sapiens	153	True
982	11518	CHEMBL2371	Tyrosine-protein phosphatase non-receptor type 1	SINGLE PROTEIN	Rattus norvegicus	82	False
983	11520	CHEMBL3166	Tyrosine-protein phosphatase non-receptor type 6	SINGLE PROTEIN	Homo sapiens	93	False
984	11521	CHEMBL2219	Tyrosine-protein phosphatase non-receptor type 7	SINGLE PROTEIN	Homo sapiens	250	False
985	11522	CHEMBL298	Gastrin/cholecystokinin type B receptor	SINGLE PROTEIN	Homo sapiens	1103	False
986	11523	CHEMBL3864	Tyrosine-protein phosphatase non-receptor type 11	SINGLE PROTEIN	Homo sapiens	2572	True
987	11524	CHEMBL2854	Gastrin/cholecystokinin type B receptor	SINGLE PROTEIN	Mus musculus	479	False
988	11528	CHEMBL2720	Gastrin/cholecystokinin type B receptor	SINGLE PROTEIN	Bos taurus	10	False
989	11530	CHEMBL5098	Glutamate carboxypeptidase 2	SINGLE PROTEIN	Rattus norvegicus	46	False
990	11531	CHEMBL3251	Nuclear factor NF-kappa-B p105 subunit	SINGLE PROTEIN	Homo sapiens	425	False
991	11534	CHEMBL2954	Cathepsin S	SINGLE PROTEIN	Homo sapiens	2405	False
992	11535	CHEMBL4158	Fatty acid synthase	SINGLE PROTEIN	Homo sapiens	1151	False
993	11536	CHEMBL4616	Growth hormone secretagogue receptor type 1	SINGLE PROTEIN	Homo sapiens	1730	False
994	11538	CHEMBL2721	Excitatory amino acid transporter 3	SINGLE PROTEIN	Homo sapiens	84	False
995	11539	CHEMBL2912	AMP deaminase 3	SINGLE PROTEIN	Homo sapiens	43	False
996	11540	CHEMBL4051	Cystic fibrosis transmembrane conductance regulator	SINGLE PROTEIN	Homo sapiens	827	False
997	11541	CHEMBL2722	Cytochrome P450 11B2, mitochondrial	SINGLE PROTEIN	Homo sapiens	2180	True
998	11542	CHEMBL2759	Steroid 21-hydroxylase	SINGLE PROTEIN	Homo sapiens	189	False
999	11544	CHEMBL4331	Hemoglobin subunit beta	SINGLE PROTEIN	Homo sapiens	72	False
1000	11546	CHEMBL4059	Lysosomal alpha-mannosidase	SINGLE PROTEIN	Homo sapiens	5	False
1001	11556	CHEMBL3278	Growth hormone secretagogue receptor type 1	SINGLE PROTEIN	Rattus norvegicus	72	False
1002	11558	CHEMBL3084	Retinoic acid receptor RXR-alpha	SINGLE PROTEIN	Mus musculus	19	False
1003	11559	CHEMBL4431	Retinoic acid receptor RXR-alpha	SINGLE PROTEIN	Rattus norvegicus	24	False
1004	11560	CHEMBL3085	Excitatory amino acid transporter 1	SINGLE PROTEIN	Homo sapiens	101	False
1005	11562	CHEMBL2955	Sphingosine 1-phosphate receptor 2	SINGLE PROTEIN	Homo sapiens	406	False
1006	11564	CHEMBL3136	Sarcoplasmic/endoplasmic reticulum calcium ATPase 1	SINGLE PROTEIN	Homo sapiens	8	False
1007	11565	CHEMBL4804	M-phase inducer phosphatase 2	SINGLE PROTEIN	Homo sapiens	388	False
1008	11567	CHEMBL2225	Pro-cathepsin H	SINGLE PROTEIN	Homo sapiens	28	False
1009	11569	CHEMBL3290	Ephrin type-B receptor 2	SINGLE PROTEIN	Homo sapiens	451	False
1010	11570	CHEMBL2760	Sphingomyelin phosphodiesterase	SINGLE PROTEIN	Homo sapiens	133	False
1011	11573	CHEMBL4803	Nitric oxide synthase 3	SINGLE PROTEIN	Homo sapiens	388	False
1012	11574	CHEMBL4029	C-X-C chemokine receptor type 1	SINGLE PROTEIN	Homo sapiens	263	False
1013	11575	CHEMBL4015	C-C chemokine receptor type 2	SINGLE PROTEIN	Homo sapiens	1899	True
1014	11578	CHEMBL3284	All-trans-retinol dehydrogenase [NAD(+)] ADH1B	SINGLE PROTEIN	Homo sapiens	9	False
1015	11579	CHEMBL3285	Alcohol dehydrogenase 1C	SINGLE PROTEIN	Homo sapiens	6	False
1016	11581	CHEMBL2991	Dihydroorotate dehydrogenase (quinone), mitochondrial	SINGLE PROTEIN	Mus musculus	65	False
1017	11582	CHEMBL2761	Aspartyl aminopeptidase	SINGLE PROTEIN	Homo sapiens	5	False
1018	11583	CHEMBL4702	Dopamine beta-hydroxylase	SINGLE PROTEIN	Bos taurus	42	True
1019	11584	CHEMBL2992	Dopamine beta-hydroxylase	SINGLE PROTEIN	Rattus norvegicus	10	False
1020	11588	CHEMBL4332	Quinone oxidoreductase	SINGLE PROTEIN	Mus musculus	8	False
1021	11589	CHEMBL4047	Retinoic acid receptor RXR-beta	SINGLE PROTEIN	Mus musculus	60	False
1022	11590	CHEMBL4612	Glutamine synthetase	SINGLE PROTEIN	Homo sapiens	12	False
1023	11593	CHEMBL3422	3-oxo-5-alpha-steroid 4-dehydrogenase 1	SINGLE PROTEIN	Rattus norvegicus	83	False
1024	11594	CHEMBL5099	3-oxo-5-alpha-steroid 4-dehydrogenase 2	SINGLE PROTEIN	Rattus norvegicus	36	False
1025	11596	CHEMBL3060	Sodium- and chloride-dependent glycine transporter 2	SINGLE PROTEIN	Homo sapiens	155	False
1026	11597	CHEMBL3195	Sodium- and chloride-dependent glycine transporter 2	SINGLE PROTEIN	Rattus norvegicus	46	False
1027	11600	CHEMBL4049	Aldo-keto reductase family 1 member A1	SINGLE PROTEIN	Sus scrofa	9	False
1028	11601	CHEMBL2381	Arachidonate 12-lipoxygenase	SINGLE PROTEIN	Sus scrofa	100	False
1029	11602	CHEMBL4062	Calpain-1 catalytic subunit	SINGLE PROTEIN	Sus scrofa	138	False
1030	11603	CHEMBL2263	Fructose-1,6-bisphosphatase 1	SINGLE PROTEIN	Sus scrofa	12	True
1031	11606	CHEMBL4065	Carboxypeptidase B	SINGLE PROTEIN	Sus scrofa	15	False
1032	11607	CHEMBL3203	4-hydroxyphenylpyruvate dioxygenase	SINGLE PROTEIN	Sus scrofa	39	False
1033	11615	CHEMBL3870	Matrix metalloproteinase-9	SINGLE PROTEIN	Rattus norvegicus	33	False
1034	11617	CHEMBL3616	Protein kinase C eta type	SINGLE PROTEIN	Homo sapiens	581	False
1035	11618	CHEMBL2976	Tyrosine-protein phosphatase non-receptor type 13	SINGLE PROTEIN	Homo sapiens	18	False
1036	11619	CHEMBL2264	Puromycin-sensitive aminopeptidase	SINGLE PROTEIN	Homo sapiens	23	False
1037	11622	CHEMBL2801	Calcium/calmodulin-dependent protein kinase type II subunit delta	SINGLE PROTEIN	Homo sapiens	720	False
1038	11624	CHEMBL4801	Caspase-1	SINGLE PROTEIN	Homo sapiens	1410	False
1039	11626	CHEMBL3116	Cyclin-dependent kinase 9	SINGLE PROTEIN	Homo sapiens	2014	True
1040	11627	CHEMBL2265	Liver carboxylesterase 1	SINGLE PROTEIN	Homo sapiens	311	False
1041	11628	CHEMBL3117	Choline kinase alpha	SINGLE PROTEIN	Homo sapiens	162	False
1042	11629	CHEMBL2543	Casein kinase I isoform gamma-2	SINGLE PROTEIN	Homo sapiens	630	False
1043	11631	CHEMBL4333	Sphingosine 1-phosphate receptor 1	SINGLE PROTEIN	Homo sapiens	3164	True
1044	11632	CHEMBL3383	Liver carboxylesterase	SINGLE PROTEIN	Sus scrofa	78	False
1045	11633	CHEMBL2266	4-aminobutyrate aminotransferase, mitochondrial	SINGLE PROTEIN	Sus scrofa	6	False
1046	11634	CHEMBL2590	Aminopeptidase N	SINGLE PROTEIN	Sus scrofa	559	True
1047	11635	CHEMBL299	Protein kinase C alpha type	SINGLE PROTEIN	Homo sapiens	1344	False
1048	11636	CHEMBL3045	Protein kinase C beta type	SINGLE PROTEIN	Homo sapiens	858	True
1049	11637	CHEMBL3384	Serine/threonine-protein kinase N1	SINGLE PROTEIN	Homo sapiens	263	False
1050	11638	CHEMBL4040	Mitogen-activated protein kinase 1	SINGLE PROTEIN	Homo sapiens	9109	True
1051	11639	CHEMBL3385	Mitogen-activated protein kinase 3	SINGLE PROTEIN	Homo sapiens	985	False
1052	11643	CHEMBL4320	DNA topoisomerase 3	SINGLE PROTEIN	Bacillus subtilis (strain 168)	18	False
1053	11645	CHEMBL4974	HPr kinase/phosphorylase	SINGLE PROTEIN	Bacillus subtilis (strain 168)	18	False
1054	11652	CHEMBL3046	Sialidase-3	SINGLE PROTEIN	Homo sapiens	31	False
1055	11653	CHEMBL3921	Heparanase	SINGLE PROTEIN	Homo sapiens	225	False
1056	11658	CHEMBL3298	Alpha-enolase	SINGLE PROTEIN	Homo sapiens	13	False
1057	11663	CHEMBL3105	Poly [ADP-ribose] polymerase 1	SINGLE PROTEIN	Homo sapiens	4467	True
1058	11668	CHEMBL3505	Glutamate receptor 4	SINGLE PROTEIN	Rattus norvegicus	42	False
1059	11676	CHEMBL3047	Transmembrane prolyl 4-hydroxylase	SINGLE PROTEIN	Homo sapiens	53	False
1060	11677	CHEMBL3048	Nitric oxide synthase 1	SINGLE PROTEIN	Rattus norvegicus	580	False
1061	11678	CHEMBL301	Cyclin-dependent kinase 2	SINGLE PROTEIN	Homo sapiens	2655	True
1062	11680	CHEMBL2868	Vasopressin V1a receptor	SINGLE PROTEIN	Rattus norvegicus	288	False
1063	11682	CHEMBL2337	Sodium- and chloride-dependent glycine transporter 1	SINGLE PROTEIN	Homo sapiens	1489	False
1064	11684	CHEMBL3923	Nischarin	SINGLE PROTEIN	Homo sapiens	178	True
1065	11685	CHEMBL2386	Chymotrypsin-C	SINGLE PROTEIN	Homo sapiens	90	False
1066	11689	CHEMBL3901	Sarcoplasmic/endoplasmic reticulum calcium ATPase 2	SINGLE PROTEIN	Homo sapiens	11	False
1067	11690	CHEMBL3217	V-type proton ATPase subunit B, kidney isoform	SINGLE PROTEIN	Homo sapiens	5	True
1068	11691	CHEMBL2250	Tyrosine-protein kinase Blk	SINGLE PROTEIN	Homo sapiens	832	False
1069	11692	CHEMBL4611	Complement C1r subcomponent	SINGLE PROTEIN	Homo sapiens	46	False
1070	11694	CHEMBL2382	Calpain-2 catalytic subunit	SINGLE PROTEIN	Homo sapiens	161	True
1071	11695	CHEMBL3218	B-cell receptor CD22	SINGLE PROTEIN	Homo sapiens	30	False
1072	11696	CHEMBL3219	Bile salt-activated lipase	SINGLE PROTEIN	Homo sapiens	11	False
1073	11699	CHEMBL2251	Phosphatidylinositol 4-kinase type 2-alpha	SINGLE PROTEIN	Homo sapiens	31	False
1074	11711	CHEMBL2642	Neprilysin	SINGLE PROTEIN	Mus musculus	10	False
1075	11717	CHEMBL4334	Prostaglandin-H2 D-isomerase	SINGLE PROTEIN	Mus musculus	31	False
1076	11718	CHEMBL2792	Retinoic acid receptor alpha	SINGLE PROTEIN	Mus musculus	35	False
1077	11720	CHEMBL2793	Casein kinase I isoform alpha	SINGLE PROTEIN	Homo sapiens	611	False
1078	11722	CHEMBL3092	Cathepsin E	SINGLE PROTEIN	Homo sapiens	72	False
1079	11723	CHEMBL3106	Thymidine phosphorylase	SINGLE PROTEIN	Homo sapiens	93	False
1080	11726	CHEMBL3439	Glutamyl aminopeptidase	SINGLE PROTEIN	Homo sapiens	38	True
1081	11727	CHEMBL2409	Bifunctional epoxide hydrolase 2	SINGLE PROTEIN	Homo sapiens	2576	False
1082	11729	CHEMBL3107	Fibroblast growth factor 2	SINGLE PROTEIN	Homo sapiens	13	False
1083	11736	CHEMBL302	Adenosine receptor A2a	SINGLE PROTEIN	Rattus norvegicus	1598	False
1084	11742	CHEMBL2674	Phosphoglycerate kinase	SINGLE PROTEIN	Saccharomyces cerevisiae S288c	7	False
1085	11744	CHEMBL2473	Presenilin-1	SINGLE PROTEIN	Homo sapiens	107	False
1086	11748	CHEMBL4303	Heat shock protein HSP 90-beta	SINGLE PROTEIN	Homo sapiens	602	False
1087	11749	CHEMBL3365	Neuronal acetylcholine receptor subunit alpha-7	SINGLE PROTEIN	Mus musculus	15	False
1088	11751	CHEMBL4050	Peptidyl-prolyl cis-trans isomerase FKBP4	SINGLE PROTEIN	Homo sapiens	77	False
1089	11752	CHEMBL1955	Vascular endothelial growth factor receptor 3	SINGLE PROTEIN	Homo sapiens	1131	True
1090	11755	CHEMBL1841	Tyrosine-protein kinase Fyn	SINGLE PROTEIN	Homo sapiens	1563	False
1091	11757	CHEMBL2284	Glyceraldehyde-3-phosphate dehydrogenase	SINGLE PROTEIN	Homo sapiens	19	False
1092	11758	CHEMBL1784	Glucagon-like peptide 1 receptor	SINGLE PROTEIN	Homo sapiens	744	True
1093	11759	CHEMBL2675	Glutamate receptor ionotropic, kainate 5	SINGLE PROTEIN	Homo sapiens	21	False
1094	11762	CHEMBL3607	Glutamate receptor ionotropic, kainate 2	SINGLE PROTEIN	Rattus norvegicus	88	False
1095	11765	CHEMBL3781	5-hydroxytryptamine receptor 3B	SINGLE PROTEIN	Mus musculus	6	False
1096	11766	CHEMBL2676	Endothelin-converting enzyme 1	SINGLE PROTEIN	Rattus norvegicus	77	False
1097	11774	CHEMBL2970	Xaa-Pro aminopeptidase 2	SINGLE PROTEIN	Rattus norvegicus	6	False
1098	11780	CHEMBL3733	Muscarinic acetylcholine receptor M1	SINGLE PROTEIN	Mus musculus	44	False
1099	11781	CHEMBL4172	Cellular retinoic acid-binding protein 2	SINGLE PROTEIN	Mus musculus	6	False
1100	11784	CHEMBL3608	Epidermal growth factor receptor	SINGLE PROTEIN	Mus musculus	44	False
1101	11785	CHEMBL3234	Tyrosine-protein kinase HCK	SINGLE PROTEIN	Homo sapiens	835	True
1102	11787	CHEMBL3235	Isoleucine--tRNA ligase, cytoplasmic	SINGLE PROTEIN	Homo sapiens	22	False
1103	11789	CHEMBL3955	Integrin alpha-5	SINGLE PROTEIN	Homo sapiens	17	False
1104	11795	CHEMBL3760	Adenylate cyclase type 2	SINGLE PROTEIN	Homo sapiens	82	False
1105	11797	CHEMBL4145	Histone deacetylase 9	SINGLE PROTEIN	Homo sapiens	302	False
1106	11802	CHEMBL3099	Tyrosine-protein kinase ABL1	SINGLE PROTEIN	Mus musculus	59	False
1107	11806	CHEMBL3688	Adenosine receptor A1	SINGLE PROTEIN	Mus musculus	92	False
1108	11810	CHEMBL4800	Caspase-1	SINGLE PROTEIN	Mus musculus	102	False
1109	11811	CHEMBL3872	C-C chemokine receptor type 1	SINGLE PROTEIN	Mus musculus	43	False
1110	11814	CHEMBL4046	Inositol 1,4,5-trisphosphate-gated calcium channel ITPR1	SINGLE PROTEIN	Homo sapiens	8	False
1111	11815	CHEMBL3761	Beta-glucosidase	SINGLE PROTEIN	Homo sapiens	75	False
1112	11821	CHEMBL2899	Adenylate cyclase type 1	SINGLE PROTEIN	Homo sapiens	150	False
1113	11827	CHEMBL3735	Vascular cell adhesion protein 1	SINGLE PROTEIN	Homo sapiens	61	False
1114	11831	CHEMBL2237	Adenosine receptor A2b	SINGLE PROTEIN	Mus musculus	12	False
1115	11832	CHEMBL3740	Poly [ADP-ribose] polymerase 1	SINGLE PROTEIN	Mus musculus	89	False
1116	11836	CHEMBL3343	Tyrosine-protein kinase Blk	SINGLE PROTEIN	Mus musculus	18	False
1117	11837	CHEMBL3904	Inositol 1,4,5-trisphosphate-gated calcium channel ITPR3	SINGLE PROTEIN	Homo sapiens	9	False
1118	11839	CHEMBL4304	Calcium-activated potassium channel subunit alpha-1	SINGLE PROTEIN	Homo sapiens	231	False
1119	11840	CHEMBL2369	Small conductance calcium-activated potassium channel protein 1	SINGLE PROTEIN	Homo sapiens	11	False
1120	11842	CHEMBL3905	Tyrosine-protein kinase Lyn	SINGLE PROTEIN	Homo sapiens	1136	True
1121	11843	CHEMBL3906	Ribosomal protein S6 kinase alpha-2	SINGLE PROTEIN	Homo sapiens	671	False
1122	11845	CHEMBL3457	Kynurenine 3-monooxygenase	SINGLE PROTEIN	Rattus norvegicus	100	True
1123	11847	CHEMBL3119	Transient receptor potential cation channel subfamily V member 4	SINGLE PROTEIN	Homo sapiens	575	False
1124	11848	CHEMBL3736	Angiotensin-converting enzyme 2	SINGLE PROTEIN	Homo sapiens	78	False
1125	11854	CHEMBL4174	Sialidase-4	SINGLE PROTEIN	Homo sapiens	23	False
1126	11858	CHEMBL4066	Fibroblast growth factor receptor 3	SINGLE PROTEIN	Mus musculus	19	False
1127	11862	CHEMBL3910	11-beta-hydroxysteroid dehydrogenase 1	SINGLE PROTEIN	Mus musculus	1054	False
1128	11863	CHEMBL3737	5-hydroxytryptamine receptor 1A	SINGLE PROTEIN	Mus musculus	62	False
1129	11864	CHEMBL3006	5-hydroxytryptamine receptor 2C	SINGLE PROTEIN	Mus musculus	11	False
1130	11866	CHEMBL3738	Leukotriene A-4 hydrolase	SINGLE PROTEIN	Mus musculus	59	False
1131	11868	CHEMBL4175	Megakaryocyte-associated tyrosine-protein kinase	SINGLE PROTEIN	Homo sapiens	206	False
1132	11869	CHEMBL3795	Melanocyte-stimulating hormone receptor	SINGLE PROTEIN	Homo sapiens	544	True
1133	11870	CHEMBL2708	Mitogen-activated protein kinase kinase kinase 11	SINGLE PROTEIN	Homo sapiens	473	False
1134	11871	CHEMBL4393	Macrophage metalloelastase	SINGLE PROTEIN	Homo sapiens	633	False
1135	11872	CHEMBL2758	Mannose-6-phosphate isomerase	SINGLE PROTEIN	Homo sapiens	115	False
1136	11873	CHEMBL2873	Mitogen-activated protein kinase kinase kinase 10	SINGLE PROTEIN	Homo sapiens	202	False
1137	11881	CHEMBL1847	Gamma-aminobutyric acid receptor subunit beta-3	SINGLE PROTEIN	Homo sapiens	19	False
1138	11882	CHEMBL4394	Sphingosine kinase 1	SINGLE PROTEIN	Homo sapiens	491	False
1139	11888	CHEMBL4965	7-dehydrocholesterol reductase	SINGLE PROTEIN	Rattus norvegicus	6	False
1140	11890	CHEMBL3461	Neuronal acetylcholine receptor subunit alpha-10	SINGLE PROTEIN	Rattus norvegicus	41	False
1141	11891	CHEMBL2787	Metabotropic glutamate receptor 4	SINGLE PROTEIN	Rattus norvegicus	159	False
1142	11894	CHEMBL2370	Sodium-dependent noradrenaline transporter	SINGLE PROTEIN	Mus musculus	33	True
1143	11896	CHEMBL3074	Proto-oncogene tyrosine-protein kinase Src	SINGLE PROTEIN	Mus musculus	35	False
1144	11898	CHEMBL2813	Substance-K receptor	SINGLE PROTEIN	Mus musculus	15	False
1145	11899	CHEMBL2814	DNA topoisomerase 1	SINGLE PROTEIN	Mus musculus	30	False
1146	11902	CHEMBL2815	High affinity nerve growth factor receptor	SINGLE PROTEIN	Homo sapiens	6320	True
1147	11904	CHEMBL2998	P2X purinoceptor 3	SINGLE PROTEIN	Homo sapiens	4710	True
1148	11907	CHEMBL4398	P2Y purinoceptor 2	SINGLE PROTEIN	Homo sapiens	275	False
1149	11908	CHEMBL2999	Serine/threonine-protein kinase PAK 3	SINGLE PROTEIN	Homo sapiens	355	False
1150	11909	CHEMBL2911	Phosphoenolpyruvate carboxykinase, cytosolic [GTP]	SINGLE PROTEIN	Homo sapiens	21	False
1151	11910	CHEMBL3012	High affinity 3',5'-cyclic-AMP phosphodiesterase 7A	SINGLE PROTEIN	Homo sapiens	626	False
1152	11912	CHEMBL3401	Nuclear receptor subfamily 1 group I member 2	SINGLE PROTEIN	Homo sapiens	1026	False
1153	11913	CHEMBL3013	High affinity choline transporter 1	SINGLE PROTEIN	Mus musculus	17	False
1154	11915	CHEMBL4399	Macrophage scavenger receptor types I and II	SINGLE PROTEIN	Mus musculus	6	False
1155	11919	CHEMBL3402	Alkaline phosphatase, germ cell type	SINGLE PROTEIN	Homo sapiens	126	False
1156	11920	CHEMBL4035	Prolyl endopeptidase	SINGLE PROTEIN	Rattus norvegicus	56	False
1157	11921	CHEMBL303	Glutamate receptor ionotropic, NMDA 2D	SINGLE PROTEIN	Rattus norvegicus	66	False
1158	11922	CHEMBL2378	M-phase inducer phosphatase 3	SINGLE PROTEIN	Homo sapiens	91	False
1159	11923	CHEMBL3223	5-hydroxytryptamine receptor 7	SINGLE PROTEIN	Rattus norvegicus	752	True
1160	11924	CHEMBL3403	Butyrylcholinesterase	SINGLE PROTEIN	Rattus norvegicus	164	False
1161	11925	CHEMBL3973	Fibroblast growth factor receptor 4	SINGLE PROTEIN	Homo sapiens	2755	False
1162	11926	CHEMBL2742	Fibroblast growth factor receptor 3	SINGLE PROTEIN	Homo sapiens	3321	True
1163	11929	CHEMBL4400	Beta-3 adrenergic receptor	SINGLE PROTEIN	Canis lupus familiaris	36	False
1164	11930	CHEMBL3394	Tubulin beta chain	SINGLE PROTEIN	Bos taurus	156	False
1165	11934	CHEMBL3213	85/88 kDa calcium-independent phospholipase A2	SINGLE PROTEIN	Homo sapiens	127	False
1166	11938	CHEMBL3404	6-phosphogluconate dehydrogenase, decarboxylating	SINGLE PROTEIN	Homo sapiens	10	False
1167	11939	CHEMBL3267	Phosphatidylinositol 4,5-bisphosphate 3-kinase catalytic subunit gamma isoform	SINGLE PROTEIN	Homo sapiens	5884	True
1168	11940	CHEMBL3667	Phosphatidylinositol 4-kinase alpha	SINGLE PROTEIN	Homo sapiens	113	False
1169	11941	CHEMBL3268	Phosphatidylinositol 4-kinase beta	SINGLE PROTEIN	Homo sapiens	568	False
1170	11942	CHEMBL3286	Urokinase-type plasminogen activator	SINGLE PROTEIN	Homo sapiens	811	True
1171	11943	CHEMBL3964	1-phosphatidylinositol 4,5-bisphosphate phosphodiesterase gamma-1	SINGLE PROTEIN	Homo sapiens	63	False
1172	11944	CHEMBL304	Norepinephrine transporter	SINGLE PROTEIN	Rattus norvegicus	1073	False
1173	11947	CHEMBL2269	Retinoic acid receptor alpha	SINGLE PROTEIN	Rattus norvegicus	12	False
1174	11948	CHEMBL2817	NADPH--cytochrome P450 reductase	SINGLE PROTEIN	Rattus norvegicus	13	False
1175	11949	CHEMBL2818	P2X purinoceptor 4	SINGLE PROTEIN	Rattus norvegicus	13	False
1176	11950	CHEMBL3686	Phospholipase A2, membrane associated	SINGLE PROTEIN	Rattus norvegicus	6	False
1177	11959	CHEMBL3896	Voltage-dependent calcium channel subunit alpha-2/delta-2	SINGLE PROTEIN	Homo sapiens	30	False
1178	11965	CHEMBL4100	1-phosphatidylinositol 4,5-bisphosphate phosphodiesterase gamma-2	SINGLE PROTEIN	Homo sapiens	38	False
1179	11966	CHEMBL2734	Phospholipase D2	SINGLE PROTEIN	Homo sapiens	120	False
1180	11968	CHEMBL3202	Prolyl endopeptidase	SINGLE PROTEIN	Homo sapiens	342	False
1181	11969	CHEMBL4101	cAMP-dependent protein kinase catalytic subunit alpha	SINGLE PROTEIN	Homo sapiens	880	False
1182	11970	CHEMBL2743	cAMP-dependent protein kinase catalytic subunit gamma	SINGLE PROTEIN	Homo sapiens	23	False
1183	11977	CHEMBL3014	Proto-oncogene tyrosine-protein kinase Src	SINGLE PROTEIN	Rattus norvegicus	32	False
1184	11978	CHEMBL5102	Transient receptor potential cation channel subfamily V member 1	SINGLE PROTEIN	Rattus norvegicus	1383	False
1185	11989	CHEMBL5982	Disintegrin and metalloproteinase domain-containing protein 9	SINGLE PROTEIN	Homo sapiens	42	False
1186	11997	CHEMBL2748	Sucrase-isomaltase, intestinal	SINGLE PROTEIN	Homo sapiens	38	False
1187	12000	CHEMBL3991	Coagulation factor VII	SINGLE PROTEIN	Homo sapiens	424	False
1188	12004	CHEMBL2272	Phosphodiesterase 4B	SINGLE PROTEIN	Mus musculus	141	False
1189	12005	CHEMBL2925	Potassium voltage-gated channel subfamily KQT member 5	SINGLE PROTEIN	Homo sapiens	12	False
1190	12012	CHEMBL3504	Glutamate receptor 3	SINGLE PROTEIN	Rattus norvegicus	37	False
1191	12013	CHEMBL3308	Caspase-6	SINGLE PROTEIN	Homo sapiens	436	False
1192	12014	CHEMBL2273	Caspase-9	SINGLE PROTEIN	Homo sapiens	47	False
1193	12018	CHEMBL2775	Transient receptor potential cation channel subfamily V member 4	SINGLE PROTEIN	Rattus norvegicus	83	False
1194	12019	CHEMBL307	Neuronal acetylcholine receptor subunit alpha-4	SINGLE PROTEIN	Rattus norvegicus	82	False
1195	12020	CHEMBL2411	5-hydroxytryptamine receptor 3A	SINGLE PROTEIN	Rattus norvegicus	94	False
1196	12021	CHEMBL3310	Histone deacetylase 11	SINGLE PROTEIN	Homo sapiens	512	False
1197	12023	CHEMBL2274	Sphingosine 1-phosphate receptor 5	SINGLE PROTEIN	Homo sapiens	491	False
1198	12026	CHEMBL3396	DNA topoisomerase 2-beta	SINGLE PROTEIN	Homo sapiens	57	False
1199	12028	CHEMBL3720	ATP-citrate synthase	SINGLE PROTEIN	Homo sapiens	271	False
1200	12029	CHEMBL2738	Acrosin	SINGLE PROTEIN	Homo sapiens	52	False
1201	12030	CHEMBL3004	Multidrug resistance-associated protein 1	SINGLE PROTEIN	Homo sapiens	654	False
1202	12037	CHEMBL2777	Myosin light chain kinase 2, skeletal/cardiac muscle	SINGLE PROTEIN	Homo sapiens	201	False
1203	12038	CHEMBL2872	Mitogen-activated protein kinase kinase kinase 9	SINGLE PROTEIN	Homo sapiens	462	False
1204	12046	CHEMBL1915	Tubulin beta-1 chain	SINGLE PROTEIN	Homo sapiens	89	False
1205	12050	CHEMBL3602	Sigma non-opioid intracellular receptor 1	SINGLE PROTEIN	Rattus norvegicus	1043	False
1206	12051	CHEMBL3871	Aldo-keto reductase family 1 member A1	SINGLE PROTEIN	Rattus norvegicus	21	True
1207	12052	CHEMBL2741	Arachidonate 12-lipoxygenase	SINGLE PROTEIN	Rattus norvegicus	30	False
1208	12054	CHEMBL2903	Polyunsaturated fatty acid lipoxygenase ALOX15	SINGLE PROTEIN	Homo sapiens	2422	False
1209	12056	CHEMBL3257	Aldehyde oxidase	SINGLE PROTEIN	Homo sapiens	29	False
1210	12060	CHEMBL3258	Leucine--tRNA ligase, cytoplasmic	SINGLE PROTEIN	Homo sapiens	27	False
1211	12067	CHEMBL3468	Caspase-7	SINGLE PROTEIN	Homo sapiens	1135	False
1212	12071	CHEMBL308	Cyclin-dependent kinase 1	SINGLE PROTEIN	Homo sapiens	1352	True
1213	12074	CHEMBL3808	S-adenosylmethionine decarboxylase proenzyme	SINGLE PROTEIN	Rattus norvegicus	34	False
1214	12076	CHEMBL309	Muscarinic acetylcholine receptor M2	SINGLE PROTEIN	Rattus norvegicus	396	False
1215	12077	CHEMBL4825	Mitogen-activated protein kinase 14	SINGLE PROTEIN	Rattus norvegicus	60	False
1216	12078	CHEMBL2753	Gamma-aminobutyric acid type B receptor subunit 1	SINGLE PROTEIN	Rattus norvegicus	237	False
1217	12081	CHEMBL3241	Histamine N-methyltransferase	SINGLE PROTEIN	Rattus norvegicus	35	False
1218	12083	CHEMBL3262	Lanosterol synthase	SINGLE PROTEIN	Rattus norvegicus	89	False
1219	12088	CHEMBL3243	Receptor-type tyrosine-protein phosphatase C	SINGLE PROTEIN	Homo sapiens	161	False
1220	12090	CHEMBL2292	Dual specificity tyrosine-phosphorylation-regulated kinase 1A	SINGLE PROTEIN	Homo sapiens	4228	True
1221	12097	CHEMBL5375	Hepatitis C virus NS5B RNA-dependent RNA polymerase	SINGLE PROTEIN	Hepatitis C virus	51	False
1222	12100	CHEMBL3367	Methionine--tRNA ligase	SINGLE PROTEIN	Escherichia coli K-12	74	False
1223	12102	CHEMBL310	Glutamate receptor ionotropic, NMDA 2A	SINGLE PROTEIN	Rattus norvegicus	60	False
1224	12103	CHEMBL311	Glutamate receptor ionotropic, NMDA 2B	SINGLE PROTEIN	Rattus norvegicus	490	False
1225	12104	CHEMBL3368	Glucocorticoid receptor	SINGLE PROTEIN	Rattus norvegicus	166	False
1226	12109	CHEMBL2730	Protein-glutamine gamma-glutamyltransferase	SINGLE PROTEIN	Homo sapiens	432	False
1227	12114	CHEMBL3521	Receptor-type tyrosine-protein phosphatase F	SINGLE PROTEIN	Homo sapiens	58	False
1228	12118	CHEMBL3008	Glycogen phosphorylase, liver form	SINGLE PROTEIN	Mus musculus	7	False
1229	12119	CHEMBL4032	Dihydropteroate synthase	SINGLE PROTEIN	Escherichia coli K-12	29	False
1230	12127	CHEMBL3050	Amine oxidase [flavin-containing] B	SINGLE PROTEIN	Mus musculus	28	False
1231	12128	CHEMBL3369	Neprilysin	SINGLE PROTEIN	Rattus norvegicus	320	True
1232	12129	CHEMBL3051	Nitric oxide synthase, inducible	SINGLE PROTEIN	Rattus norvegicus	35	False
1233	12131	CHEMBL2322	Renin	SINGLE PROTEIN	Rattus norvegicus	59	True
1234	12132	CHEMBL3917	Thyroid hormone receptor beta	SINGLE PROTEIN	Rattus norvegicus	43	False
1235	12135	CHEMBL3021	Estrogen receptor beta	SINGLE PROTEIN	Rattus norvegicus	46	False
1236	12155	CHEMBL3712	Leucyl-cystinyl aminopeptidase	SINGLE PROTEIN	Rattus norvegicus	251	False
1237	12159	CHEMBL2966	Adenosine deaminase	SINGLE PROTEIN	Bos taurus	157	False
1238	12161	CHEMBL3649	Xanthine dehydrogenase/oxidase	SINGLE PROTEIN	Bos taurus	950	False
1239	12162	CHEMBL2323	Cathepsin B	SINGLE PROTEIN	Bos taurus	96	False
1240	12163	CHEMBL2967	D(1A) dopamine receptor	SINGLE PROTEIN	Bos taurus	105	False
1241	12166	CHEMBL312	Polyunsaturated fatty acid 5-lipoxygenase	SINGLE PROTEIN	Rattus norvegicus	1401	False
1242	12167	CHEMBL4980	Neuronal acetylcholine receptor subunit alpha-7	SINGLE PROTEIN	Rattus norvegicus	1213	False
1243	12169	CHEMBL2548	Neuropeptide Y receptor type 5	SINGLE PROTEIN	Rattus norvegicus	50	False
1244	12170	CHEMBL2384	Adenosine kinase	SINGLE PROTEIN	Rattus norvegicus	103	False
1245	12171	CHEMBL3360	Adenosine receptor A3	SINGLE PROTEIN	Rattus norvegicus	281	False
1246	12173	CHEMBL3361	D(4) dopamine receptor	SINGLE PROTEIN	Rattus norvegicus	158	False
1247	12179	CHEMBL3663	Growth factor receptor-bound protein 2	SINGLE PROTEIN	Homo sapiens	163	False
1248	12180	CHEMBL2301	FK506 binding protein 12	SINGLE PROTEIN	Gallus gallus	13	False
1249	12186	CHEMBL2951	Proprotein convertase subtilisin/kexin type 6	SINGLE PROTEIN	Homo sapiens	24	False
1250	12198	CHEMBL313	Sodium-dependent serotonin transporter	SINGLE PROTEIN	Rattus norvegicus	3459	True
1251	12200	CHEMBL3114	Sucrase-isomaltase, intestinal	SINGLE PROTEIN	Rattus norvegicus	133	False
1252	12202	CHEMBL4031	Beta-3 adrenergic receptor	SINGLE PROTEIN	Rattus norvegicus	38	False
1253	12203	CHEMBL2683	V-type proton ATPase 116 kDa subunit a 1	SINGLE PROTEIN	Gallus gallus	5	True
1254	12209	CHEMBL3242	Carbonic anhydrase 12	SINGLE PROTEIN	Homo sapiens	4445	True
1255	12214	CHEMBL2803	Tyrosine-protein kinase ZAP-70	SINGLE PROTEIN	Homo sapiens	617	False
1256	12216	CHEMBL314	Alpha-2C adrenergic receptor	SINGLE PROTEIN	Rattus norvegicus	6	False
1257	12227	CHEMBL3979	Peroxisome proliferator-activated receptor delta	SINGLE PROTEIN	Homo sapiens	1687	False
1258	12229	CHEMBL2331	Phenylethanolamine N-methyltransferase	SINGLE PROTEIN	Bos taurus	89	True
1259	12230	CHEMBL3214	Beta-1,4-galactosyltransferase 1	SINGLE PROTEIN	Bos taurus	6	False
1260	12232	CHEMBL2756	Amine oxidase [flavin-containing] B	SINGLE PROTEIN	Bos taurus	151	False
1261	12235	CHEMBL3246	Glycine receptor subunit alpha-1	SINGLE PROTEIN	Rattus norvegicus	18	False
1262	12236	CHEMBL3247	3-hydroxy-3-methylglutaryl-coenzyme A reductase	SINGLE PROTEIN	Rattus norvegicus	715	False
1263	12238	CHEMBL2305	Procathepsin L	SINGLE PROTEIN	Rattus norvegicus	20	False
1264	12239	CHEMBL2993	Amine oxidase [flavin-containing] B	SINGLE PROTEIN	Rattus norvegicus	715	False
1265	12240	CHEMBL3216	Carnitine O-palmitoyltransferase 1, muscle isoform	SINGLE PROTEIN	Rattus norvegicus	14	False
1266	12241	CHEMBL2325	2-oxoglutarate receptor 1	SINGLE PROTEIN	Rattus norvegicus	38	False
1267	12243	CHEMBL2994	Angiotensin-converting enzyme	SINGLE PROTEIN	Mus musculus	36	False
1268	12244	CHEMBL2995	Estrogen receptor beta	SINGLE PROTEIN	Mus musculus	9	False
1269	12247	CHEMBL2996	Protein kinase C delta type	SINGLE PROTEIN	Homo sapiens	1224	False
1270	12252	CHEMBL4822	Beta-secretase 1	SINGLE PROTEIN	Homo sapiens	9056	True
1271	12261	CHEMBL2276	Mitogen-activated protein kinase 8	SINGLE PROTEIN	Homo sapiens	2454	False
1272	12262	CHEMBL2853	Inositol 1,4,5-trisphosphate-gated calcium channel ITPR3	SINGLE PROTEIN	Bos taurus	8	True
1273	12263	CHEMBL2213	Protein kinase C alpha type	SINGLE PROTEIN	Bos taurus	44	False
1274	12264	CHEMBL3183	cGMP-dependent protein kinase 1	SINGLE PROTEIN	Bos taurus	20	False
1275	12265	CHEMBL4975	Adenosine receptor A1	SINGLE PROTEIN	Bos taurus	606	False
1276	12268	CHEMBL3976	Dipeptidyl peptidase 2	SINGLE PROTEIN	Homo sapiens	497	True
1277	12274	CHEMBL3919	Potassium-transporting ATPase alpha chain 1	SINGLE PROTEIN	Sus scrofa	31	False
1278	12276	CHEMBL3956	Mitogen-activated protein kinase kinase kinase 1	SINGLE PROTEIN	Homo sapiens	225	False
1279	12282	CHEMBL2997	AMP deaminase 2	SINGLE PROTEIN	Homo sapiens	43	False
1280	12283	CHEMBL2563	Histone deacetylase 5	SINGLE PROTEIN	Homo sapiens	430	False
1281	12291	CHEMBL3972	Trifunctional purine biosynthetic protein adenosine-3	SINGLE PROTEIN	Homo sapiens	135	True
1282	12294	CHEMBL4489	Melanocortin receptor 5	SINGLE PROTEIN	Mus musculus	292	False
1283	12295	CHEMBL2214	Matrix metalloproteinase-9	SINGLE PROTEIN	Mus musculus	8	False
1284	12298	CHEMBL3415	Thymidine kinase	SINGLE PROTEIN	Human herpesvirus 2	90	False
1285	12299	CHEMBL3416	Capsid scaffolding protein	SINGLE PROTEIN	Human herpesvirus 2 (strain HG52) (HHV-2) (Human herpes simplex virus2)	42	False
1286	12311	CHEMBL2217	Acylcarnitine hydrolase	SINGLE PROTEIN	Mus musculus	6	False
1287	12327	CHEMBL3295	Pepsin A	SINGLE PROTEIN	Homo sapiens	26	False
1288	12343	CHEMBL2653	Sterol O-acyltransferase 2	SINGLE PROTEIN	Mus musculus	36	False
1289	12345	CHEMBL2654	cAMP-dependent protein kinase catalytic subunit alpha	SINGLE PROTEIN	Bos taurus	30	False
1290	12347	CHEMBL2927	Cytochrome P450 11B1, mitochondrial	SINGLE PROTEIN	Bos taurus	23	True
1291	12353	CHEMBL2929	Proprotein convertase subtilisin/kexin type 9	SINGLE PROTEIN	Homo sapiens	444	True
1292	12363	CHEMBL2311	Angiotensin-converting enzyme 2	SINGLE PROTEIN	Rattus norvegicus	5	False
1293	12366	CHEMBL4620	Genome polyprotein	SINGLE PROTEIN	Hepatitis C virus genotype 1a (isolate 1) (HCV)	182	False
1294	12376	CHEMBL1918	Glutamate receptor ionotropic, kainate 1	SINGLE PROTEIN	Homo sapiens	160	False
1295	12378	CHEMBL3683	Glutamate receptor ionotropic, kainate 2	SINGLE PROTEIN	Homo sapiens	87	False
1296	12387	CHEMBL3965	Cytosol aminopeptidase	SINGLE PROTEIN	Homo sapiens	34	False
1297	12388	CHEMBL2889	Tyrosine-protein phosphatase non-receptor type 22	SINGLE PROTEIN	Homo sapiens	175	False
1298	12390	CHEMBL3389	Lactase/phlorizin hydrolase	SINGLE PROTEIN	Rattus norvegicus	5	False
1299	12391	CHEMBL4277	Retinoic acid receptor RXR-gamma	SINGLE PROTEIN	Rattus norvegicus	17	False
1300	12394	CHEMBL3390	cAMP-dependent protein kinase catalytic subunit alpha	SINGLE PROTEIN	Rattus norvegicus	5	False
1301	12395	CHEMBL2383	Dihydroorotate dehydrogenase (quinone), mitochondrial	SINGLE PROTEIN	Rattus norvegicus	82	False
1302	12396	CHEMBL2252	Dipeptidyl peptidase 1	SINGLE PROTEIN	Homo sapiens	836	True
1303	12399	CHEMBL3391	Threonine--tRNA ligase 1, cytoplasmic	SINGLE PROTEIN	Homo sapiens	24	False
1304	12405	CHEMBL3406	Probable C-C chemokine receptor type 3	SINGLE PROTEIN	Mus musculus	40	False
1305	12406	CHEMBL3676	C-C chemokine receptor type 5	SINGLE PROTEIN	Mus musculus	57	False
1306	12407	CHEMBL2253	Corticotropin-releasing factor receptor 2	SINGLE PROTEIN	Mus musculus	5	False
1307	12409	CHEMBL4564	Dihydrofolate reductase	SINGLE PROTEIN	Mus musculus	163	False
1308	12411	CHEMBL3455	Fatty-acid amide hydrolase 1	SINGLE PROTEIN	Mus musculus	307	True
1309	12412	CHEMBL3960	Fibroblast growth factor receptor 1	SINGLE PROTEIN	Mus musculus	6	False
1310	12413	CHEMBL3516	Vascular endothelial growth factor receptor 1	SINGLE PROTEIN	Mus musculus	38	False
1311	12415	CHEMBL4147	Calcium/calmodulin-dependent protein kinase type II subunit alpha	SINGLE PROTEIN	Homo sapiens	289	False
1312	12425	CHEMBL4481	Nitric oxide synthase, inducible	SINGLE PROTEIN	Homo sapiens	846	False
1313	12426	CHEMBL3289	Polyunsaturated fatty acid lipoxygenase ALOX15B	SINGLE PROTEIN	Rattus norvegicus	9	False
1314	12434	CHEMBL2890	Folylpolyglutamate synthase, mitochondrial	SINGLE PROTEIN	Mus musculus	10	False
1315	12436	CHEMBL3690	Trifunctional purine biosynthetic protein adenosine-3	SINGLE PROTEIN	Mus musculus	31	False
1316	12440	CHEMBL4642	Sodium-dependent serotonin transporter	SINGLE PROTEIN	Mus musculus	44	False
1317	12443	CHEMBL2716	Histone deacetylase 7	SINGLE PROTEIN	Homo sapiens	283	False
1318	12448	CHEMBL2717	Dual 3',5'-cyclic-AMP and -GMP phosphodiesterase 11A	SINGLE PROTEIN	Homo sapiens	188	False
1319	12449	CHEMBL3067	Metabotropic glutamate receptor 3	SINGLE PROTEIN	Rattus norvegicus	232	False
1320	12450	CHEMBL3992	Cystic fibrosis transmembrane conductance regulator	SINGLE PROTEIN	Rattus norvegicus	8	False
1321	12453	CHEMBL3358	Amine oxidase [flavin-containing] A	SINGLE PROTEIN	Rattus norvegicus	683	False
1322	12454	CHEMBL2855	Protein kinase C alpha type	SINGLE PROTEIN	Rattus norvegicus	14	False
1323	12456	CHEMBL3471	Human immunodeficiency virus type 1 integrase	SINGLE PROTEIN	Human immunodeficiency virus 1	2520	False
1324	12464	CHEMBL2857	Human rhinovirus A protease	SINGLE PROTEIN	Human rhinovirus sp.	385	False
1325	12467	CHEMBL2800	Calcium-activated potassium channel subunit alpha-1	SINGLE PROTEIN	Mus musculus	23	False
1326	12469	CHEMBL3337	Vascular endothelial growth factor receptor 2	SINGLE PROTEIN	Mus musculus	101	False
1327	12470	CHEMBL2258	Tyrosine-protein kinase Lyn	SINGLE PROTEIN	Mus musculus	15	False
1328	12471	CHEMBL2858	Mu-type opioid receptor	SINGLE PROTEIN	Mus musculus	661	False
1329	12474	CHEMBL315	Alpha-1B adrenergic receptor	SINGLE PROTEIN	Rattus norvegicus	230	False
1330	12475	CHEMBL3848	Receptor tyrosine-protein kinase erbB-2	SINGLE PROTEIN	Rattus norvegicus	13	False
1331	12476	CHEMBL2564	Metabotropic glutamate receptor 5	SINGLE PROTEIN	Rattus norvegicus	1884	True
1332	12478	CHEMBL4042	Prostaglandin G/H synthase 1	SINGLE PROTEIN	Rattus norvegicus	90	False
1333	12479	CHEMBL4038	Sorbitol dehydrogenase	SINGLE PROTEIN	Rattus norvegicus	31	False
1334	12480	CHEMBL3156	Thromboxane A2 receptor	SINGLE PROTEIN	Rattus norvegicus	126	False
1335	12485	CHEMBL317	Muscarinic acetylcholine receptor M4	SINGLE PROTEIN	Rattus norvegicus	192	False
1336	12488	CHEMBL2915	Histone deacetylase 1	SINGLE PROTEIN	Rattus norvegicus	19	False
1337	12500	CHEMBL3381	Small conductance calcium-activated potassium channel protein 3	SINGLE PROTEIN	Homo sapiens	40	False
1338	12502	CHEMBL2573	ATP-dependent translocase ABCB1	SINGLE PROTEIN	Mus musculus	71	True
1339	12504	CHEMBL2567	Protein kinase C alpha type	SINGLE PROTEIN	Mus musculus	229	False
1340	12506	CHEMBL4335	Mitogen-activated protein kinase 11	SINGLE PROTEIN	Mus musculus	36	False
1341	12507	CHEMBL4336	Prostaglandin E2 receptor EP3 subtype	SINGLE PROTEIN	Mus musculus	220	False
1342	12509	CHEMBL2620	Tyrosine-protein phosphatase non-receptor type 11	SINGLE PROTEIN	Mus musculus	5	False
1343	12511	CHEMBL4343	DNA polymerase beta	SINGLE PROTEIN	Rattus norvegicus	18	False
1344	12512	CHEMBL318	Adenosine receptor A1	SINGLE PROTEIN	Rattus norvegicus	2458	False
1345	12514	CHEMBL319	Alpha-1A adrenergic receptor	SINGLE PROTEIN	Rattus norvegicus	594	False
1346	12515	CHEMBL3118	Adenosylhomocysteinase	SINGLE PROTEIN	Rattus norvegicus	9	False
1347	12516	CHEMBL2863	Transient receptor potential cation channel subfamily V member 2	SINGLE PROTEIN	Rattus norvegicus	33	False
1348	12518	CHEMBL2919	Glutamate receptor ionotropic, kainate 1	SINGLE PROTEIN	Rattus norvegicus	121	False
1349	12536	CHEMBL2336	Mitogen-activated protein kinase 14	SINGLE PROTEIN	Mus musculus	201	False
1350	12538	CHEMBL4388	Thymidylate kinase	SINGLE PROTEIN	Homo sapiens	17	False
1351	12543	CHEMBL2622	Aldo-keto reductase family 1 member B1	SINGLE PROTEIN	Rattus norvegicus	660	True
1352	12545	CHEMBL4017	Sodium channel protein type 10 subunit alpha	SINGLE PROTEIN	Rattus norvegicus	460	False
1353	12546	CHEMBL3503	Glutamate receptor 2	SINGLE PROTEIN	Rattus norvegicus	51	False
1354	12547	CHEMBL4041	Glutamate receptor ionotropic, kainate 5	SINGLE PROTEIN	Rattus norvegicus	9	False
1355	12566	CHEMBL320	Muscarinic acetylcholine receptor M3	SINGLE PROTEIN	Rattus norvegicus	184	False
1356	12567	CHEMBL2922	Cytochrome P450 1A1	SINGLE PROTEIN	Rattus norvegicus	22	False
1357	12568	CHEMBL2625	Angiotensin-converting enzyme	SINGLE PROTEIN	Rattus norvegicus	325	True
1358	12569	CHEMBL4566	Endothelin-1 receptor	SINGLE PROTEIN	Rattus norvegicus	777	False
1359	12570	CHEMBL4391	Fructose-1,6-bisphosphatase 1	SINGLE PROTEIN	Rattus norvegicus	53	False
1360	12576	CHEMBL3145	Phosphatidylinositol 4,5-bisphosphate 3-kinase catalytic subunit beta isoform	SINGLE PROTEIN	Homo sapiens	2977	True
1361	12577	CHEMBL2309	Potassium voltage-gated channel subfamily A member 1	SINGLE PROTEIN	Homo sapiens	14	False
1362	12579	CHEMBL4445	Protein phosphatase 3 catalytic subunit alpha	SINGLE PROTEIN	Homo sapiens	10	True
1363	12583	CHEMBL4446	Kallikrein-4	SINGLE PROTEIN	Homo sapiens	8	False
1364	12584	CHEMBL4447	Kallikrein-5	SINGLE PROTEIN	Homo sapiens	81	False
1365	12585	CHEMBL4448	Kallikrein-6	SINGLE PROTEIN	Homo sapiens	40	False
1366	12587	CHEMBL3272	Cathepsin L2	SINGLE PROTEIN	Homo sapiens	133	False
1367	12588	CHEMBL3273	Sodium/hydrogen exchanger 3	SINGLE PROTEIN	Homo sapiens	111	True
1368	12589	CHEMBL3058	Sodium/hydrogen exchanger 5	SINGLE PROTEIN	Homo sapiens	10	False
1369	12591	CHEMBL2312	Neutrophil collagenase	SINGLE PROTEIN	Rattus norvegicus	9	False
1370	12592	CHEMBL321	Matrix metalloproteinase-9	SINGLE PROTEIN	Homo sapiens	2403	False
1371	12593	CHEMBL4270	Stromelysin-2	SINGLE PROTEIN	Homo sapiens	157	False
1372	12594	CHEMBL3356	Cytochrome P450 1A2	SINGLE PROTEIN	Homo sapiens	7427	True
1373	12598	CHEMBL3189	Adenylate cyclase type 5	SINGLE PROTEIN	Homo sapiens	39	False
1374	12605	CHEMBL3509	Sodium channel protein type 4 subunit alpha	SINGLE PROTEIN	Rattus norvegicus	13	False
1375	12606	CHEMBL3866	Sodium channel protein type 5 subunit alpha	SINGLE PROTEIN	Rattus norvegicus	49	False
1376	12608	CHEMBL4772	1-acyl-sn-glycerol-3-phosphate acyltransferase beta	SINGLE PROTEIN	Homo sapiens	100	False
1377	12612	CHEMBL2906	Phosphorylase b kinase regulatory subunit alpha, liver isoform	SINGLE PROTEIN	Homo sapiens	100	False
1378	12615	CHEMBL3190	Glutamate receptor 4	SINGLE PROTEIN	Homo sapiens	94	False
1379	12619	CHEMBL2316	Granzyme B	SINGLE PROTEIN	Homo sapiens	101	False
1380	12620	CHEMBL2627	Dihydrofolate reductase type 1	SINGLE PROTEIN	Escherichia coli	54	False
1381	12622	CHEMBL2916	Telomerase reverse transcriptase	SINGLE PROTEIN	Homo sapiens	685	False
1382	12627	CHEMBL2007	Platelet-derived growth factor receptor alpha	SINGLE PROTEIN	Homo sapiens	1480	True
1383	12632	CHEMBL4278	Group IIF secretory phospholipase A2	SINGLE PROTEIN	Homo sapiens	10	False
1384	12635	CHEMBL3604	Protein kinase C gamma type	SINGLE PROTEIN	Rattus norvegicus	89	False
1385	12640	CHEMBL4973	Excitatory amino acid transporter 2	SINGLE PROTEIN	Homo sapiens	110	False
1386	12641	CHEMBL4280	Gastrin-releasing peptide receptor	SINGLE PROTEIN	Rattus norvegicus	7	False
1387	12642	CHEMBL2755	Glutathione reductase, mitochondrial	SINGLE PROTEIN	Homo sapiens	52	False
1388	12643	CHEMBL3305	Sex hormone-binding globulin	SINGLE PROTEIN	Homo sapiens	88	False
1389	12644	CHEMBL3275	NAD-dependent histone deacetylase SIR2	SINGLE PROTEIN	Saccharomyces cerevisiae S288c	31	False
1390	12648	CHEMBL2783	Cyclin-dependent kinase 5 activator 1	SINGLE PROTEIN	Homo sapiens	28	False
1391	12649	CHEMBL4703	Serine/threonine-protein phosphatase 2A catalytic subunit alpha isoform	SINGLE PROTEIN	Homo sapiens	12	False
1392	12651	CHEMBL4426	Phospholipase A2	SINGLE PROTEIN	Homo sapiens	304	False
1393	12652	CHEMBL4281	Group IID secretory phospholipase A2	SINGLE PROTEIN	Homo sapiens	15	False
1394	12654	CHEMBL2372	Catechol O-methyltransferase	SINGLE PROTEIN	Rattus norvegicus	121	True
1395	12657	CHEMBL4567	cGMP-specific 3',5'-cyclic phosphodiesterase	SINGLE PROTEIN	Rattus norvegicus	101	False
1396	12659	CHEMBL4427	Prostaglandin D2 receptor	SINGLE PROTEIN	Homo sapiens	558	False
1397	12661	CHEMBL3660	Integrin alpha-V	SINGLE PROTEIN	Homo sapiens	37	False
1398	12665	CHEMBL3920	Protein kinase C theta type	SINGLE PROTEIN	Homo sapiens	1350	False
1399	12666	CHEMBL4282	RAC-alpha serine/threonine-protein kinase	SINGLE PROTEIN	Homo sapiens	3976	True
1400	12670	CHEMBL1974	Receptor-type tyrosine-protein kinase FLT3	SINGLE PROTEIN	Homo sapiens	5067	True
1401	12673	CHEMBL4140	Bifunctional epoxide hydrolase 2	SINGLE PROTEIN	Mus musculus	484	False
1402	12674	CHEMBL4284	Serine/threonine-protein phosphatase 2A 55 kDa regulatory subunit B alpha isoform	SINGLE PROTEIN	Homo sapiens	5	False
1403	12675	CHEMBL4285	Alpha-1-acid glycoprotein 1	SINGLE PROTEIN	Homo sapiens	8	False
1404	12677	CHEMBL3731	Amphiregulin	SINGLE PROTEIN	Homo sapiens	5	False
1405	12679	CHEMBL2373	C5a anaphylatoxin chemotactic receptor 1	SINGLE PROTEIN	Homo sapiens	991	True
1406	12683	CHEMBL4766	[Pyruvate dehydrogenase (acetyl-transferring)] kinase isozyme 1, mitochondrial	SINGLE PROTEIN	Homo sapiens	874	False
1407	12684	CHEMBL3893	[Pyruvate dehydrogenase (acetyl-transferring)] kinase isozyme 3, mitochondrial	SINGLE PROTEIN	Homo sapiens	50	False
1408	12685	CHEMBL4141	[Pyruvate dehydrogenase (acetyl-transferring)] kinase isozyme 4, mitochondrial	SINGLE PROTEIN	Homo sapiens	77	False
1409	12687	CHEMBL322	5-hydroxytryptamine receptor 2A	SINGLE PROTEIN	Rattus norvegicus	1877	False
1410	12688	CHEMBL323	5-hydroxytryptamine receptor 2B	SINGLE PROTEIN	Rattus norvegicus	140	False
1411	12689	CHEMBL324	5-hydroxytryptamine receptor 2C	SINGLE PROTEIN	Rattus norvegicus	570	False
1412	12690	CHEMBL4338	Purine nucleoside phosphorylase	SINGLE PROTEIN	Homo sapiens	285	False
1413	12692	CHEMBL3549	Adenylate cyclase type 1	SINGLE PROTEIN	Bos taurus	17	False
1414	12694	CHEMBL3553	Non-receptor tyrosine-protein kinase TYK2	SINGLE PROTEIN	Homo sapiens	6323	True
1415	12697	CHEMBL325	Histone deacetylase 1	SINGLE PROTEIN	Homo sapiens	7698	True
1416	12698	CHEMBL4340	Diphosphomevalonate decarboxylase	SINGLE PROTEIN	Homo sapiens	5	False
1417	12699	CHEMBL3009	Receptor tyrosine-protein kinase erbB-4	SINGLE PROTEIN	Homo sapiens	757	False
1418	12700	CHEMBL2616	Acetyl-CoA acetyltransferase, mitochondrial	SINGLE PROTEIN	Homo sapiens	16	False
1419	12702	CHEMBL2500	Thiopurine S-methyltransferase	SINGLE PROTEIN	Homo sapiens	7	True
1420	12703	CHEMBL2617	Tryptase beta-1	SINGLE PROTEIN	Homo sapiens	208	False
1421	12704	CHEMBL3194	Transthyretin	SINGLE PROTEIN	Homo sapiens	636	False
1422	12706	CHEMBL2618	Thymidine kinase, cytosolic	SINGLE PROTEIN	Mus musculus	18	False
1423	12708	CHEMBL4077	Melanocyte-stimulating hormone receptor	SINGLE PROTEIN	Mus musculus	449	False
1424	12715	CHEMBL3011	Acetylcholine receptor subunit delta	SINGLE PROTEIN	Homo sapiens	5	False
1425	12717	CHEMBL2658	Neuronal acetylcholine receptor subunit beta-4	SINGLE PROTEIN	Rattus norvegicus	8	True
1426	12718	CHEMBL2343	Serine/threonine-protein kinase Sgk1	SINGLE PROTEIN	Homo sapiens	1250	False
1427	12719	CHEMBL2659	Vasopressin V1b receptor	SINGLE PROTEIN	Rattus norvegicus	29	False
1428	12721	CHEMBL3161	L-selectin	SINGLE PROTEIN	Homo sapiens	34	True
1429	12723	CHEMBL5378	P-selectin	SINGLE PROTEIN	Homo sapiens	101	True
1430	12724	CHEMBL2345	Ribosomal protein S6 kinase alpha-3	SINGLE PROTEIN	Homo sapiens	1189	False
1431	12725	CHEMBL3018	Suppressor of tumorigenicity 14 protein	SINGLE PROTEIN	Homo sapiens	428	False
1432	12735	CHEMBL2349	Phosphorylase b kinase gamma catalytic chain, liver/testis isoform	SINGLE PROTEIN	Homo sapiens	387	False
1433	12737	CHEMBL2864	Methylated-DNA--protein-cysteine methyltransferase	SINGLE PROTEIN	Homo sapiens	102	False
1434	12738	CHEMBL4073	Matrilysin	SINGLE PROTEIN	Homo sapiens	475	False
1435	12739	CHEMBL3019	Cytochrome P450 3A5	SINGLE PROTEIN	Homo sapiens	37	False
1436	12741	CHEMBL2745	ATP-citrate synthase	SINGLE PROTEIN	Rattus norvegicus	24	False
1437	12742	CHEMBL326	Alpha-1D adrenergic receptor	SINGLE PROTEIN	Rattus norvegicus	504	False
1438	12744	CHEMBL327	Alpha-2A adrenergic receptor	SINGLE PROTEIN	Rattus norvegicus	53	False
1439	12748	CHEMBL3148	4-aminobutyrate aminotransferase, mitochondrial	SINGLE PROTEIN	Rattus norvegicus	33	False
1440	12751	CHEMBL2353	Vitamin D3 receptor	SINGLE PROTEIN	Gallus gallus	12	False
1441	12752	CHEMBL3150	Vitamin D3 receptor	SINGLE PROTEIN	Rattus norvegicus	41	False
1442	12753	CHEMBL4797	Peroxisome proliferator-activated receptor gamma	SINGLE PROTEIN	Rattus norvegicus	16	False
1443	12754	CHEMBL3151	Intestinal-type alkaline phosphatase	SINGLE PROTEIN	Mus musculus	144	False
1444	12755	CHEMBL2281	D(1B) dopamine receptor	SINGLE PROTEIN	Rattus norvegicus	7	False
1445	12757	CHEMBL3026	Gamma-aminobutyric acid receptor subunit alpha-3	SINGLE PROTEIN	Homo sapiens	77	False
1446	12758	CHEMBL328	Gamma-aminobutyric acid receptor subunit alpha-3	SINGLE PROTEIN	Rattus norvegicus	12	False
1447	12759	CHEMBL3584	S-adenosylmethionine decarboxylase proenzyme 1	SINGLE PROTEIN	Mus musculus	8	False
1448	12761	CHEMBL3511	Ornithine decarboxylase	SINGLE PROTEIN	Rattus norvegicus	25	False
1449	12763	CHEMBL2354	Superoxide dismutase [Cu-Zn]	SINGLE PROTEIN	Homo sapiens	19	False
1450	12770	CHEMBL4956	Gamma-aminobutyric acid receptor subunit alpha-2	SINGLE PROTEIN	Homo sapiens	149	False
1451	12778	CHEMBL2660	Alkaline phosphatase, tissue-nonspecific isozyme	SINGLE PROTEIN	Mus musculus	9	False
1452	12780	CHEMBL4070	Casein kinase II subunit alpha'	SINGLE PROTEIN	Homo sapiens	785	False
1453	12781	CHEMBL2358	Casein kinase II subunit beta	SINGLE PROTEIN	Homo sapiens	142	False
1454	12782	CHEMBL2359	Calcium/calmodulin-dependent protein kinase type II subunit alpha	SINGLE PROTEIN	Rattus norvegicus	35	False
1455	12783	CHEMBL2662	Kynurenine/alpha-aminoadipate aminotransferase, mitochondrial	SINGLE PROTEIN	Rattus norvegicus	11	False
1456	12784	CHEMBL2663	S-methyl-5'-thioadenosine phosphorylase	SINGLE PROTEIN	Mus musculus	6	False
1457	12786	CHEMBL1917	Somatostatin receptor type 1	SINGLE PROTEIN	Homo sapiens	227	False
1458	12787	CHEMBL3065	Estrogen receptor	SINGLE PROTEIN	Mus musculus	19	False
1459	12788	CHEMBL2724	Estrogen receptor	SINGLE PROTEIN	Rattus norvegicus	51	False
1460	12789	CHEMBL4130	Endothelin-1 receptor	SINGLE PROTEIN	Sus scrofa	246	False
1461	12793	CHEMBL4402	Retinoic acid receptor RXR-gamma	SINGLE PROTEIN	Mus musculus	58	False
1462	12794	CHEMBL4403	Ryanodine receptor 2	SINGLE PROTEIN	Homo sapiens	55	False
1463	12795	CHEMBL2664	Adenosylhomocysteinase	SINGLE PROTEIN	Homo sapiens	200	False
1464	12801	CHEMBL2665	Insulin-like growth factor-binding protein 5	SINGLE PROTEIN	Homo sapiens	9	False
1465	12802	CHEMBL2725	Beta-lactamase	SINGLE PROTEIN	Enterobacter cloacae	118	True
1466	12804	CHEMBL2726	Sialidase-1	SINGLE PROTEIN	Homo sapiens	31	False
1467	12806	CHEMBL3374	Type-1 angiotensin II receptor	SINGLE PROTEIN	Bos taurus	270	True
1468	12807	CHEMBL329	Type-1 angiotensin II receptor A	SINGLE PROTEIN	Rattus norvegicus	160	False
1469	12809	CHEMBL3204	Plasminogen	SINGLE PROTEIN	Rattus norvegicus	43	False
1470	12810	CHEMBL2308	Endoplasmic reticulum mannosyl-oligosaccharide 1,2-alpha-mannosidase	SINGLE PROTEIN	Homo sapiens	11	False
1471	12813	CHEMBL3442	Glutamate receptor ionotropic, NMDA 2B	SINGLE PROTEIN	Mus musculus	58	False
1472	12818	CHEMBL2870	Methionine--tRNA ligase, cytoplasmic	SINGLE PROTEIN	Homo sapiens	61	False
1473	12819	CHEMBL3054	Glutamine--tRNA ligase	SINGLE PROTEIN	Homo sapiens	5	False
1474	12821	CHEMBL5372	Methionine--tRNA ligase	SINGLE PROTEIN	Staphylococcus aureus subsp. aureus MW2	40	False
1475	12822	CHEMBL5374	Sodium/glucose cotransporter 1	SINGLE PROTEIN	Rattus norvegicus	9	False
1476	12823	CHEMBL4316	Sodium/glucose cotransporter 2	SINGLE PROTEIN	Rattus norvegicus	12	False
1477	12824	CHEMBL2871	Cholecystokinin receptor type A	SINGLE PROTEIN	Rattus norvegicus	803	False
1478	12825	CHEMBL4441	C-X-C chemokine receptor type 3	SINGLE PROTEIN	Homo sapiens	1661	False
1479	12828	CHEMBL4442	Cyclin-dependent kinase 3	SINGLE PROTEIN	Homo sapiens	190	False
1480	12829	CHEMBL3055	Cyclin-dependent kinase 7	SINGLE PROTEIN	Homo sapiens	711	True
1481	12830	CHEMBL4963	Peptidylglycine alpha-amidating monooxygenase	SINGLE PROTEIN	Rattus norvegicus	20	False
1482	12831	CHEMBL3056	Androgen receptor	SINGLE PROTEIN	Mus musculus	259	False
1483	12832	CHEMBL3072	Androgen receptor	SINGLE PROTEIN	Rattus norvegicus	572	False
1484	12836	CHEMBL2591	Glutamate receptor ionotropic, NMDA 2D	SINGLE PROTEIN	Homo sapiens	9	False
1485	12839	CHEMBL2547	Small conductance calcium-activated potassium channel protein 2	SINGLE PROTEIN	Rattus norvegicus	28	False
1486	12840	CHEMBL1844	Macrophage colony-stimulating factor 1 receptor	SINGLE PROTEIN	Homo sapiens	3218	True
1487	12844	CHEMBL4443	4-galactosyl-N-acetylglucosaminide 3-alpha-L-fucosyltransferase FUT6	SINGLE PROTEIN	Homo sapiens	9	False
1488	12845	CHEMBL2282	Glucose-6-phosphatase catalytic subunit 1	SINGLE PROTEIN	Homo sapiens	16	False
1489	12847	CHEMBL4444	Vitamin K-dependent protein C	SINGLE PROTEIN	Homo sapiens	105	False
1490	12851	CHEMBL4323	Phospholipase A2 group V	SINGLE PROTEIN	Homo sapiens	104	True
1491	12853	CHEMBL3637	Alpha-1A adrenergic receptor	SINGLE PROTEIN	Oryctolagus cuniculus	84	False
1492	12854	CHEMBL2592	Adenosine receptor A2b	SINGLE PROTEIN	Rattus norvegicus	46	False
1493	12855	CHEMBL2593	Glycylpeptide N-tetradecanoyltransferase 1	SINGLE PROTEIN	Homo sapiens	323	False
1494	12856	CHEMBL3211	CMP-N-acetylneuraminate-beta-1,4-galactoside alpha-2,3-sialyltransferase	SINGLE PROTEIN	Rattus norvegicus	8	False
1495	12861	CHEMBL2318	A disintegrin and metalloproteinase with thrombospondin motifs 4	SINGLE PROTEIN	Homo sapiens	306	False
1496	12862	CHEMBL2285	A disintegrin and metalloproteinase with thrombospondin motifs 5	SINGLE PROTEIN	Homo sapiens	909	False
1497	12863	CHEMBL2286	Endothelin-1 receptor	SINGLE PROTEIN	Mus musculus	26	False
1498	12865	CHEMBL330	Glutamate receptor ionotropic, NMDA 1	SINGLE PROTEIN	Rattus norvegicus	488	False
1499	12866	CHEMBL3619	UDP-glucuronosyltransferase 1A4	SINGLE PROTEIN	Homo sapiens	5	False
1500	12867	CHEMBL3412	Stromelysin-3	SINGLE PROTEIN	Mus musculus	30	False
1501	12868	CHEMBL2594	Macrophage metalloelastase	SINGLE PROTEIN	Mus musculus	31	False
1502	12877	CHEMBL2283	Carbonic anhydrase 2	SINGLE PROTEIN	Bos taurus	65	False
1503	12879	CHEMBL3728	Albumin	SINGLE PROTEIN	Bos taurus	95	False
1504	12883	CHEMBL2288	Peptidyl-prolyl cis-trans isomerase NIMA-interacting 1	SINGLE PROTEIN	Homo sapiens	310	False
1505	12886	CHEMBL2731	Galanin receptor type 3	SINGLE PROTEIN	Homo sapiens	184	False
1506	12887	CHEMBL2289	Beta-2 adrenergic receptor	SINGLE PROTEIN	Canis lupus familiaris	41	False
1507	12894	CHEMBL4477	Metabotropic glutamate receptor 1	SINGLE PROTEIN	Rattus norvegicus	440	False
1508	12895	CHEMBL5137	Metabotropic glutamate receptor 2	SINGLE PROTEIN	Homo sapiens	1694	False
1509	12896	CHEMBL3729	Carbonic anhydrase 4	SINGLE PROTEIN	Homo sapiens	1307	True
1510	12897	CHEMBL3265	Amine oxidase [copper-containing] 3	SINGLE PROTEIN	Bos taurus	37	False
1511	12898	CHEMBL2340	Endothelin-converting enzyme 1	SINGLE PROTEIN	Bos taurus	11	False
1512	12899	CHEMBL4802	Nitric oxide synthase 3	SINGLE PROTEIN	Bos taurus	117	False
1513	12900	CHEMBL3744	Glutamate receptor ionotropic, kainate 3	SINGLE PROTEIN	Rattus norvegicus	63	False
1514	12907	CHEMBL3480	Chitin synthase 1	SINGLE PROTEIN	Candida albicans	31	False
1515	12908	CHEMBL3528	Sphingomyelin phosphodiesterase 2	SINGLE PROTEIN	Rattus norvegicus	27	False
1516	12909	CHEMBL2778	Ileal sodium/bile acid cotransporter	SINGLE PROTEIN	Homo sapiens	267	True
1517	12910	CHEMBL4123	Neurotensin receptor type 1	SINGLE PROTEIN	Homo sapiens	408	False
1518	12911	CHEMBL3397	Cytochrome P450 2C9	SINGLE PROTEIN	Homo sapiens	7648	True
1519	12912	CHEMBL3622	Cytochrome P450 2C19	SINGLE PROTEIN	Homo sapiens	7472	True
1520	12913	CHEMBL4128	Angiopoietin-1 receptor	SINGLE PROTEIN	Homo sapiens	1251	True
1521	12914	CHEMBL2898	NF-kappa-B inhibitor alpha	SINGLE PROTEIN	Homo sapiens	34	False
1522	12915	CHEMBL3529	Inhibitor of nuclear factor kappa-B kinase subunit epsilon	SINGLE PROTEIN	Homo sapiens	968	False
1523	12919	CHEMBL3530	Dual specificity mitogen-activated protein kinase kinase 7	SINGLE PROTEIN	Homo sapiens	696	False
1524	12920	CHEMBL2782	Sterol O-acyltransferase 1	SINGLE PROTEIN	Homo sapiens	337	True
1525	12921	CHEMBL3681	Amine oxidase [flavin-containing] A	SINGLE PROTEIN	Mus musculus	28	False
1526	12923	CHEMBL3912	Carbonic anhydrase 13	SINGLE PROTEIN	Homo sapiens	370	False
1527	12924	CHEMBL3682	Integrin alpha-1	SINGLE PROTEIN	Homo sapiens	8	False
1528	12927	CHEMBL3874	A disintegrin and metalloproteinase with thrombospondin motifs 4	SINGLE PROTEIN	Bos taurus	7	False
1529	12930	CHEMBL1866	Potassium voltage-gated channel subfamily KQT member 1	SINGLE PROTEIN	Homo sapiens	32	False
1530	12932	CHEMBL4497	NADH-ubiquinone oxidoreductase chain 1	SINGLE PROTEIN	Bos taurus	57	False
1531	12933	CHEMBL2602	Cathepsin B	SINGLE PROTEIN	Rattus norvegicus	23	False
1532	12936	CHEMBL4499	NADH-ubiquinone oxidoreductase chain 4	SINGLE PROTEIN	Homo sapiens	5	False
1533	12937	CHEMBL2644	Carboxypeptidase A4	SINGLE PROTEIN	Homo sapiens	10	False
1534	12938	CHEMBL3481	Carboxypeptidase A1	SINGLE PROTEIN	Bos taurus	68	False
1535	12943	CHEMBL4767	Vesicular acetylcholine transporter	SINGLE PROTEIN	Homo sapiens	206	False
1536	12944	CHEMBL4501	Ribosomal protein S6 kinase beta-1	SINGLE PROTEIN	Homo sapiens	2294	True
1537	12945	CHEMBL4502	Cytidine deaminase	SINGLE PROTEIN	Homo sapiens	12	False
1538	12946	CHEMBL331	Cyclin-dependent kinase 4	SINGLE PROTEIN	Homo sapiens	1487	True
1539	12947	CHEMBL4036	Cyclin-dependent kinase 5	SINGLE PROTEIN	Homo sapiens	845	False
1540	12948	CHEMBL4037	Carnitine O-palmitoyltransferase 2, mitochondrial	SINGLE PROTEIN	Rattus norvegicus	66	False
1541	12949	CHEMBL3522	Steroid 17-alpha-hydroxylase/17,20 lyase	SINGLE PROTEIN	Homo sapiens	873	True
1542	12950	CHEMBL3879	Metabotropic glutamate receptor 7	SINGLE PROTEIN	Rattus norvegicus	186	False
1543	12952	CHEMBL3594	Carbonic anhydrase 9	SINGLE PROTEIN	Homo sapiens	5399	True
1544	12954	CHEMBL2420	Carbonic anhydrase-related protein 11	SINGLE PROTEIN	Homo sapiens	14	False
1545	12955	CHEMBL3891	Calpain-1 catalytic subunit	SINGLE PROTEIN	Homo sapiens	614	False
1546	12956	CHEMBL3777	Metabotropic glutamate receptor 7	SINGLE PROTEIN	Homo sapiens	164	False
1547	12959	CHEMBL4627	Myosin light chain kinase	SINGLE PROTEIN	Homo sapiens	177	False
1548	12965	CHEMBL4503	Nociceptin receptor	SINGLE PROTEIN	Rattus norvegicus	32	False
1549	12967	CHEMBL4630	Serine/threonine-protein kinase Chk1	SINGLE PROTEIN	Homo sapiens	3096	True
1550	12968	CHEMBL4792	Orexin receptor type 2	SINGLE PROTEIN	Homo sapiens	7044	True
1551	12971	CHEMBL4430	Steroid 17-alpha-hydroxylase/17,20 lyase	SINGLE PROTEIN	Rattus norvegicus	202	False
1552	12978	CHEMBL4505	Inositol monophosphatase 1	SINGLE PROTEIN	Bos taurus	10	False
1553	12983	CHEMBL4674	Mitogen-activated protein kinase 12	SINGLE PROTEIN	Homo sapiens	704	False
1554	12993	CHEMBL4437	Phosphatidylinositol 3-kinase regulatory subunit beta	SINGLE PROTEIN	Homo sapiens	1117	False
1555	12998	CHEMBL4675	Tripeptidyl-peptidase 2	SINGLE PROTEIN	Rattus norvegicus	58	False
1556	12999	CHEMBL4438	Serine/threonine-protein phosphatase PP1-gamma catalytic subunit	SINGLE PROTEIN	Homo sapiens	14	False
1557	13000	CHEMBL332	Interstitial collagenase	SINGLE PROTEIN	Homo sapiens	2224	False
1558	13001	CHEMBL333	72 kDa type IV collagenase	SINGLE PROTEIN	Homo sapiens	3390	True
1559	13004	CHEMBL4439	TGF-beta receptor type-1	SINGLE PROTEIN	Homo sapiens	2938	True
1560	13005	CHEMBL2319	Kallikrein-1	SINGLE PROTEIN	Homo sapiens	506	False
1561	13008	CHEMBL2539	Deoxyhypusine synthase	SINGLE PROTEIN	Rattus norvegicus	14	False
1562	13010	CHEMBL3359	fMet-Leu-Phe receptor	SINGLE PROTEIN	Homo sapiens	616	False
1563	13018	CHEMBL4319	UDP-N-acetylmuramoylalanine-D-glutamyl-lysine-D-alanyl-D-alanine ligase	SINGLE PROTEIN	Streptococcus pneumoniae R6	24	False
1564	13019	CHEMBL4888	Dihydrofolate reductase	SINGLE PROTEIN	Salmonella enterica subsp. enterica serovar Typhi	58	False
1565	13025	CHEMBL3718	Uridine phosphorylase 1	SINGLE PROTEIN	Mus musculus	36	False
1566	13028	CHEMBL3208	Cellular retinoic acid-binding protein 1	SINGLE PROTEIN	Mus musculus	6	False
1567	13030	CHEMBL2780	Peptidyl-prolyl cis-trans isomerase A	SINGLE PROTEIN	Rattus norvegicus	27	False
1568	13031	CHEMBL2977	Prostaglandin G/H synthase 2	SINGLE PROTEIN	Rattus norvegicus	93	False
1569	13049	CHEMBL3774	Dual specificity calcium/calmodulin-dependent 3',5'-cyclic nucleotide phosphodiesterase 1A	SINGLE PROTEIN	Bos taurus	17	False
1570	13053	CHEMBL2789	17-beta-hydroxysteroid dehydrogenase type 2	SINGLE PROTEIN	Homo sapiens	686	False
1571	13054	CHEMBL3730	Dihydropteridine reductase	SINGLE PROTEIN	Homo sapiens	11	False
1572	13055	CHEMBL3623	NAD(P)H dehydrogenase [quinone] 1	SINGLE PROTEIN	Homo sapiens	230	False
1573	13056	CHEMBL4428	Prostacyclin synthase	SINGLE PROTEIN	Homo sapiens	16	False
1574	13061	CHEMBL335	Tyrosine-protein phosphatase non-receptor type 1	SINGLE PROTEIN	Homo sapiens	2655	False
1575	13064	CHEMBL3561	Gamma-aminobutyric acid receptor subunit rho-1	SINGLE PROTEIN	Homo sapiens	28	False
1576	13067	CHEMBL3508	Gastrin/cholecystokinin type B receptor	SINGLE PROTEIN	Rattus norvegicus	255	False
1577	13068	CHEMBL3144	Glucocorticoid receptor	SINGLE PROTEIN	Mus musculus	25	False
1578	13071	CHEMBL2278	Lysosomal acid glucosylceramidase	SINGLE PROTEIN	Mus musculus	10	False
1579	13074	CHEMBL2732	DNA polymerase subunit gamma-1	SINGLE PROTEIN	Homo sapiens	10	False
1580	13076	CHEMBL4054	Sodium- and chloride-dependent GABA transporter 1	SINGLE PROTEIN	Rattus norvegicus	87	False
1581	13077	CHEMBL338	Sodium-dependent dopamine transporter	SINGLE PROTEIN	Rattus norvegicus	2404	True
1582	13081	CHEMBL5101	Arylamine N-acetyltransferase 1	SINGLE PROTEIN	Homo sapiens	28	False
1583	14037	CHEMBL339	D(2) dopamine receptor	SINGLE PROTEIN	Rattus norvegicus	3727	True
1584	14042	CHEMBL4011	Protein Tat	SINGLE PROTEIN	Human immunodeficiency virus type 1 group M subtype B (isolate HXB2)(HIV-1)	50	False
1585	14043	CHEMBL3852	Human immunodeficiency virus type 1 REV	SINGLE PROTEIN	Human immunodeficiency virus 1	5	False
1586	14044	CHEMBL3520	Envelope glycoprotein gp160	SINGLE PROTEIN	Human immunodeficiency virus type 1 group M subtype B (isolate HXB2)(HIV-1)	5	False
1587	14065	CHEMBL4012	Dihydrofolate reductase	SINGLE PROTEIN	Lactococcus lactis subsp. lactis (strain IL1403) (Streptococcuslactis)	20	False
1588	14069	CHEMBL4009	DNA polymerase catalytic subunit	SINGLE PROTEIN	Human herpesvirus 6A (strain Uganda-1102) (HHV-6 variant A) (Human Blymphotropic virus)	12	False
1589	14070	CHEMBL4010	Capsid scaffolding protein	SINGLE PROTEIN	Human herpesvirus 6A (strain Uganda-1102) (HHV-6 variant A) (Human Blymphotropic virus)	33	False
1590	14071	CHEMBL4013	Capsid scaffolding protein	SINGLE PROTEIN	Epstein-Barr virus (strain B95-8) (HHV-4) (Human herpesvirus 4)	28	False
1591	14073	CHEMBL3518	Capsid scaffolding protein	SINGLE PROTEIN	Herpes simplex virus (type 1 / strain 17)	12	False
1592	17000	CHEMBL2601	Adenosine transporter 1	SINGLE PROTEIN	Trypanosoma brucei	18	False
1593	17005	CHEMBL3446	5-hydroxytryptamine receptor 2A	SINGLE PROTEIN	Bos taurus	68	False
1594	17007	CHEMBL5016	Phospholipase A2	SINGLE PROTEIN	Rattus norvegicus	8	False
1595	17013	CHEMBL2603	Adenosine receptor A3	SINGLE PROTEIN	Oryctolagus cuniculus	11	False
1596	17017	CHEMBL2604	Isoleucyl-tRNA synthetase	SINGLE PROTEIN	Rattus norvegicus	7	False
1597	17018	CHEMBL4078	Acetylcholinesterase	SINGLE PROTEIN	Electrophorus electricus	4565	True
1598	17019	CHEMBL2860	Prostaglandin G/H synthase 1	SINGLE PROTEIN	Bos taurus	38	False
1599	17021	CHEMBL4111	B2 bradykinin receptor	SINGLE PROTEIN	Cavia porcellus	250	False
1600	17022	CHEMBL4112	Amine oxidase [copper-containing] 2	SINGLE PROTEIN	Homo sapiens	152	False
1601	17023	CHEMBL4113	Ecdysone receptor	SINGLE PROTEIN	Choristoneura fumiferana	15	False
1602	17024	CHEMBL3332	Disintegrin and metalloproteinase domain-containing protein 17	SINGLE PROTEIN	Sus scrofa	353	False
1603	17025	CHEMBL3333	Phosphodiesterase 4A	SINGLE PROTEIN	Sus scrofa	61	False
1604	17027	CHEMBL3334	Prostaglandin G/H synthase 1	SINGLE PROTEIN	Oryctolagus cuniculus	9	False
1605	17028	CHEMBL3335	Cytochrome P450 2B1	SINGLE PROTEIN	Rattus norvegicus	10	False
1606	17031	CHEMBL3444	Malate dehydrogenase, mitochondrial	SINGLE PROTEIN	Sus scrofa	15	False
1607	17033	CHEMBL3655	Proto-oncogene tyrosine-protein kinase Src	SINGLE PROTEIN	Gallus gallus	287	False
1608	17034	CHEMBL3656	Coagulation factor X	SINGLE PROTEIN	Bos taurus	105	False
1609	17035	CHEMBL3063	Chymotrypsinogen B	SINGLE PROTEIN	Bos taurus	13	False
1610	17036	CHEMBL3657	Isoleucine--tRNA ligase	SINGLE PROTEIN	Escherichia coli K-12	11	False
1611	17039	CHEMBL3658	Tubulin alpha chain	SINGLE PROTEIN	Sus scrofa	174	False
1612	17041	CHEMBL3100	Retinol-binding protein 4	SINGLE PROTEIN	Homo sapiens	305	False
1613	17042	CHEMBL2983	Gag-Pol polyprotein	SINGLE PROTEIN	Woolly monkey sarcoma virus	11	False
1614	17045	CHEMBL340	Cytochrome P450 3A4	SINGLE PROTEIN	Homo sapiens	11098	True
1615	17047	CHEMBL2949	Prostaglandin G/H synthase 1	SINGLE PROTEIN	Ovis aries	1167	False
1616	17048	CHEMBL3999	Cell division protein FtsZ	SINGLE PROTEIN	Escherichia coli K-12	9	False
1617	17049	CHEMBL3456	Progesterone receptor	SINGLE PROTEIN	Oryctolagus cuniculus	53	False
1618	17050	CHEMBL2728	Beta-glucuronidase	SINGLE PROTEIN	Homo sapiens	326	False
1619	17052	CHEMBL3754	Beta-2 adrenergic receptor	SINGLE PROTEIN	Rattus norvegicus	48	False
1620	17053	CHEMBL3064	Lipoprotein lipase	SINGLE PROTEIN	Bos taurus	27	False
1621	17054	CHEMBL2623	Liver carboxylesterase 1	SINGLE PROTEIN	Oryctolagus cuniculus	45	False
1622	17055	CHEMBL3567	Aldo-keto reductase family 1 member B1	SINGLE PROTEIN	Oryctolagus cuniculus	22	False
1623	17056	CHEMBL2830	Voltage-dependent L-type calcium channel subunit alpha-1C	SINGLE PROTEIN	Oryctolagus cuniculus	171	False
1624	17058	CHEMBL3081	Aldo-keto reductase family 1 member B1	SINGLE PROTEIN	Bos taurus	440	True
1625	17061	CHEMBL3122	Alpha-1B adrenergic receptor	SINGLE PROTEIN	Mesocricetus auratus	147	False
1626	17063	CHEMBL3027	Neurotensin receptor type 1	SINGLE PROTEIN	Rattus norvegicus	44	False
1627	17065	CHEMBL341	Gamma-aminobutyric acid receptor subunit alpha-2	SINGLE PROTEIN	Rattus norvegicus	42	False
1628	17066	CHEMBL4768	Acetylcholinesterase	SINGLE PROTEIN	Bos taurus	385	False
1629	17067	CHEMBL4022	Thymidine kinase, cytosolic	SINGLE PROTEIN	Rattus norvegicus	8	False
1630	17068	CHEMBL2986	Sodium-dependent dopamine transporter	SINGLE PROTEIN	Bos taurus	8	False
1631	17069	CHEMBL2987	Queuine tRNA-ribosyltransferase	SINGLE PROTEIN	Zymomonas mobilis (strain ATCC 31821 / ZM4 / CP4)	10	False
1632	17070	CHEMBL2804	Inositol 1,4,5-trisphosphate-gated calcium channel ITPR1	SINGLE PROTEIN	Rattus norvegicus	27	False
1633	17071	CHEMBL2988	Bile salt-activated lipase	SINGLE PROTEIN	Bos taurus	14	False
1634	17073	CHEMBL3942	Substance-P receptor	SINGLE PROTEIN	Cavia porcellus	277	False
1635	17074	CHEMBL3943	Histamine H1 receptor	SINGLE PROTEIN	Cavia porcellus	578	False
1636	17076	CHEMBL3944	Vasopressin V2 receptor	SINGLE PROTEIN	Sus scrofa	15	True
1637	17077	CHEMBL3945	Choline O-acetyltransferase	SINGLE PROTEIN	Rattus norvegicus	41	False
1638	17079	CHEMBL3947	Adenosine receptor A1	SINGLE PROTEIN	Oryctolagus cuniculus	12	False
1639	17080	CHEMBL3948	Type-1 angiotensin II receptor	SINGLE PROTEIN	Oryctolagus cuniculus	1016	True
1640	17081	CHEMBL3949	Endothelin receptor type B	SINGLE PROTEIN	Sus scrofa	283	False
1641	17084	CHEMBL3952	Kappa-type opioid receptor	SINGLE PROTEIN	Cavia porcellus	1760	False
1642	17085	CHEMBL4143	Calpain-2 catalytic subunit	SINGLE PROTEIN	Sus scrofa	545	True
1643	17086	CHEMBL2605	Adenosine receptor A2a	SINGLE PROTEIN	Cavia porcellus	49	False
1644	17087	CHEMBL5211	Polyunsaturated fatty acid 5-lipoxygenase	SINGLE PROTEIN	Mus musculus	47	False
1645	17089	CHEMBL2805	Retinoic acid receptor RXR-beta	SINGLE PROTEIN	Rattus norvegicus	17	False
1646	17091	CHEMBL2931	Aldehyde dehydrogenase 1A1	SINGLE PROTEIN	Rattus norvegicus	16	False
1647	17092	CHEMBL2932	Alpha-glucosidase MAL12	SINGLE PROTEIN	Saccharomyces cerevisiae S288c	25	False
1648	17093	CHEMBL2933	Potassium-transporting ATPase alpha chain 2	SINGLE PROTEIN	Homo sapiens	23	False
1649	17095	CHEMBL2934	Microsomal triglyceride transfer protein large subunit	SINGLE PROTEIN	Bos taurus	34	False
1650	17096	CHEMBL2935	Purine nucleoside phosphorylase	SINGLE PROTEIN	Bos taurus	78	False
1651	17100	CHEMBL4102	Prostaglandin G/H synthase 2	SINGLE PROTEIN	Ovis aries	705	False
1652	17106	CHEMBL4105	5-hydroxytryptamine receptor 1D	SINGLE PROTEIN	Sus scrofa	90	False
1653	17107	CHEMBL4106	Cathepsin D	SINGLE PROTEIN	Bos taurus	175	False
1654	17110	CHEMBL4108	Voltage-dependent L-type calcium channel subunit alpha-1S	SINGLE PROTEIN	Rattus norvegicus	34	False
1655	17111	CHEMBL4109	Glutamate receptor ionotropic, NMDA 2C	SINGLE PROTEIN	Homo sapiens	24	False
1656	17113	CHEMBL3452	Vitamin D3 receptor	SINGLE PROTEIN	Bos taurus	9	False
1657	17115	CHEMBL3453	B2 bradykinin receptor	SINGLE PROTEIN	Oryctolagus cuniculus	22	False
1658	17117	CHEMBL3499	Beta-lactamase class C	SINGLE PROTEIN	Enterobacter cloacae	32	False
1659	17120	CHEMBL3501	Cholecystokinin receptor type A	SINGLE PROTEIN	Cavia porcellus	503	False
1660	17121	CHEMBL2647	Substance-K receptor	SINGLE PROTEIN	Cavia porcellus	62	False
1661	17124	CHEMBL3651	Group VII phospholipase A2	SINGLE PROTEIN	Sus scrofa	14	False
1662	17125	CHEMBL3652	Beta-lactamase TEM	SINGLE PROTEIN	Enterobacter cloacae	17	False
1663	17127	CHEMBL2648	Vitamin D3 receptor	SINGLE PROTEIN	Sus scrofa domesticus	11	False
1664	17128	CHEMBL3626	Histone deacetylase	SINGLE PROTEIN	Cryptosporidium parvum	28	False
1665	17130	CHEMBL2669	Serine-threonine protein phosphatase 2A regulatory subunit	SINGLE PROTEIN	Gallus gallus	20	False
1666	17134	CHEMBL2672	Muscarinic acetylcholine receptor M1	SINGLE PROTEIN	Bos taurus	25	False
1667	17140	CHEMBL2980	Arachidonate 5-lipoxygenase	SINGLE PROTEIN	Bos taurus	112	False
1668	17141	CHEMBL2981	Carnitine palmitoyltransferase 1A	SINGLE PROTEIN	Sus scrofa	8	False
1669	17142	CHEMBL342	Glutamate receptor ionotropic, NMDA 3A	SINGLE PROTEIN	Rattus norvegicus	8	False
1670	17144	CHEMBL2982	Adenosine kinase	SINGLE PROTEIN	Toxoplasma gondii	32	False
1671	17145	CHEMBL3111	Ribosomal protein S6 kinase beta-2	SINGLE PROTEIN	Homo sapiens	38	False
1672	17147	CHEMBL2937	Matrix metalloproteinase-17	SINGLE PROTEIN	Homo sapiens	18	False
1673	18006	CHEMBL4263	Acetolactate synthase, chloroplastic	SINGLE PROTEIN	Arabidopsis thaliana	107	False
1674	18008	CHEMBL5502	Modulator of drug activity A	SINGLE PROTEIN	Escherichia coli O157:H7	10	False
1675	18010	CHEMBL4265	CG8425-PA [Drosophila melanogaster]	SINGLE PROTEIN	Drosophila melanogaster	9	False
1676	18013	CHEMBL4731	Hydroxycarboxylic acid receptor 2	SINGLE PROTEIN	Rattus norvegicus	30	False
1677	18014	CHEMBL3646	Secreted effector protein	SINGLE PROTEIN	Yersinia pestis	35	False
1678	18025	CHEMBL4290	Trypsin II	SINGLE PROTEIN	Rattus norvegicus	17	False
1679	18032	CHEMBL5244	UDP-3-O-acyl-N-acetylglucosamine deacetylase	SINGLE PROTEIN	Escherichia coli K-12	230	False
1680	18033	CHEMBL2073	Tyrosine-protein kinase Yes	SINGLE PROTEIN	Homo sapiens	647	False
1681	18035	CHEMBL3640	Mycobacterial beta-ketoacyl-[acyl-carrier-protein] synthase III	SINGLE PROTEIN	Mycobacterium tuberculosis	18	False
1682	18036	CHEMBL4979	Sodium/glucose cotransporter 1	SINGLE PROTEIN	Homo sapiens	1176	True
1683	18037	CHEMBL5246	Cholesterol side-chain cleavage enzyme, mitochondrial	SINGLE PROTEIN	Rattus norvegicus	8	False
1684	18038	CHEMBL5276	3-dehydroquinate dehydratase	SINGLE PROTEIN	Streptomyces coelicolor (strain ATCC BAA-471 / A3(2) / M145)	10	False
1685	18039	CHEMBL5277	Atrial natriuretic peptide receptor 1	SINGLE PROTEIN	Rattus norvegicus	23	False
1686	18040	CHEMBL5031	Beta-lactamase	SINGLE PROTEIN	Pseudomonas aeruginosa (strain ATCC 15692 / PAO1 / 1C / PRS 101 / LMG12228)	57	True
1687	18043	CHEMBL2072	Sodium channel protein type 4 subunit alpha	SINGLE PROTEIN	Homo sapiens	63	True
1688	18044	CHEMBL4687	Plasmepsin I	SINGLE PROTEIN	Plasmodium falciparum	157	False
1689	18046	CHEMBL4414	Plasmepsin II	SINGLE PROTEIN	Plasmodium falciparum	532	False
1690	18047	CHEMBL4415	Deoxyhypusine synthase	SINGLE PROTEIN	Homo sapiens	38	False
1691	18056	CHEMBL3585	Sodium channel protein type 7 subunit alpha	SINGLE PROTEIN	Homo sapiens	71	False
1692	18058	CHEMBL5107	Voltage-dependent N-type calcium channel subunit alpha-1B	SINGLE PROTEIN	Rattus norvegicus	54	False
1693	18061	CHEMBL4296	Sodium channel protein type 9 subunit alpha	SINGLE PROTEIN	Homo sapiens	7058	True
1694	18063	CHEMBL4351	Beta-1 adrenergic receptor	SINGLE PROTEIN	Sus scrofa	11	False
1695	18065	CHEMBL4297	5-hydroxytryptamine receptor 1D	SINGLE PROTEIN	Mus musculus	7	False
1696	18070	CHEMBL4690	Phenylalanine--tRNA ligase alpha subunit	SINGLE PROTEIN	Streptococcus pyogenes serotype M18 (strain MGAS8232)	7	False
1697	18071	CHEMBL4691	Proteinase-activated receptor 4	SINGLE PROTEIN	Homo sapiens	1199	False
1698	18072	CHEMBL4187	Sodium channel protein type 2 subunit alpha	SINGLE PROTEIN	Homo sapiens	168	False
1699	18075	CHEMBL5163	Sodium channel protein type 3 subunit alpha	SINGLE PROTEIN	Homo sapiens	78	False
1700	18079	CHEMBL5202	Sodium channel protein type 8 subunit alpha	SINGLE PROTEIN	Homo sapiens	980	False
1701	18080	CHEMBL5451	Sodium channel protein type 10 subunit alpha	SINGLE PROTEIN	Homo sapiens	675	False
1702	18082	CHEMBL5489	Thymidine kinase 2	SINGLE PROTEIN	Rattus norvegicus	5	False
1703	19600	CHEMBL3558	Gamma-hydroxybutyrate receptor	SINGLE PROTEIN	Rattus norvegicus	13	False
1704	19607	CHEMBL3392	Thermolysin	SINGLE PROTEIN	Bacillus thermoproteolyticus	96	False
1705	19609	CHEMBL343	Gamma-aminobutyric acid receptor subunit alpha-1	SINGLE PROTEIN	Rattus norvegicus	47	False
1706	19623	CHEMBL3357	Interleukin-1 receptor-associated kinase 1	SINGLE PROTEIN	Homo sapiens	975	False
1707	19624	CHEMBL4117	Aminopeptidase N	SINGLE PROTEIN	Plasmodium falciparum FcB1/Columbia	140	False
1708	19634	CHEMBL3288	Ryanodine receptor 1	SINGLE PROTEIN	Oryctolagus cuniculus	25	False
1709	19636	CHEMBL3463	Human immunodeficiency virus type 2 integrase	SINGLE PROTEIN	Human immunodeficiency virus 2	6	False
1710	19639	CHEMBL3778	Interleukin-1 receptor-associated kinase 4	SINGLE PROTEIN	Homo sapiens	8691	True
1711	19642	CHEMBL2892	Metabotropic glutamate receptor 1	SINGLE PROTEIN	Mus musculus	17	False
1712	19666	CHEMBL3354	Glutathionylspermidine synthase	SINGLE PROTEIN	Crithidia fasciculata	30	False
1713	19672	CHEMBL3513	Acidic alpha-glucosidase	SINGLE PROTEIN	Rattus norvegicus	90	False
1714	19683	CHEMBL5129	Phosphodiesterase 3B	SINGLE PROTEIN	Bos taurus	12	False
1715	19684	CHEMBL3097	Acetylcholine receptor subunit alpha	SINGLE PROTEIN	Torpedo californica	19	False
1716	19688	CHEMBL2540	UDP-N-acetylmuramoyl-tripeptide--D-alanyl-D-alanine ligase	SINGLE PROTEIN	Escherichia coli K-12	14	False
1717	19689	CHEMBL3250	Lysophosphatidic acid receptor 3	SINGLE PROTEIN	Homo sapiens	139	False
1718	19690	CHEMBL3554	3-dehydroquinate synthase	SINGLE PROTEIN	Escherichia coli K-12	5	False
1719	19699	CHEMBL3916	Acetylcholine receptor subunit delta	SINGLE PROTEIN	Torpedo californica	7	False
1720	19702	CHEMBL4592	Amine oxidase [copper-containing] 3	SINGLE PROTEIN	Rattus norvegicus	145	False
1721	19704	CHEMBL3186	Beta tubulin	SINGLE PROTEIN	Leishmania donovani	58	False
1722	19903	CHEMBL3799	Neuromedin-K receptor	SINGLE PROTEIN	Cavia porcellus	29	False
1723	19904	CHEMBL3798	Calcitonin gene-related peptide type 1 receptor	SINGLE PROTEIN	Homo sapiens	749	False
1724	19905	CHEMBL344	Melanin-concentrating hormone receptor 1	SINGLE PROTEIN	Homo sapiens	3393	True
1725	20001	CHEMBL3925	17-beta-hydroxysteroid-dehydrogenase	SINGLE PROTEIN	Cochliobolus lunatus	7	False
1726	20006	CHEMBL4727	Amine oxidase [copper-containing] 3	SINGLE PROTEIN	Mus musculus	11	False
1727	20007	CHEMBL3886	Mitogen-activated protein kinase kinase kinase 20	SINGLE PROTEIN	Homo sapiens	507	False
1728	20008	CHEMBL3924	Dual specificity protein phosphatase 22	SINGLE PROTEIN	Homo sapiens	19	False
1729	20012	CHEMBL3927	Replicase polyprotein 1a	SINGLE PROTEIN	Severe acute respiratory syndrome-related coronavirus	146	True
1730	20013	CHEMBL5280	Alpha-glucosidase	SINGLE PROTEIN	Oryza sativa Japonica Group	10	False
1731	20014	CHEMBL4722	Aurora kinase A	SINGLE PROTEIN	Homo sapiens	4032	True
1732	20015	CHEMBL5026	Eukaryotic elongation factor 2 kinase	SINGLE PROTEIN	Homo sapiens	403	False
1733	20016	CHEMBL4725	Aryl hydrocarbon receptor	SINGLE PROTEIN	Oryctolagus cuniculus	13	False
1734	20018	CHEMBL4726	Receptor-histidine kinase AgrC	SINGLE PROTEIN	Staphylococcus aureus	14	False
1735	20020	CHEMBL4355	Cyclin-G-associated kinase	SINGLE PROTEIN	Homo sapiens	480	False
1736	20022	CHEMBL5061	Glutathione reductase	SINGLE PROTEIN	Plasmodium falciparum 3D7	8	False
1737	20023	CHEMBL5062	Coagulation factor X	SINGLE PROTEIN	Oryctolagus cuniculus	142	False
1738	20024	CHEMBL5283	DNA polymerase III subunit alpha	SINGLE PROTEIN	Bacillus subtilis (strain 168)	20	False
1739	20025	CHEMBL5014	Receptor-interacting serine/threonine-protein kinase 2	SINGLE PROTEIN	Homo sapiens	1065	False
1740	20027	CHEMBL3928	C-C chemokine receptor type 3	SINGLE PROTEIN	Rattus norvegicus	34	False
1741	20031	CHEMBL3666	5-hydroxytryptamine receptor 3A	SINGLE PROTEIN	Cavia porcellus	82	False
1742	20032	CHEMBL3802	Neuropeptide Y receptor type 5	SINGLE PROTEIN	Mus musculus	168	False
1743	20033	CHEMBL5017	5-hydroxytryptamine receptor 4	SINGLE PROTEIN	Cavia porcellus	364	False
1744	20034	CHEMBL3534	Dolichyl-phosphate-mannose--protein mannosyltransferase 1	SINGLE PROTEIN	Candida albicans (strain SC5314 / ATCC MYA-2876) (Yeast)	36	False
1745	20035	CHEMBL3535	High affinity cGMP-specific 3',5'-cyclic phosphodiesterase 9A	SINGLE PROTEIN	Homo sapiens	715	False
1746	20036	CHEMBL5327	Collagenase 3	SINGLE PROTEIN	Bos taurus	29	False
1747	20042	CHEMBL5328	Thymidylate synthase	SINGLE PROTEIN	Lactobacillus casei	123	False
1748	20052	CHEMBL3536	ATP-dependent molecular chaperone HSP82	SINGLE PROTEIN	Saccharomyces cerevisiae S288c	89	False
1749	20053	CHEMBL4096	Cellular tumor antigen p53	SINGLE PROTEIN	Homo sapiens	8903	True
1750	20056	CHEMBL5281	Cytochrome P450 2E1	SINGLE PROTEIN	Homo sapiens	62	False
1751	20057	CHEMBL3344	Fatty acid-binding protein, heart	SINGLE PROTEIN	Homo sapiens	126	False
1752	20059	CHEMBL5035	Heme oxygenase 1	SINGLE PROTEIN	Rattus norvegicus	112	False
1753	20060	CHEMBL4197	Heat shock protein HSP 90-alpha	SINGLE PROTEIN	Mus musculus	34	False
1754	20062	CHEMBL4837	Type 1 fimbrin D-mannose specific adhesin	SINGLE PROTEIN	Escherichia coli K-12	138	False
1755	20064	CHEMBL3345	3-dehydroquinate dehydratase	SINGLE PROTEIN	Mycobacterium tuberculosis	35	False
1756	20067	CHEMBL3346	Gag-Pro polyprotein	SINGLE PROTEIN	Human T-cell leukemia virus 1 (strain Japan ATK-1 subtype A) (HTLV-1)	29	False
1757	20069	CHEMBL4622	Beta-glucosidase A	SINGLE PROTEIN	Caldicellulosiruptor saccharolyticus	18	False
1758	20072	CHEMBL4084	Cyclin-dependent kinase 1	SINGLE PROTEIN	Mus musculus	6	False
1759	20073	CHEMBL5282	Cytochrome P450 2A6	SINGLE PROTEIN	Homo sapiens	202	False
1760	20075	CHEMBL4358	Polyunsaturated fatty acid lipoxygenase ALOX15	SINGLE PROTEIN	Oryctolagus cuniculus	149	False
1761	20077	CHEMBL5064	Folate receptor beta	SINGLE PROTEIN	Homo sapiens	37	False
1762	20079	CHEMBL4199	ATP-dependent molecular chaperone HSC82	SINGLE PROTEIN	Saccharomyces cerevisiae S288c	11	False
1763	20081	CHEMBL3668	Galectin-3	SINGLE PROTEIN	Mus musculus	91	True
1764	20083	CHEMBL3882	Hexokinase-4	SINGLE PROTEIN	Rattus norvegicus	49	False
1765	20084	CHEMBL3669	Glycogen synthase kinase-3 beta	SINGLE PROTEIN	Rattus norvegicus	29	False
1766	20085	CHEMBL4729	Cytochrome P450 2B6	SINGLE PROTEIN	Homo sapiens	170	False
1767	20086	CHEMBL4085	Cytochrome P450 2A5	SINGLE PROTEIN	Mus musculus	29	False
1768	20088	CHEMBL3348	Heme oxygenase 2	SINGLE PROTEIN	Rattus norvegicus	95	False
1769	20091	CHEMBL3883	Dipeptidyl peptidase 4	SINGLE PROTEIN	Mus musculus	60	False
1770	20092	CHEMBL3884	Sodium/glucose cotransporter 2	SINGLE PROTEIN	Homo sapiens	1525	True
1771	20095	CHEMBL3820	Hexokinase-4	SINGLE PROTEIN	Homo sapiens	1122	False
1772	20097	CHEMBL5021	Cyclin-dependent kinase inhibitor 1	SINGLE PROTEIN	Homo sapiens	13	False
1773	20099	CHEMBL3932	Carbonic anhydrase	SINGLE PROTEIN	Methanosarcina thermophila	22	False
1774	20104	CHEMBL4086	Prostaglandin E2 receptor EP4 subtype	SINGLE PROTEIN	Rattus norvegicus	98	False
1775	20105	CHEMBL3349	Cathepsin K	SINGLE PROTEIN	Oryctolagus cuniculus	94	False
1776	20108	CHEMBL4091	1-deoxy-D-xylulose 5-phosphate reductoisomerase	SINGLE PROTEIN	Escherichia coli K-12	59	False
1777	20109	CHEMBL4087	B1 bradykinin receptor	SINGLE PROTEIN	Oryctolagus cuniculus	37	False
1778	20110	CHEMBL4092	Mitogen-activated protein kinase 10	SINGLE PROTEIN	Rattus norvegicus	55	False
1779	20111	CHEMBL4088	DNA topoisomerase 4 subunit A	SINGLE PROTEIN	Staphylococcus aureus	52	False
1780	20112	CHEMBL5067	D(1A) dopamine receptor	SINGLE PROTEIN	Sus scrofa	195	False
1781	20113	CHEMBL4093	Oxysterols receptor LXR-beta	SINGLE PROTEIN	Homo sapiens	1169	False
1782	20116	CHEMBL4089	UDP-N-acetylenolpyruvoylglucosamine reductase	SINGLE PROTEIN	Staphylococcus aureus	6	False
1783	20120	CHEMBL3436	Phenylalanine--tRNA ligase alpha subunit	SINGLE PROTEIN	Staphylococcus aureus	43	False
1784	20122	CHEMBL3933	Prostaglandin D2 receptor	SINGLE PROTEIN	Mus musculus	96	False
1785	20123	CHEMBL5068	Prostaglandin E2 receptor EP1 subtype	SINGLE PROTEIN	Rattus norvegicus	147	False
1786	20126	CHEMBL3433	Substance-K receptor	SINGLE PROTEIN	Oryctolagus cuniculus	51	False
1787	20127	CHEMBL3746	11-beta-hydroxysteroid dehydrogenase type 2	SINGLE PROTEIN	Homo sapiens	162	True
1788	20128	CHEMBL4090	Protein kinase Pfmrk	SINGLE PROTEIN	Plasmodium falciparum	30	False
1789	20129	CHEMBL3747	Calpain-1 catalytic subunit	SINGLE PROTEIN	Rattus norvegicus	19	False
1790	20130	CHEMBL4198	E3 ubiquitin-protein ligase XIAP	SINGLE PROTEIN	Homo sapiens	1451	False
1791	20131	CHEMBL5023	E3 ubiquitin-protein ligase Mdm2	SINGLE PROTEIN	Homo sapiens	4268	True
1792	20132	CHEMBL3674	Fatty acid-binding protein 5	SINGLE PROTEIN	Homo sapiens	399	False
1793	20134	CHEMBL3748	1,25-dihydroxyvitamin D(3) 24-hydroxylase, mitochondrial	SINGLE PROTEIN	Rattus norvegicus	6	True
1794	20137	CHEMBL3797	Serine-protein kinase ATM	SINGLE PROTEIN	Homo sapiens	1871	False
1795	20139	CHEMBL5024	Serine/threonine-protein kinase ATR	SINGLE PROTEIN	Homo sapiens	2242	False
1796	20143	CHEMBL3437	Amine oxidase [copper-containing] 3	SINGLE PROTEIN	Homo sapiens	741	False
1797	20145	CHEMBL3482	Beta-galactosidase	SINGLE PROTEIN	Bos taurus	68	False
1798	20148	CHEMBL3755	Coagulation factor X	SINGLE PROTEIN	Rattus norvegicus	30	False
1799	20151	CHEMBL4657	Dipeptidyl peptidase 8	SINGLE PROTEIN	Homo sapiens	616	False
1800	20153	CHEMBL5070	Beta-ketoacyl-[acyl-carrier-protein] synthase III	SINGLE PROTEIN	Enterococcus faecalis (strain ATCC 700802 / V583)	41	False
1801	20154	CHEMBL4793	Dipeptidyl peptidase 9	SINGLE PROTEIN	Homo sapiens	457	False
1802	20157	CHEMBL4730	Melanin-concentrating hormone receptor 1	SINGLE PROTEIN	Mus musculus	114	False
1803	20158	CHEMBL5036	cGMP-dependent protein kinase	SINGLE PROTEIN	Eimeria tenella	246	False
1804	20159	CHEMBL5037	Caspase-10	SINGLE PROTEIN	Homo sapiens	10	False
1805	20162	CHEMBL5038	Melanin-concentrating hormone receptor 2	SINGLE PROTEIN	Homo sapiens	39	False
1806	20165	CHEMBL5040	Carboxypeptidase G2	SINGLE PROTEIN	Pseudomonas aeruginosa (strain ATCC 15692 / PAO1 / 1C / PRS 101 / LMG12228)	5	False
1807	20166	CHEMBL5076	Histamine H3 receptor	SINGLE PROTEIN	Cavia porcellus	517	False
1808	20168	CHEMBL5077	Butyrylcholinesterase	SINGLE PROTEIN	Equus caballus	360	False
1809	20171	CHEMBL3935	Aurora kinase C	SINGLE PROTEIN	Homo sapiens	512	False
1810	20174	CHEMBL5071	Prostaglandin D2 receptor 2	SINGLE PROTEIN	Homo sapiens	3317	True
1811	20177	CHEMBL4082	Beta-glucuronidase	SINGLE PROTEIN	Bos taurus	56	False
1812	22221	CHEMBL3879801	NON-PROTEIN TARGET	NON-MOLECULAR		37034	True
1813	22222	CHEMBL345	Nucleic Acid	NUCLEIC-ACID		791	True
1814	22224	CHEMBL612558	ADMET	ADMET		24953	True
1815	22226	CHEMBL612545	Unchecked	UNCHECKED		217067	True
1816	22228	CHEMBL612546	Molecular identity unknown	UNKNOWN		2564	True
1817	22229	CHEMBL2362975	No relevant target	NO TARGET		11941	True
1818	30000	CHEMBL3830	AP2-associated protein kinase 1	SINGLE PROTEIN	Homo sapiens	1068	False
1819	30001	CHEMBL3831	Serine/threonine-protein kinase MARK2	SINGLE PROTEIN	Homo sapiens	680	False
1820	30002	CHEMBL3829	Calcium/calmodulin-dependent protein kinase type II subunit gamma	SINGLE PROTEIN	Homo sapiens	542	False
1821	30003	CHEMBL3788	Serine/threonine-protein kinase PLK4	SINGLE PROTEIN	Homo sapiens	982	False
1822	30004	CHEMBL3938	Serine/threonine-protein kinase 16	SINGLE PROTEIN	Homo sapiens	263	False
1823	30005	CHEMBL3980	Serine/threonine-protein kinase 17B	SINGLE PROTEIN	Homo sapiens	321	False
1824	30006	CHEMBL3981	Serine/threonine-protein kinase 10	SINGLE PROTEIN	Homo sapiens	536	False
1825	30007	CHEMBL3982	Tyrosine-protein kinase Fer	SINGLE PROTEIN	Homo sapiens	564	False
1826	30008	CHEMBL2068	Ephrin type-A receptor 2	SINGLE PROTEIN	Homo sapiens	1101	True
1827	30009	CHEMBL4954	Ephrin type-A receptor 3	SINGLE PROTEIN	Homo sapiens	403	False
1828	30010	CHEMBL4134	Ephrin type-A receptor 8	SINGLE PROTEIN	Homo sapiens	385	False
1829	30011	CHEMBL3983	Dual specificity protein kinase TTK	SINGLE PROTEIN	Homo sapiens	1639	False
1830	30012	CHEMBL4223	Tyrosine-protein kinase FRK	SINGLE PROTEIN	Homo sapiens	609	True
1831	30013	CHEMBL4224	Dual specificity protein kinase CLK1	SINGLE PROTEIN	Homo sapiens	1086	False
1832	30014	CHEMBL4225	Dual specificity protein kinase CLK2	SINGLE PROTEIN	Homo sapiens	1944	False
1833	30015	CHEMBL4226	Dual specificity protein kinase CLK3	SINGLE PROTEIN	Homo sapiens	1213	False
1834	30016	CHEMBL3834	Cytoplasmic tyrosine-protein kinase BMX	SINGLE PROTEIN	Homo sapiens	675	False
1835	30017	CHEMBL3835	Serine/threonine-protein kinase Nek2	SINGLE PROTEIN	Homo sapiens	838	False
1836	30018	CHEMBL3836	LIM domain kinase 1	SINGLE PROTEIN	Homo sapiens	975	False
1837	30019	CHEMBL3987	Ephrin type-A receptor 5	SINGLE PROTEIN	Homo sapiens	397	False
1838	30020	CHEMBL5072	Ephrin type-B receptor 1	SINGLE PROTEIN	Homo sapiens	388	False
1839	30021	CHEMBL3988	Ephrin type-A receptor 4	SINGLE PROTEIN	Homo sapiens	484	False
1840	30022	CHEMBL4597	Cyclin-dependent kinase 16	SINGLE PROTEIN	Homo sapiens	223	False
1841	30023	CHEMBL4599	Activated CDC42 kinase 1	SINGLE PROTEIN	Homo sapiens	1064	False
1842	30024	CHEMBL4598	Serine/threonine-protein kinase 4	SINGLE PROTEIN	Homo sapiens	865	False
1843	30025	CHEMBL4600	Serine/threonine-protein kinase PAK 1	SINGLE PROTEIN	Homo sapiens	572	False
1844	30026	CHEMBL4601	Protein-tyrosine kinase 6	SINGLE PROTEIN	Homo sapiens	689	True
1845	30027	CHEMBL4602	Ephrin type-A receptor 7	SINGLE PROTEIN	Homo sapiens	374	False
1846	30028	CHEMBL5073	Calcium/calmodulin-dependent protein kinase type 1D	SINGLE PROTEIN	Homo sapiens	546	False
1847	30029	CHEMBL5256	Calcium/calmodulin-dependent protein kinase kinase 1	SINGLE PROTEIN	Homo sapiens	274	False
1848	30030	CHEMBL5257	Serine/threonine-protein kinase Nek9	SINGLE PROTEIN	Homo sapiens	214	False
1849	30031	CHEMBL5258	Calcium/calmodulin-dependent protein kinase type 1G	SINGLE PROTEIN	Homo sapiens	178	False
1850	30032	CHEMBL5284	Calcium/calmodulin-dependent protein kinase kinase 2	SINGLE PROTEIN	Homo sapiens	443	False
1851	30033	CHEMBL3984	Membrane-associated tyrosine- and threonine-specific cdc2-inhibitory kinase	SINGLE PROTEIN	Homo sapiens	267	False
1852	30034	CHEMBL5285	Mitogen-activated protein kinase kinase kinase 5	SINGLE PROTEIN	Homo sapiens	1960	True
1853	30035	CHEMBL4202	STE20-like serine/threonine-protein kinase	SINGLE PROTEIN	Homo sapiens	613	False
1854	30036	CHEMBL4203	Dual specificity protein kinase CLK4	SINGLE PROTEIN	Homo sapiens	1627	False
1855	30037	CHEMBL4204	MAP kinase-interacting serine/threonine-protein kinase 2	SINGLE PROTEIN	Homo sapiens	2351	False
1856	30038	CHEMBL4309	Serine/threonine-protein kinase Nek6	SINGLE PROTEIN	Homo sapiens	479	False
1857	30039	CHEMBL4310	Serine/threonine-protein kinase 3	SINGLE PROTEIN	Mus musculus	5	False
1858	30040	CHEMBL4311	Serine/threonine-protein kinase PAK 6	SINGLE PROTEIN	Homo sapiens	421	False
1859	30041	CHEMBL4312	Serine/threonine-protein kinase 36	SINGLE PROTEIN	Homo sapiens	168	False
1860	30042	CHEMBL4522	BMP-2-inducible protein kinase	SINGLE PROTEIN	Homo sapiens	256	False
1861	30043	CHEMBL4523	Serine/threonine-protein kinase pim-2	SINGLE PROTEIN	Homo sapiens	3423	True
1862	30044	CHEMBL4524	Serine/threonine-protein kinase PAK 5	SINGLE PROTEIN	Homo sapiens	423	False
1863	30045	CHEMBL4525	Serine/threonine-protein kinase 17A	SINGLE PROTEIN	Homo sapiens	772	False
1864	30046	CHEMBL4526	Ephrin type-A receptor 6	SINGLE PROTEIN	Homo sapiens	195	False
1865	30047	CHEMBL4527	TRAF2 and NCK-interacting protein kinase	SINGLE PROTEIN	Homo sapiens	686	False
1866	30048	CHEMBL4851	Serine/threonine-protein kinase 38-like	SINGLE PROTEIN	Homo sapiens	149	False
1867	30049	CHEMBL4852	Mitogen-activated protein kinase kinase kinase kinase 5	SINGLE PROTEIN	Homo sapiens	705	False
1868	30050	CHEMBL4853	Mitogen-activated protein kinase kinase kinase 4	SINGLE PROTEIN	Homo sapiens	179	False
1869	30051	CHEMBL3832	Serine/threonine-protein kinase ULK3	SINGLE PROTEIN	Mus musculus	6	False
1870	50001	CHEMBL612283	Alternaria solani	ORGANISM	Alternaria solani	111	False
1871	50003	CHEMBL612289	Schaalia meyeri	ORGANISM	Schaalia meyeri	8	False
1872	50005	CHEMBL612291	Ancylostoma ceylanicum	ORGANISM	Ancylostoma ceylanicum	25	False
1873	50007	CHEMBL612293	Salmonella paratyphi	ORGANISM	Salmonella enterica subsp. enterica serovar Paratyphi A	6	False
1874	50012	CHEMBL612298	Vibrio anguillarum	ORGANISM	Vibrio anguillarum	22	False
1875	50018	CHEMBL346	Trichophyton benhamiae	ORGANISM	Trichophyton benhamiae	15	False
1876	50019	CHEMBL612304	Nannizzia gypsea	ORGANISM	Nannizzia gypsea	5	False
1877	50021	CHEMBL612306	Rhizopus arrhizus	ORGANISM	Rhizopus arrhizus	5	True
1878	50024	CHEMBL612313	Streptococcus	ORGANISM	Streptococcus	1195	False
1879	50028	CHEMBL347	Streptococcus pneumoniae	ORGANISM	Streptococcus pneumoniae	321	False
1880	50030	CHEMBL612318	Enterococcus	ORGANISM	Enterococcus	51	False
1881	50031	CHEMBL612323	Globisporangium ultimum	ORGANISM	Globisporangium ultimum	14	False
1882	50038	CHEMBL612328	Plasmodium yoelii yoelii	ORGANISM	Plasmodium yoelii yoelii	19	False
1883	50043	CHEMBL612332	Streptococcus viridans	ORGANISM	Streptococcus viridans	12	False
1884	50048	CHEMBL612335	Microsporum canis	ORGANISM	Microsporum canis	23	False
1885	50050	CHEMBL612694	Chlamydia pneumoniae	ORGANISM	Chlamydia pneumoniae	50	False
1886	50051	CHEMBL612337	Eggerthella lenta	ORGANISM	Eggerthella lenta	8	False
1887	50056	CHEMBL612341	Artemia salina	ORGANISM	Artemia salina	88	False
1888	50057	CHEMBL612342	Oesophagostomum columbianum	ORGANISM	Oesophagostomum columbianum	9	False
1889	50058	CHEMBL612696	Oculimacula yallundae	ORGANISM	Oculimacula yallundae	6	False
1890	50059	CHEMBL612343	Echinochloa crus-galli	ORGANISM	Echinochloa crus-galli	576	False
1891	50062	CHEMBL612448	Bipolaris oryzae	ORGANISM	Bipolaris oryzae	55	False
1892	50064	CHEMBL612450	Rodentolepis nana	ORGANISM	Rodentolepis nana	114	False
1893	50068	CHEMBL612454	Thanatephorus cucumeris	ORGANISM	Thanatephorus cucumeris	111	False
1894	50073	CHEMBL612459	Cercospora beticola	ORGANISM	Cercospora beticola	46	False
1895	50076	CHEMBL612462	Enterovirus C	ORGANISM	Enterovirus C	26	True
1896	50077	CHEMBL612463	Plasmopara viticola	ORGANISM	Plasmopara viticola	13	False
1897	50078	CHEMBL612464	rhinovirus A45	ORGANISM	rhinovirus A45	17	False
1898	50079	CHEMBL612465	rhinovirus B6	ORGANISM	rhinovirus B6	14	False
1899	50080	CHEMBL612466	Rhinovirus B	ORGANISM	Rhinovirus B	16	False
1900	50081	CHEMBL612467	rhinovirus B5	ORGANISM	rhinovirus B5	30	False
1901	50082	CHEMBL612468	Pyricularia grisea	ORGANISM	Pyricularia grisea	109	False
1902	50083	CHEMBL612285	Caulobacter vibrioides	ORGANISM	Caulobacter vibrioides	17	False
1903	50084	CHEMBL612469	Aspergillus nidulans	ORGANISM	Aspergillus nidulans	25	False
1904	50085	CHEMBL612470	Human rhinovirus sp.	ORGANISM	Human rhinovirus sp.	301	False
1905	50089	CHEMBL612474	rhinovirus A22	ORGANISM	rhinovirus A22	14	False
1906	50090	CHEMBL612475	rhinovirus A30	ORGANISM	rhinovirus A30	14	False
1907	50091	CHEMBL612476	rhinovirus A41	ORGANISM	rhinovirus A41	20	False
1908	50093	CHEMBL612478	rhinovirus A63	ORGANISM	rhinovirus A63	7	False
1909	50095	CHEMBL612480	rhinovirus B86	ORGANISM	rhinovirus B86	21	False
1910	50106	CHEMBL612490	Bacteria	ORGANISM	Bacteria	7	False
1911	50108	CHEMBL612492	Campylobacter jejuni	ORGANISM	Campylobacter jejuni	11	False
1912	50109	CHEMBL612600	Helicobacter pylori	ORGANISM	Helicobacter pylori	97	False
1913	50117	CHEMBL348	Pseudomonas aeruginosa	ORGANISM	Pseudomonas aeruginosa	1351	False
1914	50118	CHEMBL612499	Burkholderia cepacia	ORGANISM	Burkholderia cepacia	8	False
1915	50119	CHEMBL612500	Pseudomonas fluorescens	ORGANISM	Pseudomonas fluorescens	36	False
1916	50120	CHEMBL612501	Pseudomonas putida	ORGANISM	Pseudomonas putida	7	False
1917	50121	CHEMBL612602	Ralstonia solanacearum	ORGANISM	Ralstonia solanacearum	17	False
1918	50122	CHEMBL612502	Pseudomonas sp.	ORGANISM	Pseudomonas sp.	5	False
1919	50124	CHEMBL612504	Agrobacterium tumefaciens	ORGANISM	Agrobacterium tumefaciens	77	False
1920	50127	CHEMBL612506	Fusarium solani	ORGANISM	Fusarium solani	84	True
1921	50129	CHEMBL612524	rhinovirus B4	ORGANISM	rhinovirus B4	10	False
1922	50130	CHEMBL612525	rhinovirus A15	ORGANISM	rhinovirus A15	17	False
1923	50131	CHEMBL612526	rhinovirus A25	ORGANISM	rhinovirus A25	17	False
1924	50132	CHEMBL612527	rhinovirus A39	ORGANISM	rhinovirus A39	7	False
1925	50134	CHEMBL612528	rhinovirus A67	ORGANISM	rhinovirus A67	14	False
1926	50135	CHEMBL612529	rhinovirus A85	ORGANISM	rhinovirus A85	9	False
1927	50142	CHEMBL612610	Influenza A virus (A/Puerto Rico/8/1934(H1N1))	ORGANISM	Influenza A virus (A/Puerto Rico/8/1934(H1N1))	32	False
1928	50145	CHEMBL349	Enterobacter cloacae	ORGANISM	Enterobacter cloacae	101	False
1929	50148	CHEMBL350	Klebsiella pneumoniae	ORGANISM	Klebsiella pneumoniae	402	False
1930	50151	CHEMBL614450	Proteus vulgaris	ORGANISM	Proteus vulgaris	52	False
1931	50152	CHEMBL612537	Providencia rettgeri	ORGANISM	Providencia rettgeri	8	False
1932	50153	CHEMBL612538	Providencia sp.	ORGANISM	Providencia sp.	7	False
1933	50156	CHEMBL351	Salmonella typhimurium	ORGANISM	Salmonella enterica subsp. enterica serovar Typhimurium	390	False
1934	50158	CHEMBL614395	Shigella boydii	ORGANISM	Shigella boydii	6	False
1935	50159	CHEMBL614396	Shigella flexneri	ORGANISM	Shigella flexneri	33	False
1936	50160	CHEMBL614397	Shigella sp.	ORGANISM	Shigella sp.	6	False
1937	50161	CHEMBL614398	Yersinia enterocolitica	ORGANISM	Yersinia enterocolitica	9	False
1938	50163	CHEMBL614400	Aeromonas sobria	ORGANISM	Aeromonas sobria	9	False
1939	50165	CHEMBL614402	Vibrio cholerae	ORGANISM	Vibrio cholerae	28	False
1940	50166	CHEMBL614403	Vibrio parahaemolyticus	ORGANISM	Vibrio parahaemolyticus	49	False
1941	50167	CHEMBL614404	Vibrio vulnificus	ORGANISM	Vibrio vulnificus	6	False
1942	50168	CHEMBL614405	Plesiomonas shigelloides	ORGANISM	Plesiomonas shigelloides	20	False
1943	50169	CHEMBL614406	Aggregatibacter actinomycetemcomitans	ORGANISM	Aggregatibacter actinomycetemcomitans	14	False
1944	50172	CHEMBL614409	Pasteurella multocida	ORGANISM	Pasteurella multocida	26	False
1945	50174	CHEMBL614411	Bacteroides fragilis	ORGANISM	Bacteroides fragilis	20	False
1946	50175	CHEMBL614412	Bacteroides thetaiotaomicron	ORGANISM	Bacteroides thetaiotaomicron	12	False
1947	50176	CHEMBL614413	Parabacteroides distasonis	ORGANISM	Parabacteroides distasonis	8	False
1948	50177	CHEMBL614414	Porphyromonas gingivalis	ORGANISM	Porphyromonas gingivalis	56	False
1949	50178	CHEMBL614415	Fusobacterium mortiferum	ORGANISM	Fusobacterium mortiferum	12	False
1950	50179	CHEMBL614416	Fusobacterium varium	ORGANISM	Fusobacterium varium	12	False
1951	50180	CHEMBL614417	Fusobacterium necrophorum	ORGANISM	Fusobacterium necrophorum	12	False
1952	50182	CHEMBL614419	Peptoniphilus asaccharolyticus	ORGANISM	Peptoniphilus asaccharolyticus	13	False
1953	50183	CHEMBL614420	Peptostreptococcus anaerobius	ORGANISM	Peptostreptococcus anaerobius	13	False
1954	50184	CHEMBL614421	Micrococcus luteus	ORGANISM	Micrococcus luteus	170	False
1955	50185	CHEMBL352	Staphylococcus aureus	ORGANISM	Staphylococcus aureus	3971	True
1956	50186	CHEMBL353	Staphylococcus epidermidis	ORGANISM	Staphylococcus epidermidis	626	False
1957	50187	CHEMBL612507	Staphylococcus haemolyticus	ORGANISM	Staphylococcus haemolyticus	17	False
1958	50188	CHEMBL614422	Staphylococcus intermedius	ORGANISM	Staphylococcus intermedius	7	False
1959	50189	CHEMBL614423	Staphylococcus hominis	ORGANISM	Staphylococcus hominis	7	False
1960	50190	CHEMBL614424	Acinetobacter	ORGANISM	Acinetobacter	7	False
1961	50191	CHEMBL614425	Acinetobacter baumannii	ORGANISM	Acinetobacter baumannii	264	False
1962	50192	CHEMBL614426	Acinetobacter calcoaceticus	ORGANISM	Acinetobacter calcoaceticus	17	False
1963	50195	CHEMBL614429	Moraxella catarrhalis	ORGANISM	Moraxella catarrhalis	23	False
1964	50196	CHEMBL614430	Neisseria gonorrhoeae	ORGANISM	Neisseria gonorrhoeae	24	False
1965	50197	CHEMBL614431	Neisseria meningitidis	ORGANISM	Neisseria meningitidis	38	False
1966	50201	CHEMBL612286	Bordetella bronchiseptica	ORGANISM	Bordetella bronchiseptica	8	False
1967	50205	CHEMBL614436	Enterobacteriaceae	ORGANISM	Enterobacteriaceae	16	False
1968	50206	CHEMBL614437	Citrobacter	ORGANISM	Citrobacter	13	False
1969	50207	CHEMBL614438	Citrobacter koseri	ORGANISM	Citrobacter koseri	9	False
1970	50208	CHEMBL612615	Citrobacter freundii	ORGANISM	Citrobacter freundii	24	False
1971	50210	CHEMBL612508	Klebsiella aerogenes	ORGANISM	Klebsiella aerogenes	63	False
1972	50212	CHEMBL354	Escherichia coli	ORGANISM	Escherichia coli	2448	True
1973	50213	CHEMBL614441	Klebsiella oxytoca	ORGANISM	Klebsiella oxytoca	20	False
1974	50214	CHEMBL612616	Klebsiella sp.	ORGANISM	Klebsiella sp.	8	False
1975	50216	CHEMBL614443	Morganella morganii	ORGANISM	Morganella morganii	25	False
1976	50217	CHEMBL614444	Proteus mirabilis	ORGANISM	Proteus mirabilis	86	False
1977	50219	CHEMBL614445	Providencia stuartii	ORGANISM	Providencia stuartii	6	False
1978	50220	CHEMBL614446	Salmonella	ORGANISM	Salmonella	35	False
1979	50221	CHEMBL614447	Salmonella enteritidis	ORGANISM	Salmonella enterica subsp. enterica serovar Enteritidis	12	False
1980	50222	CHEMBL612618	Salmonella sp.	ORGANISM	Salmonella sp.	5	False
1981	50223	CHEMBL614448	Salmonella typhi	ORGANISM	Salmonella enterica subsp. enterica serovar Typhi	91	False
1982	50225	CHEMBL614593	Serratia marcescens	ORGANISM	Serratia marcescens	34	False
1983	50226	CHEMBL614594	Shigella	ORGANISM	Shigella	5	False
1984	50227	CHEMBL612619	Shigella dysenteriae	ORGANISM	Shigella dysenteriae	37	False
1985	50228	CHEMBL614595	Shigella sonnei	ORGANISM	Shigella sonnei	12	False
1986	50230	CHEMBL614597	Yersinia pestis	ORGANISM	Yersinia pestis	39	True
1987	50232	CHEMBL612509	Aeromonas hydrophila	ORGANISM	Aeromonas hydrophila	8	False
1988	50234	CHEMBL614599	Vibrio alginolyticus	ORGANISM	Vibrio alginolyticus	13	False
1989	50235	CHEMBL614600	Aliivibrio fischeri	ORGANISM	Aliivibrio fischeri	16	False
1990	50239	CHEMBL614603	Actinobacillus pleuropneumoniae	ORGANISM	Actinobacillus pleuropneumoniae	6	False
1991	50240	CHEMBL355	Haemophilus influenzae	ORGANISM	Haemophilus influenzae	87	False
1992	50243	CHEMBL614606	Chlamydia trachomatis	ORGANISM	Chlamydia trachomatis	89	False
1993	50244	CHEMBL612622	Bacteroides uniformis	ORGANISM	Bacteroides uniformis	11	False
1994	50245	CHEMBL612287	Phocaeicola vulgatus	ORGANISM	Phocaeicola vulgatus	12	False
1995	50248	CHEMBL614609	Fusobacterium nucleatum	ORGANISM	Fusobacterium nucleatum	16	False
1996	50251	CHEMBL614615	Finegoldia magna	ORGANISM	Finegoldia magna	13	False
1997	50255	CHEMBL612624	Staphylococcus	ORGANISM	Staphylococcus	26	False
1998	50258	CHEMBL612425	Staphylococcus simulans	ORGANISM	Staphylococcus simulans	8	False
1999	50259	CHEMBL612625	Staphylococcus warneri	ORGANISM	Staphylococcus warneri	7	False
2000	50261	CHEMBL614621	Streptococcus sp.	ORGANISM	Streptococcus sp.	7	False
2001	50262	CHEMBL612426	Streptococcus mutans	ORGANISM	Streptococcus mutans	107	False
2002	50263	CHEMBL614622	Streptococcus agalactiae	ORGANISM	Streptococcus agalactiae	57	False
2003	50264	CHEMBL356	Streptococcus pyogenes	ORGANISM	Streptococcus pyogenes	257	False
2004	50266	CHEMBL357	Enterococcus faecium	ORGANISM	Enterococcus faecium	303	False
2005	50267	CHEMBL614623	Enterococcus hirae	ORGANISM	Enterococcus hirae	54	False
2006	50268	CHEMBL612428	Bacillus	ORGANISM	Bacillus	41	False
2007	50270	CHEMBL612626	Bacillus licheniformis	ORGANISM	Bacillus licheniformis	10	False
2008	50272	CHEMBL614625	Histoplasma capsulatum	ORGANISM	Histoplasma capsulatum	23	False
2009	50274	CHEMBL614955	Aspergillus flavus	ORGANISM	Aspergillus flavus	190	False
2010	50275	CHEMBL358	Aspergillus niger	ORGANISM	Aspergillus niger	311	False
2011	50278	CHEMBL359	Bacillus subtilis	ORGANISM	Bacillus subtilis	869	False
2012	50280	CHEMBL614959	Bacillus thuringiensis	ORGANISM	Bacillus thuringiensis	9	False
2013	50286	CHEMBL614965	Clostridioides difficile	ORGANISM	Clostridioides difficile	155	False
2014	50288	CHEMBL614967	Clostridium perfringens	ORGANISM	Clostridium perfringens	36	False
2015	50289	CHEMBL614968	Clostridium septicum	ORGANISM	Clostridium septicum	11	False
2016	50295	CHEMBL614974	Listeria monocytogenes	ORGANISM	Listeria monocytogenes	87	False
2017	50296	CHEMBL614975	Actinomyces naeslundii	ORGANISM	Actinomyces naeslundii	18	False
2018	50297	CHEMBL614976	Actinomyces israelii	ORGANISM	Actinomyces israelii	8	False
2019	50302	CHEMBL612288	Corynebacterium xerosis	ORGANISM	Corynebacterium xerosis	9	False
2020	50304	CHEMBL614981	Mycobacterium	ORGANISM	Mycobacterium	17	False
2021	50305	CHEMBL614982	Mycobacterium avium	ORGANISM	Mycobacterium avium	369	False
2022	50306	CHEMBL614983	Mycolicibacterium fortuitum	ORGANISM	Mycolicibacterium fortuitum	15	False
2023	50307	CHEMBL614984	Mycobacterium kansasii	ORGANISM	Mycobacterium kansasii	414	False
2024	50308	CHEMBL614985	Mycolicibacterium phlei	ORGANISM	Mycolicibacterium phlei	34	False
2025	50309	CHEMBL360	Mycobacterium tuberculosis	ORGANISM	Mycobacterium tuberculosis	11049	True
2026	50310	CHEMBL614986	Mycobacterium gordonae	ORGANISM	Mycobacterium gordonae	12	False
2027	50311	CHEMBL614987	Mycobacterium marinum	ORGANISM	Mycobacterium marinum	60	False
2028	50322	CHEMBL614996	Amaranthus	ORGANISM	Amaranthus	76	False
2029	50324	CHEMBL612710	Arabidopsis thaliana	ORGANISM	Arabidopsis thaliana	54	False
2030	50330	CHEMBL612715	Pisum sativum	ORGANISM	Pisum sativum	9	False
2031	50333	CHEMBL613059	Nicotiana tabacum	ORGANISM	Nicotiana tabacum	94	False
2032	50334	CHEMBL613060	Helianthus annuus	ORGANISM	Helianthus annuus	8	False
2033	50335	CHEMBL613061	Oryza sativa	ORGANISM	Oryza sativa	155	False
2034	50336	CHEMBL612631	Sorghum halepense	ORGANISM	Sorghum halepense	48	False
2035	50337	CHEMBL613062	Zea mays	ORGANISM	Zea mays	73	False
2036	50339	CHEMBL613064	Pneumocystis carinii	ORGANISM	Pneumocystis carinii	91	False
2037	50340	CHEMBL613065	Phytophthora infestans	ORGANISM	Phytophthora infestans	101	False
2038	50341	CHEMBL612521	Mucor	ORGANISM	Mucor	10	False
2039	50342	CHEMBL612430	Rhizopus	ORGANISM	Rhizopus	13	False
2040	50343	CHEMBL612632	Schizosaccharomyces pombe	ORGANISM	Schizosaccharomyces pombe	31	False
2041	50344	CHEMBL612309	Cyberlindnera jadinii	ORGANISM	Cyberlindnera jadinii	34	False
2042	50347	CHEMBL361	Saccharomyces cerevisiae	ORGANISM	Saccharomyces cerevisiae	2260	False
2043	50349	CHEMBL612432	Plenodomus lingam	ORGANISM	Plenodomus lingam	25	False
2044	50352	CHEMBL612433	Penicillium citrinum	ORGANISM	Penicillium citrinum	18	False
2045	50353	CHEMBL362	Enterococcus faecalis	ORGANISM	Enterococcus faecalis	504	False
2046	50356	CHEMBL613070	Bacillus cereus	ORGANISM	Bacillus cereus	236	False
2047	50357	CHEMBL613071	Priestia megaterium	ORGANISM	Priestia megaterium	9	False
2048	50361	CHEMBL613074	Clostridium tertium	ORGANISM	Clostridium tertium	12	False
2049	50362	CHEMBL613075	Lacticaseibacillus casei	ORGANISM	Lacticaseibacillus casei	61	False
2050	50366	CHEMBL613078	Actinomyces viscosus	ORGANISM	Actinomyces viscosus	14	False
2051	50375	CHEMBL612639	Cutibacterium acnes	ORGANISM	Cutibacterium acnes	6	False
2052	50377	CHEMBL613086	Mycobacterium tuberculosis variant bovis	ORGANISM	Mycobacterium tuberculosis variant bovis	382	False
2053	50378	CHEMBL612640	Mycobacterium intracellulare	ORGANISM	Mycobacterium intracellulare	68	False
2054	50379	CHEMBL613087	Mycobacterium avium subsp. paratuberculosis	ORGANISM	Mycobacterium avium subsp. paratuberculosis	30	False
2055	50380	CHEMBL613088	Mycolicibacterium smegmatis	ORGANISM	Mycolicibacterium smegmatis	454	False
2056	50381	CHEMBL612641	Mycobacteroides chelonae	ORGANISM	Mycobacteroides chelonae	6	False
2057	50388	CHEMBL612643	Mycoplasmoides gallisepticum	ORGANISM	Mycoplasmoides gallisepticum	38	False
2058	50391	CHEMBL612824	Spinacia oleracea	ORGANISM	Spinacia oleracea	35	False
2059	50397	CHEMBL612830	Glycine max	ORGANISM	Glycine max	17	False
2060	50401	CHEMBL612834	Avena fatua	ORGANISM	Avena fatua	107	False
2061	50402	CHEMBL612835	Setaria viridis	ORGANISM	Setaria viridis	95	False
2062	50403	CHEMBL612836	Triticum aestivum	ORGANISM	Triticum aestivum	181	False
2063	50405	CHEMBL612838	Phytophthora capsici	ORGANISM	Phytophthora capsici	28	False
2064	50408	CHEMBL612841	Pichia kudriavzevii	ORGANISM	Pichia kudriavzevii	166	True
2065	50409	CHEMBL612842	Kluyveromyces marxianus	ORGANISM	Kluyveromyces marxianus	35	False
2066	50410	CHEMBL612843	Meyerozyma guilliermondii	ORGANISM	Meyerozyma guilliermondii	7	False
2067	50415	CHEMBL612847	Penicillium chrysogenum	ORGANISM	Penicillium chrysogenum	15	False
2068	50416	CHEMBL363	Aspergillus fumigatus	ORGANISM	Aspergillus fumigatus	212	True
2069	50417	CHEMBL612848	Leishmania infantum	ORGANISM	Leishmania infantum	1127	False
2070	50418	CHEMBL612849	Trypanosoma brucei	ORGANISM	Trypanosoma brucei	3116	True
2071	50420	CHEMBL612851	Trypanosoma brucei brucei	ORGANISM	Trypanosoma brucei brucei	4681	True
2072	50422	CHEMBL612853	Entamoeba histolytica	ORGANISM	Entamoeba histolytica	754	False
2073	50423	CHEMBL612854	Eimeria tenella	ORGANISM	Eimeria tenella	143	False
2074	50424	CHEMBL612855	Cryptosporidium parvum	ORGANISM	Cryptosporidium parvum	194	False
2075	50425	CHEMBL364	Plasmodium falciparum	ORGANISM	Plasmodium falciparum	41726	True
2076	50426	CHEMBL612856	Plasmodium falciparum K1	ORGANISM	Plasmodium falciparum K1	12	False
2077	50429	CHEMBL612859	Encephalitozoon cuniculi	ORGANISM	Encephalitozoon cuniculi	9	False
2078	50430	CHEMBL612644	Schistosoma japonicum	ORGANISM	Schistosoma japonicum	57	False
2079	50431	CHEMBL612860	Fasciola hepatica	ORGANISM	Fasciola hepatica	42	False
2080	50436	CHEMBL365	Cryptococcus neoformans	ORGANISM	Cryptococcus neoformans	545	True
2081	50440	CHEMBL612866	Colletotrichum musae	ORGANISM	Colletotrichum musae	11	False
2082	50441	CHEMBL612867	Candida	ORGANISM	Candida	24	False
2083	50442	CHEMBL366	Candida albicans	ORGANISM	Candida albicans	1427	True
2084	50443	CHEMBL612647	Nakaseomyces glabratus	ORGANISM	Nakaseomyces glabratus	184	True
2085	50444	CHEMBL612868	Candida parapsilosis	ORGANISM	Candida parapsilosis	169	True
2086	50446	CHEMBL612870	Candida tropicalis	ORGANISM	Candida tropicalis	142	True
2087	50448	CHEMBL612648	Fusarium oxysporum	ORGANISM	Fusarium oxysporum	273	True
2088	50451	CHEMBL612873	Trichoderma viride	ORGANISM	Trichoderma viride	34	False
2089	50452	CHEMBL612649	Trichophyton rubrum	ORGANISM	Trichophyton rubrum	135	False
2090	50453	CHEMBL612874	Trichosporon beigelii	ORGANISM	Trichosporon beigelii	28	False
2091	50456	CHEMBL612650	Crithidia fasciculata	ORGANISM	Crithidia fasciculata	11	False
2092	50457	CHEMBL612877	Leishmania amazonensis	ORGANISM	Leishmania amazonensis	672	False
2093	50458	CHEMBL612878	Leishmania braziliensis	ORGANISM	Leishmania braziliensis	159	False
2094	50459	CHEMBL367	Leishmania donovani	ORGANISM	Leishmania donovani	4687	True
2095	50460	CHEMBL612879	Leishmania major	ORGANISM	Leishmania major	648	False
2096	50461	CHEMBL612880	Leishmania mexicana	ORGANISM	Leishmania mexicana	343	False
2097	50462	CHEMBL612881	Leishmania tropica	ORGANISM	Leishmania tropica	93	False
2098	50463	CHEMBL612651	Leishmania aethiopica	ORGANISM	Leishmania aethiopica	19	False
2099	50464	CHEMBL612882	Leishmania panamensis	ORGANISM	Leishmania panamensis	32	False
2100	50466	CHEMBL368	Trypanosoma cruzi	ORGANISM	Trypanosoma cruzi	6106	True
2101	50467	CHEMBL612884	Trichomonas vaginalis	ORGANISM	Trichomonas vaginalis	399	False
2102	50468	CHEMBL612652	Giardia intestinalis	ORGANISM	Giardia intestinalis	383	False
2103	50470	CHEMBL612886	Eimeria acervulina	ORGANISM	Eimeria acervulina	111	False
2104	50471	CHEMBL612887	Eimeria maxima	ORGANISM	Eimeria maxima	65	False
2105	50472	CHEMBL612888	Toxoplasma gondii	ORGANISM	Toxoplasma gondii	892	False
2106	50473	CHEMBL612653	Plasmodium berghei	ORGANISM	Plasmodium berghei	18596	True
2107	50474	CHEMBL612889	Plasmodium yoelii	ORGANISM	Plasmodium yoelii	518	False
2108	50479	CHEMBL612893	Schistosoma mansoni	ORGANISM	Schistosoma mansoni	683	False
2109	50480	CHEMBL612894	Taenia crassiceps	ORGANISM	Taenia crassiceps	5	False
2110	50483	CHEMBL612896	Bombyx mori	ORGANISM	Bombyx mori	43	False
2111	50484	CHEMBL612897	Spodoptera littoralis	ORGANISM	Spodoptera littoralis	69	False
2112	50487	CHEMBL612899	Drosophila melanogaster	ORGANISM	Drosophila melanogaster	16	False
2113	50490	CHEMBL612902	Ctenocephalides felis	ORGANISM	Ctenocephalides felis	88	False
2114	50501	CHEMBL613109	Gallus gallus	ORGANISM	Gallus gallus	115	True
2115	50505	CHEMBL613113	Pan troglodytes	ORGANISM	Pan troglodytes	11	False
2116	50506	CHEMBL613114	Mustela putorius furo	ORGANISM	Mustela putorius furo	22	False
2117	50508	CHEMBL613116	Ovis aries	ORGANISM	Ovis aries	45	False
2118	50510	CHEMBL613118	Meriones unguiculatus	ORGANISM	Meriones unguiculatus	48	False
2119	50512	CHEMBL369	Cavia porcellus	ORGANISM	Cavia porcellus	3153	True
2120	50513	CHEMBL613120	Monkeypox virus	ORGANISM	Monkeypox virus	13	False
2121	50515	CHEMBL370	Human alphaherpesvirus 2	ORGANISM	Human alphaherpesvirus 2	412	True
2122	50518	CHEMBL613124	Human gammaherpesvirus 4	ORGANISM	Human gammaherpesvirus 4	264	False
2123	50520	CHEMBL613126	Human respirovirus 3	ORGANISM	Human respirovirus 3	19	True
2124	50521	CHEMBL613127	Human orthopneumovirus	ORGANISM	Human orthopneumovirus	109	False
2125	50522	CHEMBL613128	unidentified influenza virus	ORGANISM	unidentified influenza virus	15	True
2126	50523	CHEMBL613129	Influenza B virus	ORGANISM	Influenza B virus	133	True
2127	50524	CHEMBL613130	Rift Valley fever virus	ORGANISM	Rift Valley fever virus	11	False
2128	50525	CHEMBL613131	Tacaribe virus	ORGANISM	Mammarenavirus tacaribeense	31	False
2129	50527	CHEMBL613132	Human alphaherpesvirus 3	ORGANISM	Human alphaherpesvirus 3	454	False
2130	50529	CHEMBL613134	Cytomegalovirus	ORGANISM	Cytomegalovirus	126	False
2131	50530	CHEMBL371	Human betaherpesvirus 5	ORGANISM	Human betaherpesvirus 5	706	False
2132	50531	CHEMBL613135	Caenorhabditis elegans	ORGANISM	Caenorhabditis elegans	66	False
2133	50535	CHEMBL613139	Acanthocheilonema viteae	ORGANISM	Acanthocheilonema viteae	60	False
2134	50536	CHEMBL613140	Brugia malayi	ORGANISM	Brugia malayi	127	False
2135	50537	CHEMBL613141	Brugia pahangi	ORGANISM	Brugia pahangi	7	False
2136	50538	CHEMBL613142	Onchocerca volvulus	ORGANISM	Onchocerca volvulus	11	False
2137	50539	CHEMBL613143	Onchocerca gutturosa	ORGANISM	Onchocerca gutturosa	65	False
2138	50540	CHEMBL613144	Haemonchus contortus	ORGANISM	Haemonchus contortus	72	False
2139	50541	CHEMBL613145	Litomosoides carinii	ORGANISM	Litomosoides carinii	7	False
2140	50542	CHEMBL613453	Meloidogyne incognita	ORGANISM	Meloidogyne incognita	36	False
2141	50543	CHEMBL613454	Trichostrongylus colubriformis	ORGANISM	Trichostrongylus colubriformis	30	False
2142	50544	CHEMBL613455	Trichinella spiralis	ORGANISM	Trichinella spiralis	26	False
2143	50545	CHEMBL612662	Heligmosomoides polygyrus	ORGANISM	Heligmosomoides polygyrus	11	False
2144	50549	CHEMBL613459	Artemia	ORGANISM	Artemia	50	False
2145	50553	CHEMBL612663	Periplaneta americana	ORGANISM	Periplaneta americana	21	False
2146	50556	CHEMBL613464	Tenebrio molitor	ORGANISM	Tenebrio molitor	20	False
2147	50557	CHEMBL613465	Spodoptera frugiperda	ORGANISM	Spodoptera frugiperda	21	False
2148	50558	CHEMBL613466	Trichoplusia ni	ORGANISM	Trichoplusia ni	174	False
2149	50559	CHEMBL612664	Galleria mellonella	ORGANISM	Galleria mellonella	13	False
2150	50560	CHEMBL613467	Culicidae	ORGANISM	Culicidae	11	False
2151	50561	CHEMBL613468	Aedes aegypti	ORGANISM	Aedes aegypti	70	False
2152	50562	CHEMBL613469	Musca domestica	ORGANISM	Musca domestica	39	False
2153	50567	CHEMBL613473	Echinoidea	ORGANISM	Echinoidea	9	False
2154	50573	CHEMBL613478	Xenopus laevis	ORGANISM	Xenopus laevis	60	False
2155	50574	CHEMBL612667	Xenopus sp.	ORGANISM	Xenopus sp.	18	False
2156	50587	CHEMBL372	Homo sapiens	ORGANISM	Homo sapiens	4222	True
2157	50588	CHEMBL373	Canis familiaris	ORGANISM	Canis lupus familiaris	2512	True
2158	50589	CHEMBL612670	Felis catus	ORGANISM	Felis catus	152	False
2159	50590	CHEMBL613488	Sus scrofa	ORGANISM	Sus scrofa	131	True
2160	50591	CHEMBL613489	Bos taurus	ORGANISM	Bos taurus	183	True
2161	50592	CHEMBL374	Oryctolagus cuniculus	ORGANISM	Oryctolagus cuniculus	1766	True
2162	50593	CHEMBL612671	Gerbillinae	ORGANISM	Gerbillinae	75	False
2163	50594	CHEMBL375	Mus musculus	ORGANISM	Mus musculus	13692	True
2164	50595	CHEMBL613490	Mus sp.	ORGANISM	Mus sp.	24	False
2165	50596	CHEMBL613491	Rattus	ORGANISM	Rattus	5	False
2166	50597	CHEMBL376	Rattus norvegicus	ORGANISM	Rattus norvegicus	19933	True
2167	50599	CHEMBL612672	Cowpox virus	ORGANISM	Cowpox virus	70	True
2168	50600	CHEMBL613493	Vaccinia virus	ORGANISM	Vaccinia virus	489	True
2169	50601	CHEMBL613494	Variola virus	ORGANISM	Variola virus	11	False
2170	50602	CHEMBL377	Human alphaherpesvirus 1	ORGANISM	Human alphaherpesvirus 1	847	True
2171	50604	CHEMBL613495	Murid betaherpesvirus 1	ORGANISM	Murid betaherpesvirus 1	34	True
2172	50606	CHEMBL613497	Hepatitis B virus	ORGANISM	Hepatitis B virus	1916	False
2173	50607	CHEMBL378	Human immunodeficiency virus 1	ORGANISM	Human immunodeficiency virus 1	14558	True
2174	50608	CHEMBL613498	Human immunodeficiency virus type 1 (RF/HAT ISOLATE)	ORGANISM	Human immunodeficiency virus type 1 (RF/HAT ISOLATE)	32	False
2175	50609	CHEMBL613499	Simian immunodeficiency virus	ORGANISM	Simian immunodeficiency virus	182	False
2176	50611	CHEMBL613500	Moloney murine leukemia virus	ORGANISM	Moloney murine leukemia virus	18	False
2177	50612	CHEMBL613501	Moloney murine sarcoma virus	ORGANISM	Moloney murine sarcoma virus	28	False
2178	50614	CHEMBL613551	Human T-cell leukemia virus type I	ORGANISM	Human T-cell leukemia virus type I	16	False
2179	50615	CHEMBL613552	Echovirus E9	ORGANISM	Echovirus E9	5	False
2180	50617	CHEMBL613554	Coxsackievirus B3	ORGANISM	Coxsackievirus B3	345	False
2181	50618	CHEMBL613555	Coxsackievirus B5	ORGANISM	Coxsackievirus B5	41	False
2182	50619	CHEMBL613556	Poliovirus 1	ORGANISM	Poliovirus 1	41	False
2183	50620	CHEMBL613557	Poliovirus 3	ORGANISM	Poliovirus 3	55	False
2184	50622	CHEMBL613713	rhinovirus A1B	ORGANISM	rhinovirus A1B	137	False
2185	50624	CHEMBL613715	Human adenovirus 2	ORGANISM	Human adenovirus 2	13	False
2186	50625	CHEMBL613716	unidentified adenovirus	ORGANISM	unidentified adenovirus	6	False
2187	50626	CHEMBL612319	Human papillomavirus	ORGANISM	Human papillomavirus	21	False
2188	50627	CHEMBL613717	human papillomavirus 11	ORGANISM	human papillomavirus 11	5	False
2189	50633	CHEMBL613722	Rotavirus	ORGANISM	Rotavirus	11	False
2190	50635	CHEMBL613724	Semliki Forest virus	ORGANISM	Semliki Forest virus	26	False
2191	50636	CHEMBL613725	Sindbis virus	ORGANISM	Sindbis virus	30	True
2192	50637	CHEMBL613726	Venezuelan equine encephalitis virus	ORGANISM	Venezuelan equine encephalitis virus	92	False
2193	50639	CHEMBL613728	dengue virus type 4	ORGANISM	dengue virus type 4	125	False
2194	50640	CHEMBL613729	Japanese encephalitis virus	ORGANISM	Japanese encephalitis virus	30	False
2195	50641	CHEMBL613730	West Nile virus	ORGANISM	West Nile virus	73	True
2196	50642	CHEMBL613731	Yellow fever virus	ORGANISM	Yellow fever virus	156	False
2197	50643	CHEMBL379	Hepatitis C virus	ORGANISM	Hepacivirus hominis	7526	True
2198	50645	CHEMBL613733	Murine hepatitis virus	ORGANISM	Murine hepatitis virus	114	False
2199	50650	CHEMBL613738	Measles morbillivirus	ORGANISM	Measles morbillivirus	98	True
2200	50651	CHEMBL613739	Vesicular stomatitis virus	ORGANISM	Vesicular stomatitis virus	187	True
2201	50652	CHEMBL613740	Influenza A virus	ORGANISM	Influenza A virus	1625	True
2202	50653	CHEMBL613741	Punta Toro virus	ORGANISM	Punta Toro virus	11	False
2203	50655	CHEMBL613742	Pichinde virus	ORGANISM	Pichinde virus	7	False
2204	50657	CHEMBL613744	Feline immunodeficiency virus	ORGANISM	Feline immunodeficiency virus	64	False
2205	50658	CHEMBL380	Human immunodeficiency virus 2	ORGANISM	Human immunodeficiency virus 2	603	False
2206	50659	CHEMBL613745	Visna-maedi virus	ORGANISM	Visna-maedi virus	5	False
2207	50660	CHEMBL613746	Murine leukemia virus	ORGANISM	Murine leukemia virus	9	False
2208	50663	CHEMBL614951	Rous sarcoma virus	ORGANISM	Rous sarcoma virus	8	False
2209	50665	CHEMBL613749	Enterovirus	ORGANISM	Enterovirus	164	False
2210	50666	CHEMBL613750	Coxsackievirus	ORGANISM	Coxsackievirus	103	True
2211	50667	CHEMBL612677	Coxsackievirus B1	ORGANISM	Coxsackievirus B1	27	True
2212	50668	CHEMBL612320	Coxsackievirus B4	ORGANISM	Coxsackievirus B4	36	False
2213	50669	CHEMBL613751	Echovirus E11	ORGANISM	Echovirus E11	9	False
2214	50670	CHEMBL613752	Poliovirus 2	ORGANISM	Poliovirus 2	25	False
2215	50671	CHEMBL613753	Hepatovirus A	ORGANISM	Hepatovirus A	23	False
2216	50674	CHEMBL612678	rhinovirus A2	ORGANISM	rhinovirus A2	127	False
2217	50675	CHEMBL613756	rhinovirus A89	ORGANISM	rhinovirus A89	28	False
2218	50676	CHEMBL613757	Dengue virus	ORGANISM	Dengue virus	118	False
2219	50677	CHEMBL613758	Human immunodeficiency virus	ORGANISM	Human immunodeficiency virus	839	False
2220	50678	CHEMBL612679	Respiratory syncytial virus	ORGANISM	Respiratory syncytial virus	800	False
2221	50679	CHEMBL613759	rhinovirus B14	ORGANISM	rhinovirus B14	382	False
2222	50680	CHEMBL613760	Human rhinovirus 1A	ORGANISM	Human rhinovirus 1A	76	False
2223	50681	CHEMBL613761	Duck hepatitis B virus	ORGANISM	Duck hepatitis B virus	41	False
2224	50683	CHEMBL613762	Salmonella enterica	ORGANISM	Salmonella enterica	40	False
2225	50685	CHEMBL613764	Staphylococcus saprophyticus	ORGANISM	Staphylococcus saprophyticus	11	False
2226	50686	CHEMBL612681	Staphylococcus capitis	ORGANISM	Staphylococcus capitis	19	False
2227	50691	CHEMBL613768	Trypanosoma brucei gambiense	ORGANISM	Trypanosoma brucei gambiense	216	False
2228	50692	CHEMBL613769	rhinovirus A16	ORGANISM	rhinovirus A16	95	False
2229	50693	CHEMBL613770	Enterococcus sp.	ORGANISM	Enterococcus sp.	13	False
2230	50694	CHEMBL612683	Myzus persicae	ORGANISM	Myzus persicae	229	False
2231	50696	CHEMBL613772	Parastagonospora nodorum	ORGANISM	Parastagonospora nodorum	42	False
2232	50700	CHEMBL613775	Geotrichum candidum	ORGANISM	Geotrichum candidum	13	False
2233	50701	CHEMBL613776	Puccinia recondita	ORGANISM	Puccinia recondita	103	False
2234	50703	CHEMBL613777	Cooperia oncophora	ORGANISM	Cooperia oncophora	6	False
2235	50704	CHEMBL614952	Streptococcus mitis	ORGANISM	Streptococcus mitis	13	False
2236	50705	CHEMBL613778	Acinetobacter lwoffii	ORGANISM	Acinetobacter lwoffii	5	False
2237	50706	CHEMBL612686	Bacteroides ovatus	ORGANISM	Bacteroides ovatus	8	False
2238	50707	CHEMBL612321	Prevotella bivia	ORGANISM	Prevotella bivia	14	False
2239	50708	CHEMBL612234	Prevotella buccae	ORGANISM	Prevotella buccae	14	False
2240	50710	CHEMBL612236	Prevotella melaninogenica	ORGANISM	Prevotella melaninogenica	12	False
2241	50711	CHEMBL612687	Hoylesella oralis	ORGANISM	Hoylesella oralis	9	False
2242	50712	CHEMBL612237	Human adenovirus 5	ORGANISM	Human adenovirus 5	231	False
2243	50716	CHEMBL612240	Talaromyces funiculosus	ORGANISM	Talaromyces funiculosus	19	False
2244	50717	CHEMBL612241	Leishmania sp.	ORGANISM	Leishmania sp.	10	False
2245	50720	CHEMBL612243	Staphylococcus sp.	ORGANISM	Staphylococcus sp.	6	False
2246	50722	CHEMBL612245	Sporothrix schenckii	ORGANISM	Sporothrix schenckii	16	False
2247	50724	CHEMBL612347	Plasmodium yoelii nigeriensis	ORGANISM	Plasmodium yoelii nigeriensis	251	False
2248	50725	CHEMBL612348	Trypanosoma brucei rhodesiense	ORGANISM	Trypanosoma brucei rhodesiense	2766	False
2249	50727	CHEMBL612349	Amphibalanus amphitrite	ORGANISM	Amphibalanus amphitrite	8	False
2250	50729	CHEMBL612351	Anaerococcus prevotii	ORGANISM	Anaerococcus prevotii	9	False
2251	50731	CHEMBL612353	Echovirus	ORGANISM	Echovirus	15	False
2252	50734	CHEMBL612356	Blumeria graminis	ORGANISM	Blumeria graminis	135	False
2253	50737	CHEMBL612359	Human immunodeficiency virus 3	ORGANISM	Human immunodeficiency virus 3	89	False
2254	50740	CHEMBL612361	Cricetinae gen. sp.	ORGANISM	Cricetinae gen. sp.	142	False
2255	50742	CHEMBL612362	Clavispora lusitaniae	ORGANISM	Clavispora lusitaniae	25	False
2256	50746	CHEMBL612436	Enterovirus A71	ORGANISM	Enterovirus A71	442	False
2257	50748	CHEMBL612366	Stenotrophomonas maltophilia	ORGANISM	Stenotrophomonas maltophilia	8	False
2258	50750	CHEMBL614954	Aspergillus ochraceus	ORGANISM	Aspergillus ochraceus	30	False
2259	50753	CHEMBL612438	Lomentospora prolificans	ORGANISM	Lomentospora prolificans	5	False
2260	50754	CHEMBL612369	Lichtheimia corymbifera	ORGANISM	Lichtheimia corymbifera	30	True
2261	50755	CHEMBL612370	Anas sp.	ORGANISM	Anas sp.	10	False
2262	50757	CHEMBL612371	rhinovirus A21	ORGANISM	rhinovirus A21	112	False
2263	50758	CHEMBL612372	rhinovirus A50	ORGANISM	rhinovirus A50	14	False
2264	50759	CHEMBL612373	Dictyostelium discoideum	ORGANISM	Dictyostelium discoideum	28	False
2265	50764	CHEMBL612378	Tetranychus urticae	ORGANISM	Tetranychus urticae	503	False
2266	50766	CHEMBL612380	Parvimonas micra	ORGANISM	Parvimonas micra	11	False
2267	50767	CHEMBL612381	Lepidium sativum	ORGANISM	Lepidium sativum	37	False
2268	50775	CHEMBL612389	Streptococcus sp. 'group A'	ORGANISM	Streptococcus sp. 'group A'	2305	False
2269	50776	CHEMBL612390	Penicillium digitatum	ORGANISM	Penicillium digitatum	44	False
2270	50784	CHEMBL612397	Trichostrongylus axei	ORGANISM	Trichostrongylus axei	8	False
2271	50786	CHEMBL612399	Botrytis cinerea	ORGANISM	Botrytis cinerea	833	False
2272	50787	CHEMBL612400	Rumex acetosa	ORGANISM	Rumex acetosa	14	False
2273	50790	CHEMBL612402	Enterobacter sp.	ORGANISM	Enterobacter sp.	9	False
2274	50794	CHEMBL612550	Teladorsagia circumcincta	ORGANISM	Teladorsagia circumcincta	8	False
2275	50795	CHEMBL612551	San Angelo virus	ORGANISM	San Angelo virus	22	False
2276	50796	CHEMBL614874	Monkey	ORGANISM	Cercopithecidae	20	False
2277	50797	CHEMBL614875	Rhesus monkey	ORGANISM	Macaca mulatta	299	True
2278	80001	CHEMBL614508	143B	CELL-LINE	Homo sapiens	129	False
2279	80002	CHEMBL614075	1A9	CELL-LINE	Homo sapiens	138	False
2280	80003	CHEMBL614509	1A9/ptx-10	CELL-LINE	Homo sapiens	44	False
2281	80004	CHEMBL613858	1A9/ptx-22	CELL-LINE	Homo sapiens	25	False
2282	80006	CHEMBL614510	3T3-L1	CELL-LINE	Mus musculus	430	False
2283	80007	CHEMBL614511	41M	CELL-LINE	Homo sapiens	5	False
2284	80008	CHEMBL612565	5637	CELL-LINE	Homo sapiens	235	False
2285	80011	CHEMBL613867	13762	CELL-LINE	Rattus norvegicus	8	False
2286	80012	CHEMBL614512	A 172	CELL-LINE	Homo sapiens	207	False
2287	80013	CHEMBL614513	A10	CELL-LINE	Rattus norvegicus	36	False
2288	80014	CHEMBL614514	A204	CELL-LINE	Homo sapiens	94	False
2289	80015	CHEMBL613503	A2058	CELL-LINE	Homo sapiens	186	False
2290	80017	CHEMBL614023	A2780cisR	CELL-LINE	Homo sapiens	60	False
2291	80018	CHEMBL613859	A-375	CELL-LINE	Homo sapiens	2861	True
2292	80019	CHEMBL614515	A-427	CELL-LINE	Homo sapiens	364	False
2293	80021	CHEMBL614516	A498	CELL-LINE	Homo sapiens	2279	False
2294	80023	CHEMBL614517	A673	CELL-LINE	Homo sapiens	316	False
2295	80024	CHEMBL614518	A9	CELL-LINE	Mus musculus	11	False
2296	80025	CHEMBL614519	ACHN	CELL-LINE	Homo sapiens	2914	True
2297	80026	CHEMBL613860	AGS	CELL-LINE	Homo sapiens	502	False
2298	80027	CHEMBL614024	AIK-T4	CELL-LINE	Homo sapiens	7	False
2299	80030	CHEMBL614520	ANN-1	CELL-LINE	Mus musculus	5	False
2300	80033	CHEMBL614523	AtT20	CELL-LINE	Mus musculus	5	False
2301	80035	CHEMBL381	B16	CELL-LINE	Mus musculus	1126	False
2302	80036	CHEMBL614524	BaF3	CELL-LINE	Mus musculus	1999	False
2303	80037	CHEMBL614065	Balb/MK	CELL-LINE	Mus musculus	43	False
2304	80038	CHEMBL614525	BeWo	CELL-LINE	Homo sapiens	47	False
2305	80039	CHEMBL614526	BGC-823	CELL-LINE	Homo sapiens	662	False
2306	80040	CHEMBL614527	BHK-21	CELL-LINE	Mesocricetus auratus	97	False
2307	80042	CHEMBL614026	Breast carcinoma cell	CELL-LINE	Homo sapiens	43	False
2308	80044	CHEMBL614528	BSC-1	CELL-LINE	Chlorocebus aethiops	16	False
2309	80045	CHEMBL613870	BT-20	CELL-LINE	Homo sapiens	140	False
2310	80046	CHEMBL614529	BT-474	CELL-LINE	Homo sapiens	981	False
2311	80047	CHEMBL614063	Beta-TC3	CELL-LINE	Mus musculus	17	False
2312	80048	CHEMBL614530	BXPC-3	CELL-LINE	Homo sapiens	990	False
2313	80049	CHEMBL614531	C3H 10T1/2	CELL-LINE	Mus musculus	135	False
2314	80051	CHEMBL614532	C6-BU-1	CELL-LINE	Rattus norvegicus	12	False
2315	80052	CHEMBL614533	C8166	CELL-LINE	Homo sapiens	223	False
2316	80053	CHEMBL612566	CA46	CELL-LINE	Homo sapiens	115	False
2317	80054	CHEMBL614058	Caco-2	CELL-LINE	Homo sapiens	814	False
2318	80055	CHEMBL614067	CAKI-1	CELL-LINE	Homo sapiens	2132	False
2319	80056	CHEMBL613852	CAKI-2	CELL-LINE	Homo sapiens	14	False
2320	80057	CHEMBL613505	Calu-1	CELL-LINE	Homo sapiens	185	False
2321	80058	CHEMBL614534	Calu-3	CELL-LINE	Homo sapiens	128	False
2322	80059	CHEMBL614535	Calu-6	CELL-LINE	Homo sapiens	110	False
2323	80060	CHEMBL614536	CAPAN-1	CELL-LINE	Homo sapiens	355	False
2324	80061	CHEMBL614537	CC-1	CELL-LINE	Rattus norvegicus	10	False
2325	80063	CHEMBL614027	CCRF S-180	CELL-LINE	Mus musculus	132	False
2326	80064	CHEMBL382	CCRF-CEM	CELL-LINE	Homo sapiens	6305	True
2327	80066	CHEMBL614540	CCRF-CEM/VCR-1000	CELL-LINE	Homo sapiens	63	False
2328	80067	CHEMBL614541	CCRF-HSB-2	CELL-LINE	Homo sapiens	26	False
2329	80068	CHEMBL614542	CCRF-SB	CELL-LINE	Homo sapiens	128	False
2330	80073	CHEMBL614545	CEM-c113	CELL-LINE	Homo sapiens	12	False
2331	80075	CHEMBL614547	CEM-DNR	CELL-LINE	Homo sapiens	34	False
2332	80076	CHEMBL614548	CEM-SS	CELL-LINE	Homo sapiens	498	False
2333	80077	CHEMBL614044	CEM-TK(-)	CELL-LINE	Homo sapiens	9	False
2334	80078	CHEMBL614029	CEM-TK(+)	CELL-LINE	Homo sapiens	17	False
2335	80084	CHEMBL614554	CEM-VLB	CELL-LINE	Homo sapiens	35	False
2336	80086	CHEMBL613506	CFPAC-1	CELL-LINE	Homo sapiens	112	False
2337	80088	CHEMBL613853	CHO	CELL-LINE	Cricetulus griseus	836	False
2338	80089	CHEMBL614555	CHO-AA8	CELL-LINE	Cricetulus griseus	118	False
2339	80092	CHEMBL614031	CHO-K1	CELL-LINE	Cricetulus griseus	91	False
2340	80094	CHEMBL614558	CHO-MG	CELL-LINE	Cricetulus griseus	34	False
2341	80096	CHEMBL614559	CHO-TAX 5-6	CELL-LINE	Cricetulus griseus	27	False
2342	80097	CHEMBL614560	CHO-VV 3-2	CELL-LINE	Cricetulus griseus	23	False
2343	80098	CHEMBL614729	CNS carcinoma cell	CELL-LINE	Homo sapiens	41	False
2344	80099	CHEMBL614561	COLO 205	CELL-LINE	Homo sapiens	3107	True
2345	80100	CHEMBL614257	COLO 320	CELL-LINE	Homo sapiens	26	False
2346	80101	CHEMBL614562	COLO 320DM	CELL-LINE	Homo sapiens	73	False
2347	80105	CHEMBL613854	COR-L23	CELL-LINE	Homo sapiens	129	False
2348	80106	CHEMBL614563	COS-1	CELL-LINE	Chlorocebus aethiops	92	False
2349	80107	CHEMBL614564	COS-7	CELL-LINE	Chlorocebus aethiops	82	False
2350	80109	CHEMBL614565	CTLL	CELL-LINE	Mus musculus	9	False
2351	80110	CHEMBL613507	CV-1	CELL-LINE	Chlorocebus aethiops	107	False
2352	80111	CHEMBL614566	CX-1	CELL-LINE	Homo sapiens	41	False
2353	80112	CHEMBL614033	DAN-G	CELL-LINE	Homo sapiens	73	False
2354	80113	CHEMBL612519	Daoy	CELL-LINE	Homo sapiens	192	False
2355	80114	CHEMBL614281	Daudi	CELL-LINE	Homo sapiens	179	False
2356	80115	CHEMBL612702	DC3F	CELL-LINE	Cricetulus griseus	5	False
2357	80118	CHEMBL614284	Detroit 551	CELL-LINE	Homo sapiens	52	False
2358	80119	CHEMBL614059	Detroit 98	CELL-LINE	Homo sapiens	7	False
2359	80120	CHEMBL614285	DLD-1	CELL-LINE	Homo sapiens	1195	False
2360	80121	CHEMBL614286	DMS-79	CELL-LINE	Homo sapiens	39	False
2361	80122	CHEMBL614034	DMS-273	CELL-LINE	Homo sapiens	115	False
2362	80123	CHEMBL614287	DO4	CELL-LINE	Homo sapiens	6	False
2363	80125	CHEMBL613508	DU-145	CELL-LINE	Homo sapiens	7021	True
2364	80126	CHEMBL614289	DuPro	CELL-LINE	Homo sapiens	28	False
2365	80129	CHEMBL614035	ECV-304	CELL-LINE	Homo sapiens	36	False
2366	80130	CHEMBL614292	EJ	CELL-LINE	Homo sapiens	70	False
2367	80132	CHEMBL614293	EL4	CELL-LINE	Mus musculus	53	False
2368	80133	CHEMBL614294	EMT6	CELL-LINE	Mus musculus	183	False
2369	80134	CHEMBL614295	EVSA-T	CELL-LINE	Homo sapiens	32	False
2370	80135	CHEMBL614296	F9	CELL-LINE	Mus musculus	35	False
2371	80136	CHEMBL614297	FM3A	CELL-LINE	Mus musculus	344	False
2372	80138	CHEMBL614036	G-361	CELL-LINE	Homo sapiens	265	False
2373	80139	CHEMBL613509	G-401	CELL-LINE	Homo sapiens	73	False
2374	80140	CHEMBL614570	GBM	CELL-LINE	Homo sapiens	30	False
2375	80141	CHEMBL614571	GH3	CELL-LINE	Rattus norvegicus	23	False
2376	80143	CHEMBL614573	H322	CELL-LINE	Homo sapiens	25	False
2377	80149	CHEMBL614575	HCT-116/VM46	CELL-LINE	Homo sapiens	117	False
2378	80150	CHEMBL614576	H9c2	CELL-LINE	Rattus norvegicus	459	False
2379	80152	CHEMBL613510	HCT-8	CELL-LINE	Homo sapiens	1058	False
2380	80156	CHEMBL383	HL-60	CELL-LINE	Homo sapiens	7693	True
2381	80160	CHEMBL614038	HOS-TE85	CELL-LINE	Homo sapiens	110	False
2382	80161	CHEMBL614577	LLC-PK1	CELL-LINE	Sus scrofa	57	False
2383	80163	CHEMBL614579	Hs746T	CELL-LINE	Homo sapiens	50	False
2384	80164	CHEMBL614580	HT-1080	CELL-LINE	Homo sapiens	1304	False
2385	80166	CHEMBL384	HT-29	CELL-LINE	Homo sapiens	12448	True
2386	80167	CHEMBL614581	HuCCT-1	CELL-LINE	Homo sapiens	55	False
2387	80169	CHEMBL614039	Huh-7	CELL-LINE	Homo sapiens	2219	False
2388	80171	CHEMBL614582	HuTu80	CELL-LINE	Homo sapiens	87	False
2389	80174	CHEMBL614584	IM-9	CELL-LINE	Homo sapiens	53	False
2390	80175	CHEMBL614585	IMR-32	CELL-LINE	Homo sapiens	292	False
2391	80178	CHEMBL614040	J774.A1	CELL-LINE	Mus musculus	571	False
2392	80179	CHEMBL614586	J82	CELL-LINE	Homo sapiens	238	False
2393	80180	CHEMBL614587	JAR	CELL-LINE	Homo sapiens	67	False
2394	80182	CHEMBL614588	JIYOYE	CELL-LINE	Homo sapiens	41	False
2395	80183	CHEMBL614589	JM1	CELL-LINE	Homo sapiens	13	False
2396	80185	CHEMBL613833	JY	CELL-LINE	Homo sapiens	19	False
2397	80186	CHEMBL385	K562	CELL-LINE	Homo sapiens	9704	True
2398	80188	CHEMBL614590	KB 3-1	CELL-LINE	Homo sapiens	354	False
2399	80192	CHEMBL614709	KM12	CELL-LINE	Homo sapiens	2301	False
2400	80193	CHEMBL386	L1210	CELL-LINE	Mus musculus	5478	True
2401	80199	CHEMBL614712	L1210 (R7A)	CELL-LINE	Mus musculus	6	False
2402	80200	CHEMBL614713	L1210 (RD1694)	CELL-LINE	Mus musculus	15	False
2403	80205	CHEMBL614718	L1210/LPAM	CELL-LINE	Mus musculus	6	False
2404	80208	CHEMBL614720	L5178Y	CELL-LINE	Mus musculus	183	False
2405	80209	CHEMBL614691	LLC-MK2	CELL-LINE	Macaca mulatta	9	False
2406	80211	CHEMBL614721	LoVo	CELL-LINE	Homo sapiens	1441	False
2407	80214	CHEMBL614317	M14	CELL-LINE	Homo sapiens	2365	False
2408	80216	CHEMBL614042	MAC13	CELL-LINE	Mus musculus	12	False
2409	80218	CHEMBL614318	MAC16	CELL-LINE	Mus musculus	8	False
2410	80221	CHEMBL614320	Manca	CELL-LINE	Homo sapiens	8	False
2411	80222	CHEMBL614321	MCF-10A	CELL-LINE	Homo sapiens	702	False
2412	80223	CHEMBL614322	MCF-12A	CELL-LINE	Homo sapiens	14	False
2413	80224	CHEMBL387	MCF7	CELL-LINE	Homo sapiens	27972	True
2414	80226	CHEMBL614323	MCF7-2A	CELL-LINE	Homo sapiens	7	False
2415	80229	CHEMBL614326	MCF7-DOX	CELL-LINE	Homo sapiens	53	False
2416	80230	CHEMBL614327	MCF7R	CELL-LINE	Homo sapiens	83	False
2417	80231	CHEMBL614328	MCF7S	CELL-LINE	Homo sapiens	59	False
2418	80239	CHEMBL613513	MDA-MB-238	CELL-LINE	Homo sapiens	6	False
2419	80240	CHEMBL614129	MDA-MB-361	CELL-LINE	Homo sapiens	254	False
2420	80243	CHEMBL614334	MDA-MB-453	CELL-LINE	Homo sapiens	521	False
2421	80244	CHEMBL614335	MDA-MB-468	CELL-LINE	Homo sapiens	3628	True
2422	80249	CHEMBL614068	MDCK	CELL-LINE	Canis lupus familiaris	376	False
2423	80253	CHEMBL614342	MEF	CELL-LINE	Mus musculus	158	False
2424	80254	CHEMBL614343	MES-SA	CELL-LINE	Homo sapiens	262	False
2425	80255	CHEMBL613827	MES-SA/Dx5	CELL-LINE	Homo sapiens	220	False
2426	80256	CHEMBL614130	MEXF276L	CELL-LINE	Homo sapiens	5	False
2427	80260	CHEMBL614346	MG-22A	CELL-LINE	Mus musculus	14	False
2428	80261	CHEMBL614347	MG-63	CELL-LINE	Homo sapiens	198	False
2429	80262	CHEMBL614348	NCI-H1975	CELL-LINE	Homo sapiens	2300	False
2430	80264	CHEMBL614350	MH60	CELL-LINE	Mus musculus	10	False
2431	80267	CHEMBL614352	MKN-1	CELL-LINE	Homo sapiens	129	False
2432	80268	CHEMBL614353	MKN-28	CELL-LINE	Homo sapiens	166	False
2433	80269	CHEMBL614354	MKN-45	CELL-LINE	Homo sapiens	1116	False
2434	80271	CHEMBL614355	MKN-7	CELL-LINE	Homo sapiens	76	False
2435	80272	CHEMBL614048	MKN-74	CELL-LINE	Homo sapiens	62	False
2436	80273	CHEMBL614356	ML-2	CELL-LINE	Homo sapiens	118	False
2437	80277	CHEMBL614170	MM96L	CELL-LINE	Homo sapiens	70	False
2438	80278	CHEMBL614171	MMQ	CELL-LINE	Rattus norvegicus	14	False
2439	80284	CHEMBL614176	MOLT-3	CELL-LINE	Homo sapiens	119	False
2440	80285	CHEMBL614177	MOLT-4	CELL-LINE	Homo sapiens	2981	True
2441	80289	CHEMBL614179	MPC-11	CELL-LINE	Mus musculus	9	False
2442	80291	CHEMBL614181	MRC5	CELL-LINE	Homo sapiens	1208	False
2443	80294	CHEMBL614184	MT2	CELL-LINE	Homo sapiens	428	False
2444	80295	CHEMBL388	MT4	CELL-LINE	Homo sapiens	2257	False
2445	80296	CHEMBL614185	MVLN	CELL-LINE	Homo sapiens	5	False
2446	80298	CHEMBL612553	N1E-115	CELL-LINE	Mus musculus	7	False
2447	80301	CHEMBL613516	N9	CELL-LINE	Homo sapiens	80	False
2448	80304	CHEMBL614187	NALM-6	CELL-LINE	Homo sapiens	221	False
2449	80305	CHEMBL614049	NAMALVA	CELL-LINE	Homo sapiens	89	False
2450	80306	CHEMBL614188	NB-4	CELL-LINE	Homo sapiens	279	False
2451	80310	CHEMBL614191	NCH82	CELL-LINE	Homo sapiens	6	False
2452	80315	CHEMBL614194	Panel NCI-60 (60 carcinoma cell lines)	CELL-LINE	Homo sapiens	459	False
2453	80316	CHEMBL614771	NCI-H128	CELL-LINE	Homo sapiens	16	False
2454	80321	CHEMBL614195	NCI-H345	CELL-LINE	Homo sapiens	28	False
2455	80322	CHEMBL614135	NCI-H358	CELL-LINE	Homo sapiens	414	False
2456	80323	CHEMBL613517	NCI-H417	CELL-LINE	Homo sapiens	23	False
2457	80324	CHEMBL614050	NCI-H46	CELL-LINE	Homo sapiens	7	False
2458	80330	CHEMBL614197	NCI-N87	CELL-LINE	Homo sapiens	420	False
2459	80331	CHEMBL614062	N2a	CELL-LINE	Mus musculus	129	False
2460	80332	CHEMBL614198	NFF	CELL-LINE	Homo sapiens	87	False
2461	80333	CHEMBL614199	NFS-60	CELL-LINE	Mus musculus	136	False
2462	80334	CHEMBL613828	NG108-15	CELL-LINE	Murinae	51	False
2463	80335	CHEMBL614200	NHDF	CELL-LINE	Homo sapiens	323	False
2464	80339	CHEMBL613518	NRK	CELL-LINE	Rattus norvegicus	58	False
2465	80340	CHEMBL614203	NRK-49F	CELL-LINE	Rattus norvegicus	103	False
2466	80342	CHEMBL612554	NSCLC	CELL-LINE	Homo sapiens	202	False
2467	80344	CHEMBL614205	NT2	CELL-LINE	Homo sapiens	63	False
2468	80345	CHEMBL614206	NTERA-2-cl-D1	CELL-LINE	Homo sapiens	67	False
2469	80346	CHEMBL614207	NUGC	CELL-LINE	Homo sapiens	56	False
2470	80347	CHEMBL614208	NUGC-3	CELL-LINE	Homo sapiens	397	False
2471	80348	CHEMBL613519	NUGC-4	CELL-LINE	Homo sapiens	12	False
2472	80351	CHEMBL614210	OST	CELL-LINE	Homo sapiens	9	False
2473	80353	CHEMBL614212	OVCAR	CELL-LINE	Homo sapiens	94	False
2474	80354	CHEMBL614213	OVCAR-3	CELL-LINE	Homo sapiens	3151	True
2475	80355	CHEMBL614051	OVCAR-4	CELL-LINE	Homo sapiens	1597	False
2476	80356	CHEMBL614214	OVCAR-5	CELL-LINE	Homo sapiens	1697	False
2477	80357	CHEMBL612555	OVCAR-8	CELL-LINE	Homo sapiens	2103	False
2478	80359	CHEMBL614064	P19	CELL-LINE	Mus musculus	26	False
2479	80360	CHEMBL614137	P338	CELL-LINE	Mus musculus	49	False
2480	80362	CHEMBL389	P388	CELL-LINE	Mus musculus	3080	True
2481	80364	CHEMBL614218	P388/ADR	CELL-LINE	Mus musculus	28	False
2482	80367	CHEMBL614220	P388/S	CELL-LINE	Mus musculus	39	False
2483	80368	CHEMBL613520	P388/VCR	CELL-LINE	Mus musculus	13	False
2484	80375	CHEMBL614226	P815	CELL-LINE	Mus musculus	38	False
2485	80376	CHEMBL614227	WEHI-164	CELL-LINE	Mus musculus	6	False
2486	80380	CHEMBL614231	PAM212	CELL-LINE	Mus musculus	5	False
2487	80381	CHEMBL614139	PANC-1	CELL-LINE	Homo sapiens	1614	False
2488	80384	CHEMBL614233	PBL	CELL-LINE		106	False
2489	80387	CHEMBL612556	PC-12	CELL-LINE	Rattus norvegicus	1202	False
2490	80389	CHEMBL614140	PC-14	CELL-LINE	Homo sapiens	251	False
2491	80390	CHEMBL390	PC-3	CELL-LINE	Homo sapiens	9708	True
2492	80391	CHEMBL614235	PC-6	CELL-LINE	Homo sapiens	6	False
2493	80396	CHEMBL613522	PLC	CELL-LINE	Homo sapiens	15	False
2494	80399	CHEMBL614239	PrEC	CELL-LINE	Homo sapiens	8	False
2495	80401	CHEMBL614241	PSN1	CELL-LINE	Homo sapiens	121	False
2496	80402	CHEMBL614142	ptx-10/22	CELL-LINE	Homo sapiens	23	False
2497	80407	CHEMBL614383	R1	CELL-LINE	Mus musculus	7	False
2498	80409	CHEMBL614385	R2	CELL-LINE	Homo sapiens	22	False
2499	80411	CHEMBL614143	R30dm-CCRF-CEM	CELL-LINE	Homo sapiens	6	False
2500	80412	CHEMBL614386	R3230AC	CELL-LINE	Rattus norvegicus	10	False
2501	80414	CHEMBL614628	Raji	CELL-LINE	Homo sapiens	1562	False
2502	80415	CHEMBL614629	Ramos	CELL-LINE	Homo sapiens	393	False
2503	80416	CHEMBL614630	Rat1	CELL-LINE	Rattus norvegicus	53	False
2504	80417	CHEMBL614631	RAW	CELL-LINE	Mus musculus	51	False
2505	80418	CHEMBL612557	RAW264.7	CELL-LINE	Mus musculus	4795	True
2506	80419	CHEMBL614772	RBL-1	CELL-LINE	Rattus norvegicus	29	False
2507	80420	CHEMBL614632	RBL-2H3	CELL-LINE	Rattus norvegicus	167	False
2508	80421	CHEMBL614144	RD	CELL-LINE	Homo sapiens	201	False
2509	80427	CHEMBL614879	RKO	CELL-LINE	Homo sapiens	542	False
2510	80430	CHEMBL612447	RPMI-7951	CELL-LINE	Homo sapiens	231	False
2511	80433	CHEMBL614882	RPMI-8226	CELL-LINE	Homo sapiens	2369	False
2512	80434	CHEMBL614883	RPTEC	CELL-LINE	Homo sapiens	48	False
2513	80435	CHEMBL614145	RT-112	CELL-LINE	Homo sapiens	146	False
2514	80436	CHEMBL614884	RT-4	CELL-LINE	Homo sapiens	91	False
2515	80437	CHEMBL614885	RWLeu4	CELL-LINE	Homo sapiens	9	False
2516	80438	CHEMBL614886	RXF 393	CELL-LINE	Homo sapiens	1855	False
2517	80440	CHEMBL614888	RXF 631	CELL-LINE	Homo sapiens	12	False
2518	80441	CHEMBL614889	RXF 944	CELL-LINE	Homo sapiens	11	False
2519	80444	CHEMBL614053	S1B1-20	CELL-LINE	Homo sapiens	44	False
2520	80445	CHEMBL614891	S49	CELL-LINE	Mus musculus	7	False
2521	80447	CHEMBL613525	S91	CELL-LINE	Mus musculus	16	False
2522	80449	CHEMBL614894	SAOS-2	CELL-LINE	Homo sapiens	237	False
2523	80450	CHEMBL614895	Sarcoma-180	CELL-LINE	Mus musculus	113	False
2524	80452	CHEMBL614896	SBC-5	CELL-LINE	Homo sapiens	39	False
2525	80453	CHEMBL614897	SC-3	CELL-LINE	Mus musculus	8	False
2526	80454	CHEMBL614898	SCaBER	CELL-LINE	Homo sapiens	16	False
2527	80455	CHEMBL614899	SCC-15	CELL-LINE	Homo sapiens	56	False
2528	80457	CHEMBL614901	SCC-25	CELL-LINE	Homo sapiens	69	False
2529	80459	CHEMBL614147	SCC-7	CELL-LINE	Mus musculus	18	False
2530	80462	CHEMBL612541	SCLC	CELL-LINE		28	False
2531	80464	CHEMBL614905	SF-126	CELL-LINE	Homo sapiens	62	False
2532	80468	CHEMBL614908	SF-295	CELL-LINE	Homo sapiens	2039	False
2533	80470	CHEMBL614909	SGC-7901	CELL-LINE	Homo sapiens	883	False
2534	80471	CHEMBL614910	SH-SY5Y	CELL-LINE	Homo sapiens	2132	False
2535	80472	CHEMBL612542	SiHa	CELL-LINE	Homo sapiens	639	False
2536	80473	CHEMBL613527	SISO	CELL-LINE	Homo sapiens	30	False
2537	80475	CHEMBL613834	SK-BR-3	CELL-LINE	Homo sapiens	2096	False
2538	80477	CHEMBL614912	SK-HEP1	CELL-LINE	Homo sapiens	346	False
2539	80478	CHEMBL614913	SK-LU-1	CELL-LINE	Homo sapiens	137	False
2540	80479	CHEMBL614914	SK-MEL	CELL-LINE	Homo sapiens	60	False
2541	80480	CHEMBL614915	SK-MEL19	CELL-LINE	Homo sapiens	12	False
2542	80481	CHEMBL614916	SK-MEL-1	CELL-LINE	Homo sapiens	80	False
2543	80482	CHEMBL614917	SK-MEL-2	CELL-LINE	Homo sapiens	2323	False
2544	80485	CHEMBL614919	SK-MEL-28	CELL-LINE	Homo sapiens	2531	False
2545	80486	CHEMBL614920	SK-MEL3	CELL-LINE	Homo sapiens	150	False
2546	80488	CHEMBL614922	SK-MEL-5	CELL-LINE	Homo sapiens	2335	False
2547	80490	CHEMBL614923	SK-MES-1	CELL-LINE	Homo sapiens	171	False
2548	80491	CHEMBL614163	SK-N-MC	CELL-LINE	Homo sapiens	193	False
2549	80492	CHEMBL614924	SK-N-SH	CELL-LINE	Homo sapiens	353	False
2550	80493	CHEMBL614925	SK-OV-3	CELL-LINE	Homo sapiens	4209	True
2551	80495	CHEMBL614927	SK-VLB	CELL-LINE	Homo sapiens	27	False
2552	80496	CHEMBL614928	SKW 6.4	CELL-LINE	Homo sapiens	46	False
2553	80498	CHEMBL614054	SN12C	CELL-LINE	Homo sapiens	2366	False
2554	80499	CHEMBL614164	SNB-19	CELL-LINE	Homo sapiens	1863	False
2555	80502	CHEMBL612543	SNB-78	CELL-LINE	Homo sapiens	47	False
2556	80503	CHEMBL614931	SNU1	CELL-LINE	Homo sapiens	81	False
2557	80504	CHEMBL613529	SNU-16	CELL-LINE	Homo sapiens	203	False
2558	80508	CHEMBL614934	SNU-5	CELL-LINE	Homo sapiens	123	False
2559	80509	CHEMBL614935	SNU-638	CELL-LINE	Homo sapiens	185	False
2560	80512	CHEMBL614938	SPC-A4	CELL-LINE	Homo sapiens	11	False
2561	80513	CHEMBL614939	SQ20B	CELL-LINE	Homo sapiens	33	False
2562	80514	CHEMBL614166	St-4	CELL-LINE	Homo sapiens	52	False
2563	80516	CHEMBL614940	SUP-T1	CELL-LINE	Homo sapiens	48	False
2564	80519	CHEMBL614942	SW 1116	CELL-LINE	Homo sapiens	50	False
2565	80520	CHEMBL614943	SW 954	CELL-LINE	Homo sapiens	82	False
2566	80521	CHEMBL613530	SW 962	CELL-LINE	Homo sapiens	69	False
2567	80522	CHEMBL614243	SW1088	CELL-LINE	Homo sapiens	64	False
2568	80523	CHEMBL614944	SW1353	CELL-LINE	Homo sapiens	51	False
2569	80524	CHEMBL614773	SW-1736	CELL-LINE	Homo sapiens	113	False
2570	80525	CHEMBL614055	SW48	CELL-LINE	Homo sapiens	134	False
2571	80526	CHEMBL612544	SW480	CELL-LINE	Homo sapiens	1614	False
2572	80532	CHEMBL614774	T-24	CELL-LINE	Homo sapiens	624	False
2573	80538	CHEMBL613531	T84	CELL-LINE	Homo sapiens	75	False
2574	80539	CHEMBL614775	T98G	CELL-LINE	Homo sapiens	368	False
2575	80540	CHEMBL613285	TA3	CELL-LINE	Mus musculus	8	False
2576	80543	CHEMBL615010	TCC-SUP	CELL-LINE	Homo sapiens	52	False
2577	80545	CHEMBL615012	TE-671	CELL-LINE	Homo sapiens	21	False
2578	80546	CHEMBL615013	TERT-RPE1	CELL-LINE	Homo sapiens	69	False
2579	80548	CHEMBL614245	THP-1	CELL-LINE	Homo sapiens	3099	True
2580	80550	CHEMBL614612	TZM	CELL-LINE	Homo sapiens	22	False
2581	80551	CHEMBL614056	TK-10	CELL-LINE	Homo sapiens	1795	False
2582	80552	CHEMBL615015	TLX-5	CELL-LINE	Mus musculus	16	False
2583	80555	CHEMBL615018	TSGH	CELL-LINE	Homo sapiens	40	False
2584	80560	CHEMBL615022	U-251	CELL-LINE	Homo sapiens	3034	True
2585	80561	CHEMBL615023	U2OS	CELL-LINE	Homo sapiens	1265	False
2586	80562	CHEMBL615024	U373 MG	CELL-LINE	Homo sapiens	162	False
2587	80565	CHEMBL614247	U-87 MG	CELL-LINE	Homo sapiens	1452	False
2588	80566	CHEMBL612794	U-937	CELL-LINE	Homo sapiens	1686	False
2589	80567	CHEMBL612795	U-937/GTB	CELL-LINE	Homo sapiens	27	False
2590	80568	CHEMBL612796	UACC-257	CELL-LINE	Homo sapiens	1511	False
2591	80570	CHEMBL614610	UACC-62	CELL-LINE	Homo sapiens	2370	False
2592	80571	CHEMBL612797	UCLA P-3	CELL-LINE	Homo sapiens	5	False
2593	80573	CHEMBL612798	UMSCC22B	CELL-LINE	Homo sapiens	6	False
2594	80574	CHEMBL612799	UMUC3	CELL-LINE	Homo sapiens	104	False
2595	80575	CHEMBL614388	UO-31	CELL-LINE	Homo sapiens	1791	False
2596	80577	CHEMBL614057	UT7	CELL-LINE	Homo sapiens	16	False
2597	80578	CHEMBL612800	UV4	CELL-LINE	Cricetulus griseus	78	False
2598	80580	CHEMBL612801	V79-4	CELL-LINE	Cricetulus griseus	7	False
2599	80583	CHEMBL391	Vero	CELL-LINE	Chlorocebus sabaeus	1305	True
2600	80584	CHEMBL612803	W256	CELL-LINE	Rattus norvegicus	72	False
2601	80586	CHEMBL612804	WEHI	CELL-LINE	Mus musculus	109	False
2602	80587	CHEMBL612805	WEHI265.1	CELL-LINE	Mus musculus	38	False
2603	80589	CHEMBL614391	WI-38	CELL-LINE	Homo sapiens	628	False
2604	80591	CHEMBL612807	WI-38 VA13	CELL-LINE	Homo sapiens	6	False
2605	80593	CHEMBL612808	WiDr-NTR	CELL-LINE	Homo sapiens	8	False
2606	80594	CHEMBL612809	WIL2	CELL-LINE	Homo sapiens	46	False
2607	80595	CHEMBL612810	WIL2-NS	CELL-LINE	Homo sapiens	78	False
2608	80596	CHEMBL612811	WISH	CELL-LINE	Homo sapiens	11	False
2609	80597	CHEMBL614250	X5563	CELL-LINE	Mus musculus	10	False
2610	80600	CHEMBL613533	XF498	CELL-LINE	Homo sapiens	110	False
2611	80601	CHEMBL614060	XRS6	CELL-LINE	Cricetulus griseus	11	False
2612	80603	CHEMBL612814	YAC-1	CELL-LINE	Mus musculus	9	False
2613	80604	CHEMBL612815	YAPC	CELL-LINE	Homo sapiens	55	False
2614	80606	CHEMBL612816	YOSHIDA	CELL-LINE	Rattus norvegicus	7	False
2615	80607	CHEMBL612817	YT-NU	CELL-LINE	Homo sapiens	8	False
2616	80608	CHEMBL614393	ZR-75-1	CELL-LINE	Homo sapiens	384	False
2617	80612	CHEMBL612818	2008	CELL-LINE	Homo sapiens	58	False
2618	80617	CHEMBL612821	MC-38	CELL-LINE	Mus musculus	184	False
2619	80622	CHEMBL614741	3Y1 cell line	CELL-LINE	Rattus norvegicus	26	False
2620	80623	CHEMBL612911	Panel (56 tumour cell lines)	CELL-LINE		8	False
2621	80627	CHEMBL614611	Panel NCI-51 (51 carcinoma cell lines)	CELL-LINE	Homo sapiens	6	False
2622	80628	CHEMBL613098	6C3HED	CELL-LINE		23	False
2623	80640	CHEMBL613102	786-0	CELL-LINE	Homo sapiens	2424	False
2624	80653	CHEMBL613105	9L	CELL-LINE	Rattus norvegicus	8	False
2625	80655	CHEMBL613106	A121	CELL-LINE	Homo sapiens	81	False
2626	80657	CHEMBL614255	A253 cell line	CELL-LINE	Homo sapiens	64	False
2627	80661	CHEMBL614567	A704	CELL-LINE	Homo sapiens	59	False
2628	80672	CHEMBL614266	ADR5000 cell line	CELL-LINE	Homo sapiens	50	False
2629	80675	CHEMBL614268	AG1523	CELL-LINE	Homo sapiens	30	False
2630	80679	CHEMBL614271	AR-42J cell line	CELL-LINE	Rattus norvegicus	5	False
2631	80682	CHEMBL392	A549	CELL-LINE	Homo sapiens	24507	True
2632	80684	CHEMBL614273	ATH-8 cell line	CELL-LINE	Homo sapiens	20	False
2633	80686	CHEMBL614274	AZ-521 cell line	CELL-LINE	Homo sapiens	6	False
2634	80687	CHEMBL614701	B-cell	CELL-LINE		59	False
2635	80691	CHEMBL613535	BC	CELL-LINE		32	False
2636	80692	CHEMBL614277	BC1 cell line	CELL-LINE		40	False
2637	80695	CHEMBL614798	BE	CELL-LINE	Homo sapiens	27	False
2638	80696	CHEMBL613536	BJAB	CELL-LINE	Homo sapiens	54	False
2639	80697	CHEMBL614279	Bel-7402	CELL-LINE	Homo sapiens	1255	False
2640	80698	CHEMBL614280	BEL-7404 tumor cell line	CELL-LINE	Homo sapiens	26	False
2641	80699	CHEMBL614702	BE-NQ	CELL-LINE	Homo sapiens	16	False
2642	80700	CHEMBL614357	Beta-TC6	CELL-LINE	Mus musculus	144	False
2643	80701	CHEMBL614799	BE-WT	CELL-LINE		11	False
2644	80704	CHEMBL614358	BJ	CELL-LINE	Homo sapiens	1261	False
2645	80709	CHEMBL614359	Osteoclast-like	CELL-LINE		16	False
2646	80711	CHEMBL613829	NCI/ADR-RES	CELL-LINE	Homo sapiens	1923	False
2647	80712	CHEMBL614361	T47D	CELL-LINE	Homo sapiens	3986	True
2648	80713	CHEMBL614362	Panel breast (Carcinoma cell lines)	CELL-LINE	Homo sapiens	42	False
2649	80714	CHEMBL613539	MCF-A	CELL-LINE		18	False
2650	80720	CHEMBL614365	Burkitts lymphoma cell	CELL-LINE		50	False
2651	80725	CHEMBL613540	C180-13S	CELL-LINE	Homo sapiens	11	False
2652	80726	CHEMBL614367	TRAMP-C1A	CELL-LINE	Mus musculus	11	False
2653	80730	CHEMBL614368	C2D cell line	CELL-LINE	Mus musculus	9	False
2654	80731	CHEMBL613541	C2G cell line	CELL-LINE	Mus musculus	9	False
2655	80732	CHEMBL614369	TRAMP-C2H	CELL-LINE	Mus musculus	11	False
2656	80737	CHEMBL614372	C3H/3T3	CELL-LINE	Mus musculus	19	False
2657	80742	CHEMBL614657	C6	CELL-LINE	Rattus norvegicus	467	False
2658	80745	CHEMBL614375	Cancer cell lines	CELL-LINE		36	False
2659	80751	CHEMBL614379	Caov-3 cell line	CELL-LINE	Homo sapiens	179	False
2660	80753	CHEMBL614778	COLO357	CELL-LINE	Homo sapiens	55	False
2661	80757	CHEMBL613544	CD4+ve Th	CELL-LINE		11	False
2662	80764	CHEMBL613545	INS1	CELL-LINE	Rattus norvegicus	2126	False
2663	80766	CHEMBL614780	Pancreatic beta cell	CELL-LINE		35	False
2664	80767	CHEMBL614454	SNU-398	CELL-LINE	Homo sapiens	227	False
2665	80768	CHEMBL614455	CH1	CELL-LINE	Homo sapiens	200	False
2666	80769	CHEMBL612446	UACC-903	CELL-LINE	Homo sapiens	41	False
2667	80770	CHEMBL614660	P12-Ichikawa	CELL-LINE	Homo sapiens	45	False
2668	80771	CHEMBL614658	Adipocyte	CELL-LINE		25	False
2669	80772	CHEMBL614781	BV-2	CELL-LINE	Mus musculus	1014	False
2670	80774	CHEMBL614457	CHRC5 cell line	CELL-LINE	Cricetulus griseus	66	False
2671	80780	CHEMBL614459	Panel CNS (Carcinoma cell lines)	CELL-LINE	Homo sapiens	45	False
2672	80784	CHEMBL614462	Col2	CELL-LINE	Homo sapiens	121	False
2673	80785	CHEMBL614659	COLO	CELL-LINE		9	False
2674	80790	CHEMBL614464	Colon carcinoma cell	CELL-LINE	Homo sapiens	27	False
2675	80792	CHEMBL614466	Colon 26	CELL-LINE	Mus musculus	98	False
2676	80794	CHEMBL614801	DBTRG-05MG	CELL-LINE	Homo sapiens	52	False
2677	80795	CHEMBL614467	Panel colon (Carcinoma cell lines)	CELL-LINE	Homo sapiens	76	False
2678	80798	CHEMBL614470	CPT30 cell line	CELL-LINE	Homo sapiens	7	False
2679	80799	CHEMBL612517	RPMI 8402	CELL-LINE	Homo sapiens	141	False
2680	80800	CHEMBL614725	MIA PaCa-2	CELL-LINE	Homo sapiens	1969	False
2681	80801	CHEMBL614151	CRL-7065 cell line	CELL-LINE	Homo sapiens	11	False
2682	80809	CHEMBL614476	D283 Med	CELL-LINE	Homo sapiens	73	False
2683	80815	CHEMBL612247	D54 cell line	CELL-LINE	Homo sapiens	5	False
2684	80816	CHEMBL614481	DA-3 cell line	CELL-LINE	Mus musculus	11	False
2685	80819	CHEMBL614484	J774.2	CELL-LINE	Mus musculus	55	False
2686	80823	CHEMBL614149	E6SM	CELL-LINE	Homo sapiens	5	False
2687	80827	CHEMBL614668	ECa-109 cell line	CELL-LINE	Homo sapiens	378	False
2688	80830	CHEMBL614641	Ehrlich	CELL-LINE	Mus musculus	174	False
2689	80834	CHEMBL614487	EKVX	CELL-LINE	Homo sapiens	1091	False
2690	80836	CHEMBL614488	Epithelial cell	CELL-LINE		41	False
2691	80838	CHEMBL614489	EOL1	CELL-LINE	Homo sapiens	223	False
2692	80846	CHEMBL614493	F460pv8/eto	CELL-LINE		10	False
2693	80847	CHEMBL612250	FaDu	CELL-LINE	Homo sapiens	465	False
2694	80850	CHEMBL614654	FHC	CELL-LINE	Homo sapiens	20	False
2695	80852	CHEMBL614069	A-431	CELL-LINE	Homo sapiens	2342	False
2696	80857	CHEMBL614499	Friend leukemia cell line	CELL-LINE		10	False
2697	80858	CHEMBL614728	GC3/Cl	CELL-LINE	Homo sapiens	9	False
2698	80862	CHEMBL614157	GC3/MTK-	CELL-LINE	Homo sapiens	65	False
2699	80866	CHEMBL612707	GLC4 cell line	CELL-LINE	Homo sapiens	13	False
2700	80870	CHEMBL614505	GM892A cell line	CELL-LINE	Homo sapiens	5	False
2701	80871	CHEMBL612254	Granta	CELL-LINE	Homo sapiens	5	False
2702	80873	CHEMBL612708	GTL 16 cell line	CELL-LINE	Homo sapiens	10	False
2703	80877	CHEMBL612255	NCI-H1299	CELL-LINE	Homo sapiens	1222	False
2704	80878	CHEMBL614783	NCI-H157	CELL-LINE	Homo sapiens	177	False
2705	80886	CHEMBL614733	NCI-H292	CELL-LINE	Homo sapiens	212	False
2706	80887	CHEMBL614802	H2981 cell line	CELL-LINE	Homo sapiens	11	False
2707	80889	CHEMBL614803	NCI-H322M	CELL-LINE	Homo sapiens	1762	False
2708	80890	CHEMBL614160	H35R0.3	CELL-LINE	Rattus norvegicus	9	False
2709	80891	CHEMBL614804	H4	CELL-LINE	Rattus norvegicus	11	False
2710	80893	CHEMBL614784	H35	CELL-LINE	Rattus norvegicus	23	False
2711	80895	CHEMBL612256	NCI-H596	CELL-LINE	Homo sapiens	91	False
2712	80896	CHEMBL614805	NCI-H69	CELL-LINE	Homo sapiens	235	False
2713	80897	CHEMBL614806	H9	CELL-LINE	Homo sapiens	275	False
2714	80900	CHEMBL614807	HA22T cell line	CELL-LINE	Homo sapiens	32	False
2715	80901	CHEMBL614392	HaCaT	CELL-LINE	Homo sapiens	688	False
2716	80902	CHEMBL614150	HASMC	CELL-LINE	Homo sapiens	45	False
2717	80905	CHEMBL614070	HBL	CELL-LINE	Homo sapiens	12	False
2718	80907	CHEMBL614811	HBL-100	CELL-LINE	Homo sapiens	213	False
2719	80920	CHEMBL613855	HCC 2998	CELL-LINE	Homo sapiens	1377	False
2720	80926	CHEMBL614661	HCT cell line	CELL-LINE		5	False
2721	80928	CHEMBL394	HCT-116	CELL-LINE	Homo sapiens	18802	True
2722	80929	CHEMBL614816	HCT-29	CELL-LINE		26	False
2723	80930	CHEMBL614817	HEC-1B cell line	CELL-LINE	Homo sapiens	20	False
2724	80933	CHEMBL613869	HEY	CELL-LINE	Homo sapiens	45	False
2725	80936	CHEMBL614818	HEK293	CELL-LINE	Homo sapiens	3484	True
2726	80942	CHEMBL613888	HEL	CELL-LINE	Homo sapiens	617	False
2727	80943	CHEMBL614819	HEL 299	CELL-LINE	Homo sapiens	47	False
2728	80945	CHEMBL614735	HEp-2	CELL-LINE	Homo sapiens	644	False
2729	80951	CHEMBL614822	NIH3T3	CELL-LINE	Mus musculus	1309	False
2730	80952	CHEMBL614662	HES	CELL-LINE		5	False
2731	80954	CHEMBL614071	HFF	CELL-LINE	Homo sapiens	378	False
2732	80956	CHEMBL614824	HMCB cell line	CELL-LINE	Homo sapiens	16	False
2733	80957	CHEMBL614734	HMEC	CELL-LINE	Homo sapiens	168	False
2734	80959	CHEMBL614826	HMV-2 cell line	CELL-LINE	Homo sapiens	48	False
2735	80961	CHEMBL614828	HN5	CELL-LINE	Homo sapiens	89	False
2736	80963	CHEMBL614808	HNO 97 cell line	CELL-LINE	Homo sapiens	30	False
2737	80966	CHEMBL614830	HONE1 cell line	CELL-LINE	Homo sapiens	59	False
2738	80970	CHEMBL614809	HOP-18	CELL-LINE	Homo sapiens	12	False
2739	80972	CHEMBL613889	HOP-92	CELL-LINE	Homo sapiens	1622	False
2740	80980	CHEMBL614736	HOS	CELL-LINE	Homo sapiens	308	False
2741	80991	CHEMBL614645	Hs-578T	CELL-LINE	Homo sapiens	1058	False
2742	80992	CHEMBL612279	HSC-3	CELL-LINE	Homo sapiens	100	False
2743	80993	CHEMBL614315	HSF (VGS)	CELL-LINE		14	False
2744	80996	CHEMBL614836	HT1197	CELL-LINE	Homo sapiens	64	False
2745	80999	CHEMBL612258	HT-1376	CELL-LINE	Homo sapiens	47	False
2746	81000	CHEMBL614316	HT-22	CELL-LINE	Mus musculus	721	False
2747	81001	CHEMBL614787	TSGH 9201	CELL-LINE	Homo sapiens	18	False
2748	81008	CHEMBL614788	Breast cancer cell line	CELL-LINE	Homo sapiens	27	False
2749	81010	CHEMBL612423	Panel (Carcinoma cell lines)	CELL-LINE	Homo sapiens	56	False
2750	81011	CHEMBL614840	Cell line	CELL-LINE	Homo sapiens	94	False
2751	81017	CHEMBL614647	WiDr	CELL-LINE	Homo sapiens	419	False
2752	81020	CHEMBL395	HepG2	CELL-LINE	Homo sapiens	14190	True
2753	81021	CHEMBL612261	Hepatoma cell line	CELL-LINE	Homo sapiens	7	False
2754	81022	CHEMBL614844	Leukemia cell	CELL-LINE	Homo sapiens	62	False
2755	81023	CHEMBL614790	Lung cancer cell line	CELL-LINE	Homo sapiens	16	False
2756	81024	CHEMBL396	NCI-H460	CELL-LINE	Homo sapiens	6594	True
2757	81026	CHEMBL614689	Lung LXF 629L tumor cell line	CELL-LINE	Homo sapiens	9	False
2758	81027	CHEMBL613891	Macrophage cell line	CELL-LINE	Homo sapiens	11	False
2759	81028	CHEMBL613892	Melanoma cell line	CELL-LINE	Homo sapiens	49	False
2760	81029	CHEMBL614684	MLM	CELL-LINE		30	False
2761	81030	CHEMBL614076	Monocyte	CELL-LINE	Homo sapiens	165	False
2762	81034	CHEMBL614004	A2780	CELL-LINE	Homo sapiens	4395	True
2763	81035	CHEMBL613895	Ovarian cancer cell line	CELL-LINE	Homo sapiens	46	False
2764	81041	CHEMBL612424	Prostatic carcinoma cell	CELL-LINE	Homo sapiens	46	False
2765	81042	CHEMBL614005	Renal cancer cell line	CELL-LINE	Homo sapiens	44	True
2766	81043	CHEMBL613969	N592	CELL-LINE	Homo sapiens	15	False
2767	81044	CHEMBL613970	SK-ES1	CELL-LINE	Homo sapiens	12	False
2768	81047	CHEMBL614685	T-cell line	CELL-LINE	Homo sapiens	49	False
2769	81048	CHEMBL613973	TSU	CELL-LINE	Homo sapiens	17	False
2770	81051	CHEMBL613974	Tumor Cell line	CELL-LINE	Homo sapiens	100	False
2771	81054	CHEMBL613977	SF-268	CELL-LINE	Homo sapiens	2783	True
2772	81055	CHEMBL613978	HuT78	CELL-LINE	Homo sapiens	110	False
2773	81057	CHEMBL613979	HUVEC	CELL-LINE	Homo sapiens	2599	False
2774	81065	CHEMBL613984	IGROV-1	CELL-LINE	Homo sapiens	2154	False
2775	81066	CHEMBL613985	IGR-37 cell line	CELL-LINE	Homo sapiens	7	False
2776	81068	CHEMBL614649	Ishikawa	CELL-LINE	Homo sapiens	219	False
2777	81070	CHEMBL613987	JAM cell line	CELL-LINE	Homo sapiens	5	False
2778	81072	CHEMBL397	Jurkat	CELL-LINE	Homo sapiens	3252	True
2779	81074	CHEMBL614687	K177 cell line	CELL-LINE	Homo sapiens	7	False
2780	81075	CHEMBL613988	Kasumi 1	CELL-LINE	Homo sapiens	317	False
2781	81079	CHEMBL612700	KATO III stomach cancer cell line	CELL-LINE	Homo sapiens	103	False
2782	81084	CHEMBL613992	KB VCR R	CELL-LINE		13	False
2783	81095	CHEMBL614009	KBALB cell line	CELL-LINE	Mus musculus	14	False
2784	81096	CHEMBL613993	KBALB-STK	CELL-LINE		15	False
2785	81115	CHEMBL398	KB	CELL-LINE	Homo sapiens	3826	True
2786	81117	CHEMBL613995	Keratinocyte	CELL-LINE		105	False
2787	81119	CHEMBL612264	KG-1	CELL-LINE	Homo sapiens	426	False
2788	81123	CHEMBL614791	KM-20L2	CELL-LINE	Homo sapiens	79	False
2789	81125	CHEMBL613997	KU812 cell line	CELL-LINE	Homo sapiens	100	False
2790	81126	CHEMBL613998	KYSE-150 cell line	CELL-LINE	Homo sapiens	86	False
2791	81127	CHEMBL613868	KYSE-510	CELL-LINE	Homo sapiens	73	False
2792	81128	CHEMBL612701	KYSE-520 cell line	CELL-LINE	Homo sapiens	117	False
2793	81130	CHEMBL614012	KYSE-70 cell line	CELL-LINE	Homo sapiens	64	False
2794	81131	CHEMBL612266	L cells	CELL-LINE	Mus musculus	10	False
2795	81132	CHEMBL613999	L132	CELL-LINE	Homo sapiens	13	False
2796	81133	CHEMBL614000	L1210 (1565)	CELL-LINE		102	False
2797	81134	CHEMBL614650	L2987	CELL-LINE	Homo sapiens	14	False
2798	81135	CHEMBL614793	L6	CELL-LINE	Rattus norvegicus	1309	False
2799	81137	CHEMBL612267	L929	CELL-LINE	Mus musculus	475	False
2800	81138	CHEMBL613872	ScN2a	CELL-LINE	Mus musculus	137	False
2801	81146	CHEMBL614066	LCLC-103H cell line	CELL-LINE	Homo sapiens	67	False
2802	81149	CHEMBL614081	leukaemia cell line	CELL-LINE		23	False
2803	81154	CHEMBL614083	Panel leukemia (Carcinoma cell lines)	CELL-LINE	Homo sapiens	56	False
2804	81158	CHEMBL614086	Leukemic tumor cell line	CELL-LINE		7	False
2805	81160	CHEMBL614088	Lewis lung carcinoma cell line	CELL-LINE	Mus musculus	251	False
2806	81163	CHEMBL614690	LFCl2A	CELL-LINE	Rattus norvegicus	21	False
2807	81167	CHEMBL614093	LLTC cell line	CELL-LINE	Mus musculus	41	False
2808	81168	CHEMBL614094	LM	CELL-LINE	Mus musculus	6	False
2809	81170	CHEMBL612518	LNCaP	CELL-LINE	Homo sapiens	2521	False
2810	81184	CHEMBL614096	LOX IMVI	CELL-LINE	Homo sapiens	1893	False
2811	81186	CHEMBL614097	LS174T	CELL-LINE	Homo sapiens	114	False
2812	81187	CHEMBL614098	LT12 tumor cell line	CELL-LINE	Rattus norvegicus	5	False
2813	81188	CHEMBL614694	Lu-65	CELL-LINE	Homo sapiens	42	False
2814	81190	CHEMBL614099	NCI-H520	CELL-LINE	Homo sapiens	191	False
2815	81193	CHEMBL614102	PC-9	CELL-LINE	Homo sapiens	490	False
2816	81199	CHEMBL612440	NCI-H446	CELL-LINE	Homo sapiens	177	False
2817	81201	CHEMBL614643	HOP-62	CELL-LINE	Homo sapiens	2533	False
2818	81204	CHEMBL612268	QG-56	CELL-LINE	Homo sapiens	97	False
2819	81207	CHEMBL614107	LXF-289 cell line	CELL-LINE	Homo sapiens	71	False
2820	81212	CHEMBL614110	LXFL 529	CELL-LINE	Homo sapiens	27	False
2821	81217	CHEMBL614018	LY3.7.2C TK-/- cell line	CELL-LINE		7	False
2822	81218	CHEMBL614696	Lymphoblastoid cell	CELL-LINE	Homo sapiens	221	False
2823	81219	CHEMBL614652	Lymphocytic cell line	CELL-LINE		13	False
2824	81221	CHEMBL614114	Lymphoma cell line	CELL-LINE		9	False
2825	81225	CHEMBL614073	M109	CELL-LINE	Mus musculus	40	False
2826	81231	CHEMBL614019	M19-MEL	CELL-LINE	Homo sapiens	17	False
2827	81233	CHEMBL614117	M21	CELL-LINE	Homo sapiens	340	False
2828	81235	CHEMBL612270	M4Beu cell line	CELL-LINE	Homo sapiens	12	False
2829	81238	CHEMBL614120	M5076	CELL-LINE	Mus musculus	12	False
2830	81240	CHEMBL614121	MAC15A	CELL-LINE	Mus musculus	38	False
2831	81244	CHEMBL614123	J774	CELL-LINE	Mus musculus	510	False
2832	81245	CHEMBL614697	MDA-MB-435	CELL-LINE	Homo sapiens	3553	True
2833	81246	CHEMBL614078	MDA-N	CELL-LINE	Homo sapiens	191	False
2834	81247	CHEMBL399	HeLa	CELL-LINE	Homo sapiens	14084	True
2835	81248	CHEMBL614021	Malme-3M	CELL-LINE	Homo sapiens	1800	False
2836	81250	CHEMBL612703	MAXF401 cell line	CELL-LINE	Homo sapiens	10	False
2837	81252	CHEMBL400	MDA-MB-231	CELL-LINE	Homo sapiens	14414	True
2838	81255	CHEMBL614125	MDR	CELL-LINE		31	False
2839	81258	CHEMBL614126	Melanoma cell	CELL-LINE	Homo sapiens	39	False
2840	81259	CHEMBL612280	Panel melanoma (Carcinoma cell lines)	CELL-LINE	Homo sapiens	39	False
2841	81261	CHEMBL614127	UACC-375	CELL-LINE	Homo sapiens	97	False
2842	81264	CHEMBL614074	V79	CELL-LINE	Cricetulus griseus	225	False
2843	81266	CHEMBL614722	Mo	CELL-LINE	Homo sapiens	23	False
2844	81267	CHEMBL614723	Mononuclear cell line	CELL-LINE		14	False
2845	81268	CHEMBL614724	B-cell line	CELL-LINE	Mus musculus	45	False
2846	81270	CHEMBL614763	Mammary carcinoma cell line	CELL-LINE	Mus musculus	15	False
2847	81273	CHEMBL614766	Murine T-cell line	CELL-LINE	Mus musculus	36	False
2848	81278	CHEMBL614451	SNB-75	CELL-LINE	Homo sapiens	2009	False
2849	81279	CHEMBL614877	NCI	CELL-LINE		54	False
2850	81280	CHEMBL614740	NCI-H226	CELL-LINE	Homo sapiens	1991	False
2851	81281	CHEMBL614997	NCI-H23	CELL-LINE	Homo sapiens	2722	False
2852	81282	CHEMBL614998	H22	CELL-LINE	Mus musculus	119	False
2853	81283	CHEMBL614387	NCI-H522	CELL-LINE	Homo sapiens	2345	False
2854	81284	CHEMBL614999	NCI-H647	CELL-LINE	Homo sapiens	18	False
2855	81285	CHEMBL615000	NIH-H	CELL-LINE		20	False
2856	81287	CHEMBL615002	Non-small cell lung cancer cell line	CELL-LINE		13	False
2857	81288	CHEMBL615003	NSO	CELL-LINE	Mus musculus	14	False
2858	81292	CHEMBL615007	Panel ovarian (Carcinoma cell lines)	CELL-LINE	Homo sapiens	64	False
2859	81293	CHEMBL614667	Ovarian carcinoma cell	CELL-LINE	Homo sapiens	18	False
2860	81302	CHEMBL614692	Panel prostate (Carcinoma cell lines)	CELL-LINE	Homo sapiens	40	False
2861	81312	CHEMBL612516	Panel renal (Carcinoma cell lines)	CELL-LINE	Homo sapiens	35	True
2862	81316	CHEMBL614072	BT-549	CELL-LINE	Homo sapiens	2107	False
2863	81322	CHEMBL614860	SF-539	CELL-LINE	Homo sapiens	2250	False
2864	81325	CHEMBL614300	SR	CELL-LINE	Homo sapiens	2091	False
2865	81328	CHEMBL614302	Src-transformed	CELL-LINE		21	False
2866	81331	CHEMBL612262	SW-620	CELL-LINE	Homo sapiens	3661	True
2867	81335	CHEMBL612263	HCT-15	CELL-LINE	Homo sapiens	3737	True
2868	81338	CHEMBL614309	T-cell	CELL-LINE		643	False
2869	81339	CHEMBL612552	TF-1	CELL-LINE	Homo sapiens	54	False
2870	81341	CHEMBL614310	Tumor cell line	CELL-LINE		44	False
2871	81346	CHEMBL614313	Melanophore	CELL-LINE	Xenopus laevis	68	False
2872	100000	CHEMBL401	Glutamate receptor ionotropic, NMDA 2C	SINGLE PROTEIN	Rattus norvegicus	136	False
2873	100001	CHEMBL3753	Glutamate receptor 1	SINGLE PROTEIN	Rattus norvegicus	129	False
2874	100004	CHEMBL5452	Serotonin N-acetyltransferase	SINGLE PROTEIN	Ovis aries	32	False
2875	100005	CHEMBL5453	Sodium-dependent serotonin transporter	SINGLE PROTEIN	Macaca mulatta	19	False
2876	100006	CHEMBL5525	3-beta-hydroxysteroid-Delta(8),Delta(7)-isomerase	SINGLE PROTEIN	Cavia porcellus	92	False
2877	100007	CHEMBL5526	UDP-N-acetylenolpyruvoylglucosamine reductase	SINGLE PROTEIN	Escherichia coli K-12	30	False
2878	100008	CHEMBL4640	High affinity cAMP-specific and IBMX-insensitive 3',5'-cyclic phosphodiesterase 8A	SINGLE PROTEIN	Homo sapiens	34	False
2879	100009	CHEMBL4408	High affinity cAMP-specific and IBMX-insensitive 3',5'-cyclic phosphodiesterase 8B	SINGLE PROTEIN	Homo sapiens	122	False
2880	100010	CHEMBL4409	cAMP and cAMP-inhibited cGMP 3',5'-cyclic phosphodiesterase 10A	SINGLE PROTEIN	Homo sapiens	5659	True
2881	100018	CHEMBL4484	Casein kinase I isoform delta	SINGLE PROTEIN	Rattus norvegicus	35	False
2882	100027	CHEMBL5456	D(2) dopamine receptor	SINGLE PROTEIN	Chlorocebus aethiops	24	False
2883	100029	CHEMBL5032	Sodium-dependent dopamine transporter	SINGLE PROTEIN	Macaca fascicularis	14	False
2884	100030	CHEMBL5033	3-phosphoshikimate 1-carboxyvinyltransferase	SINGLE PROTEIN	Escherichia coli K-12	21	False
2885	100034	CHEMBL4919	Histone deacetylase HD2	SINGLE PROTEIN	Zea mays	118	False
2886	100036	CHEMBL5457	Dihydrofolate reductase	SINGLE PROTEIN	Mycobacterium avium	180	False
2887	100037	CHEMBL3703	Mycothiol S-conjugate amidase	SINGLE PROTEIN	Mycobacterium tuberculosis	5	False
2888	100042	CHEMBL4352	Dipeptidyl peptidase 2	SINGLE PROTEIN	Rattus norvegicus	8	False
2889	100044	CHEMBL4354	Mu-type opioid receptor	SINGLE PROTEIN	Cavia porcellus	1238	False
2890	100052	CHEMBL5074	Human immunodeficiency virus type 2 pol protein	SINGLE PROTEIN	Human immunodeficiency virus 2	9	False
2891	100063	CHEMBL4188	Rhodesain	SINGLE PROTEIN	Trypanosoma brucei rhodesiense	486	False
2892	100067	CHEMBL3750	Bacterial leucyl aminopeptidase	SINGLE PROTEIN	Vibrio proteolyticus	5	False
2893	100069	CHEMBL5455	Tyrosine-protein kinase Fes/Fps	SINGLE PROTEIN	Homo sapiens	474	False
2894	100070	CHEMBL5490	Rho-associated protein kinase 2	SINGLE PROTEIN	Rattus norvegicus	52	False
2895	100071	CHEMBL4487	Serine/threonine-protein kinase PAK 2	SINGLE PROTEIN	Homo sapiens	434	False
2896	100072	CHEMBL5528	Ribosomal protein S6 kinase alpha-1	SINGLE PROTEIN	Rattus norvegicus	9	False
2897	100074	CHEMBL4637	5'-AMP-activated protein kinase catalytic subunit alpha-2	SINGLE PROTEIN	Rattus norvegicus	19	False
2898	100075	CHEMBL4267	TGF-beta receptor type-2	SINGLE PROTEIN	Homo sapiens	565	False
2899	100077	CHEMBL5443	Cell division cycle 7-related protein kinase	SINGLE PROTEIN	Homo sapiens	616	False
2900	100078	CHEMBL4220	High affinity nerve growth factor receptor	SINGLE PROTEIN	Rattus norvegicus	5	False
2901	100079	CHEMBL2041	Proto-oncogene tyrosine-protein kinase receptor Ret	SINGLE PROTEIN	Homo sapiens	4691	True
2902	100080	CHEMBL4482	Serine/threonine-protein kinase PAK 4	SINGLE PROTEIN	Homo sapiens	988	False
2903	100081	CHEMBL613107	PBMC	CELL-LINE	Homo sapiens	1984	False
2904	100083	CHEMBL5250	Tyrosine-protein kinase JAK3	SINGLE PROTEIN	Mus musculus	15	False
2905	100084	CHEMBL613548	PASMC	CELL-LINE	Sus scrofa	11	False
2906	100085	CHEMBL614642	DMS-114	CELL-LINE	Homo sapiens	169	False
2907	100086	CHEMBL614871	Astrocyte	CELL-LINE		32	False
2908	100088	CHEMBL614678	Skut1B	CELL-LINE	Homo sapiens	8	False
2909	100089	CHEMBL614948	F5.12	CELL-LINE	Mus musculus	22	False
2910	100091	CHEMBL614666	HS27	CELL-LINE	Homo sapiens	52	False
2911	100092	CHEMBL612540	NCI-H630	CELL-LINE	Homo sapiens	30	False
2912	100093	CHEMBL614389	LX-1	CELL-LINE	Homo sapiens	7	False
2913	100094	CHEMBL613547	MLF	CELL-LINE	Mus musculus	5	False
2914	100097	CHEMBL5251	Tyrosine-protein kinase BTK	SINGLE PROTEIN	Homo sapiens	11343	True
2915	100098	CHEMBL5491	Wee1-like protein kinase	SINGLE PROTEIN	Homo sapiens	1219	True
2916	100100	CHEMBL4641	Voltage-dependent T-type calcium channel subunit alpha-1G	SINGLE PROTEIN	Homo sapiens	591	False
2917	100101	CHEMBL5558	Voltage-dependent T-type calcium channel subunit alpha-1I	SINGLE PROTEIN	Homo sapiens	284	False
2918	100104	CHEMBL5247	Integrin-linked protein kinase	SINGLE PROTEIN	Homo sapiens	175	True
2919	100106	CHEMBL5165	Inositol-trisphosphate 3-kinase B	SINGLE PROTEIN	Homo sapiens	38	False
2920	100108	CHEMBL3638	Ras guanyl-releasing protein 3	SINGLE PROTEIN	Homo sapiens	69	False
2921	100114	CHEMBL5279	Potassium voltage-gated channel subfamily A member 6	SINGLE PROTEIN	Homo sapiens	5	False
2922	100117	CHEMBL5530	Potassium voltage-gated channel subfamily KQT member 2	SINGLE PROTEIN	Rattus norvegicus	28	False
2923	100120	CHEMBL4970	Cytochrome P450 11B1, mitochondrial	SINGLE PROTEIN	Rattus norvegicus	26	True
2924	100124	CHEMBL5594	Camphor 5-monooxygenase	SINGLE PROTEIN	Pseudomonas putida	7	False
2925	100126	CHEMBL5145	Serine/threonine-protein kinase B-raf	SINGLE PROTEIN	Homo sapiens	6695	True
2926	100127	CHEMBL4454	Tyrosine-protein kinase Fgr	SINGLE PROTEIN	Homo sapiens	503	False
2927	100128	CHEMBL5146	Breakpoint cluster region protein	SINGLE PROTEIN	Homo sapiens	59	False
2928	100129	CHEMBL5147	Ephrin type-B receptor 4	SINGLE PROTEIN	Homo sapiens	1332	True
2929	100138	CHEMBL4843	CX3C chemokine receptor 1	SINGLE PROTEIN	Homo sapiens	80	False
2930	100140	CHEMBL5600	MAP/microtubule affinity-regulating kinase 3	SINGLE PROTEIN	Homo sapiens	688	False
2931	100143	CHEMBL5601	Vitamin D3 receptor	SINGLE PROTEIN	Mus musculus	17	False
2932	100144	CHEMBL5027	Flap endonuclease 1	SINGLE PROTEIN	Homo sapiens	1415	False
2933	100145	CHEMBL4736	DNA excision repair protein ERCC-5	SINGLE PROTEIN	Homo sapiens	103	False
2934	100146	CHEMBL5141	Cytochrome P450 26A1	SINGLE PROTEIN	Homo sapiens	181	False
2935	100147	CHEMBL4848	Eukaryotic translation initiation factor 4E	SINGLE PROTEIN	Homo sapiens	181	False
2936	100148	CHEMBL4457	Neuronal acetylcholine receptor subunit alpha-4	SINGLE PROTEIN	Mus musculus	8	False
2937	100151	CHEMBL4530	Coagulation factor XIII A chain	SINGLE PROTEIN	Homo sapiens	148	False
2938	100154	CHEMBL5030	Disintegrin and metalloproteinase domain-containing protein 12	SINGLE PROTEIN	Homo sapiens	5	False
2939	100155	CHEMBL5028	Disintegrin and metalloproteinase domain-containing protein 10	SINGLE PROTEIN	Homo sapiens	141	False
2940	100157	CHEMBL4531	Galectin-3	SINGLE PROTEIN	Homo sapiens	771	False
2941	100159	CHEMBL5287	Hepatic sodium/bile acid cotransporter	SINGLE PROTEIN	Homo sapiens	161	False
2942	100160	CHEMBL4459	Large neutral amino acids transporter small subunit 1	SINGLE PROTEIN	Homo sapiens	77	False
2943	100163	CHEMBL4149	Large neutral amino acids transporter small subunit 1	SINGLE PROTEIN	Rattus norvegicus	6	False
2944	100166	CHEMBL4581	Kinesin-like protein KIF11	SINGLE PROTEIN	Homo sapiens	837	True
2945	100168	CHEMBL5533	Transcription factor p65	SINGLE PROTEIN	Homo sapiens	97	False
2946	100171	CHEMBL4586	Seed linoleate 13S-lipoxygenase-1	SINGLE PROTEIN	Glycine max	95	False
2947	100175	CHEMBL4449	Glucoamylase 1	SINGLE PROTEIN	Rhizopus oryzae	5	False
2948	100177	CHEMBL4951	Beta-lactamase OXA-1	SINGLE PROTEIN	Escherichia coli	5	False
2949	100180	CHEMBL3700	Excitatory amino acid transporter 4	SINGLE PROTEIN	Rattus norvegicus	23	False
2950	100183	CHEMBL614949	PA-1	CELL-LINE	Homo sapiens	185	False
2951	100186	CHEMBL4683	Prolyl endopeptidase FAP	SINGLE PROTEIN	Homo sapiens	232	True
2952	100191	CHEMBL614876	RH7777	CELL-LINE	Rattus norvegicus	25	False
2953	100193	CHEMBL4191	Monoglyceride lipase	SINGLE PROTEIN	Homo sapiens	2431	False
2954	100194	CHEMBL4349	N-acylethanolamine-hydrolyzing acid amidase	SINGLE PROTEIN	Homo sapiens	337	False
2955	100198	CHEMBL3701	Luciferin 4-monooxygenase	SINGLE PROTEIN	Luciola lateralis	20	False
2956	100199	CHEMBL4953	Replication protein E1	SINGLE PROTEIN	Human papillomavirus type 11	28	False
2957	100200	CHEMBL4380	DNA helicase/primase complex protein	SINGLE PROTEIN	Herpes simplex virus (type 1 / strain 17)	11	False
2958	100201	CHEMBL612422	Splenocyte	CELL-LINE	Mus musculus	262	False
2959	100205	CHEMBL4838	Sodium/potassium-transporting ATPase subunit alpha-1	SINGLE PROTEIN	Canis lupus familiaris	27	False
2960	100207	CHEMBL4381	Synaptic vesicle glycoprotein 2A	SINGLE PROTEIN	Rattus norvegicus	71	False
2961	100211	CHEMBL4840	Metallo-beta-lactamase type 2	SINGLE PROTEIN	Bacteroides fragilis	30	False
2962	100216	CHEMBL4624	Diacylglycerol acyltransferase/mycolyltransferase Ag85C	SINGLE PROTEIN	Mycobacterium tuberculosis	8	False
2963	100217	CHEMBL4625	Bcl-2-like protein 1	SINGLE PROTEIN	Homo sapiens	1353	False
2964	100218	CHEMBL4734	Holo-[acyl-carrier-protein] synthase	SINGLE PROTEIN	Bacillus subtilis (strain 168)	14	False
2965	100220	CHEMBL4229	2-Hydroxyacid oxidase 1	SINGLE PROTEIN	Homo sapiens	296	False
2966	100223	CHEMBL4192	Beta-glucosidase	SINGLE PROTEIN	Prunus avium	16	False
2967	100225	CHEMBL4193	Alpha-mannosidase	SINGLE PROTEIN	Glycine max	27	False
2968	100226	CHEMBL4411	Prostaglandin E synthase 2	SINGLE PROTEIN	Homo sapiens	288	False
2969	100229	CHEMBL4412	Alpha-glucosidase	SINGLE PROTEIN	Geobacillus stearothermophilus	6	False
2970	100237	CHEMBL4603	Beta-galactosidase	SINGLE PROTEIN	Escherichia coli K-12	5	False
2971	100238	CHEMBL4753	Beta-galactosidase	SINGLE PROTEIN	Aspergillus niger	6	False
2972	100241	CHEMBL3698	Major prion protein	SINGLE PROTEIN	Mus musculus	59	False
2973	100243	CHEMBL4450	UDP-galactopyranose mutase	SINGLE PROTEIN	Mycobacterium tuberculosis	38	False
2974	100244	CHEMBL4253	Rhizopuspepsin	SINGLE PROTEIN	Rhizopus microsporus var. chinensis	9	False
2975	100245	CHEMBL4254	Penicillopepsin-1	SINGLE PROTEIN	Penicillium janthinellum	5	False
2976	100248	CHEMBL4255	Malate dehydrogenase	SINGLE PROTEIN	Thermus thermophilus	10	False
2977	100250	CHEMBL612514	Calf thymus DNA	NUCLEIC-ACID	Bos taurus	130	False
2978	100254	CHEMBL613295	Monoclonal antibody (mAb) 3E7	UNKNOWN		28	False
2979	100255	CHEMBL612515	SB-204269 binding site	UNKNOWN		37	False
2980	100256	CHEMBL612443	Proteasome	SUBCELLULAR		73	False
2981	100258	CHEMBL613296	AF2 neuropeptide receptor	UNKNOWN		34	False
2982	100260	CHEMBL613297	Rev responsive element (RRE) RNA	NUCLEIC-ACID	Human immunodeficiency virus 1	5	False
2983	100261	CHEMBL612408	Salmon testes DNA	NUCLEIC-ACID	Oncorhynchus gorbuscha	67	False
2984	100263	CHEMBL614640	Ribosomal RNA A-site	NUCLEIC-ACID		27	False
2985	100264	CHEMBL612444	Mitochondrial complex V; ATP synthase	PROTEIN COMPLEX	Bos taurus	43	False
2986	100267	CHEMBL612409	Anti-estrogen binding site (AEBS)	PROTEIN COMPLEX	Homo sapiens	13	False
2987	100271	CHEMBL4218	Tegument protein VP16	SINGLE PROTEIN	Herpes simplex virus (type 1 / strain 17)	61	False
2988	100272	CHEMBL612412	Internal ribosome entry site (IRES)	NUCLEIC-ACID	Hepacivirus hominis	14	False
2989	100273	CHEMBL612413	P3 purinoceptor	UNKNOWN		12	False
2990	100274	CHEMBL614676	Liposome	SUBCELLULAR		8	False
2991	100275	CHEMBL613898	Hemozoin	MACROMOLECULE	Plasmodium falciparum	52	False
2992	100277	CHEMBL4756	Ricin	SINGLE PROTEIN	Ricinus communis	14	False
2993	100278	CHEMBL4350	Histidinol dehydrogenase, chloroplastic	SINGLE PROTEIN	Brassica oleracea var. capitata	12	False
2994	100282	CHEMBL4300	Protein S100-B	SINGLE PROTEIN	Homo sapiens	8	False
2995	100283	CHEMBL5019	Flavin reductase (NADPH)	SINGLE PROTEIN	Homo sapiens	8	False
2996	100284	CHEMBL613299	Ribosome	SUBCELLULAR		11	False
2997	100286	CHEMBL5595	Gastrin/cholecystokinin type B receptor	SINGLE PROTEIN	Canis lupus familiaris	19	False
2998	100287	CHEMBL4755	Calcitonin gene-related peptide type 1 receptor	SINGLE PROTEIN	Rattus norvegicus	9	False
2999	100288	CHEMBL4259	G-protein coupled receptor homolog US28	SINGLE PROTEIN	Human cytomegalovirus (strain AD169) (HHV-5) (Human herpesvirus 5)	8	False
3000	100290	CHEMBL4383	Gastric inhibitory polypeptide receptor	SINGLE PROTEIN	Homo sapiens	124	True
3001	100291	CHEMBL612513	Heliothis virescens	ORGANISM	Heliothis virescens	81	False
3002	100292	CHEMBL614677	Plutella xylostella	ORGANISM	Plutella xylostella	357	False
3003	100293	CHEMBL4580	Thymidine kinase 2, mitochondrial	SINGLE PROTEIN	Homo sapiens	36	False
3004	100300	CHEMBL4741	Guanine nucleotide-binding protein G(i) subunit alpha-1	SINGLE PROTEIN	Homo sapiens	14	False
3005	100301	CHEMBL4221	Guanine nucleotide-binding protein G(i) subunit alpha-3	SINGLE PROTEIN	Homo sapiens	8	False
3006	100302	CHEMBL4742	Guanine nucleotide-binding protein G(o) subunit alpha	SINGLE PROTEIN	Homo sapiens	9	False
3007	100303	CHEMBL4859	DNA polymerase catalytic subunit	SINGLE PROTEIN	Varicella-zoster virus (strain Dumas) (HHV-3) (Human herpesvirus 3)	7	False
3008	100304	CHEMBL4860	Apoptosis regulator Bcl-2	SINGLE PROTEIN	Homo sapiens	3134	True
3009	100305	CHEMBL5203	Deoxyuridine 5'-triphosphate nucleotidohydrolase, mitochondrial	SINGLE PROTEIN	Homo sapiens	190	False
3010	100307	CHEMBL4222	dUTP pyrophosphatase	SINGLE PROTEIN	Plasmodium falciparum 3D7	19	False
3011	100312	CHEMBL4386	Vacuolar-type proton translocating pyrophosphatase 1	SINGLE PROTEIN	Trypanosoma brucei	15	False
3012	100323	CHEMBL4740	Histone deacetylase	SINGLE PROTEIN	Cryptosporidium parvum	24	False
3013	100324	CHEMBL4968	Beta-ketoacyl-ACP-synthase III	SINGLE PROTEIN	Plasmodium falciparum	18	False
3014	100325	CHEMBL4261	Hypoxia-inducible factor 1-alpha	SINGLE PROTEIN	Homo sapiens	2322	False
3015	100326	CHEMBL4638	Endochitinase B1	SINGLE PROTEIN	Aspergillus fumigatus	6	False
3016	100331	CHEMBL5212	Membrane-associated guanylate kinase, WW and PDZ domain-containing protein 3	SINGLE PROTEIN	Homo sapiens	5	False
3017	100334	CHEMBL5144	Vasoactive intestinal polypeptide receptor 1	SINGLE PROTEIN	Homo sapiens	8	False
3018	100335	CHEMBL4532	Vasoactive intestinal polypeptide receptor 2	SINGLE PROTEIN	Homo sapiens	26	False
3019	100336	CHEMBL612419	HSVEC	CELL-LINE	Homo sapiens	6	False
3020	100338	CHEMBL4227	N-formyl peptide receptor 2	SINGLE PROTEIN	Homo sapiens	1911	False
3021	100339	CHEMBL5445	Sodium- and chloride-dependent GABA transporter 1	SINGLE PROTEIN	Mus musculus	738	False
3022	100340	CHEMBL5205	GABA transporter 3	SINGLE PROTEIN	Mus musculus	172	False
3023	100341	CHEMBL3699	GABA transporter 4	SINGLE PROTEIN	Mus musculus	211	False
3024	100342	CHEMBL4228	GABA transporter 2	SINGLE PROTEIN	Mus musculus	71	False
3025	100403	CHEMBL612563	Syrian golden hamster	ORGANISM	Mesocricetus auratus	89	False
3026	100405	CHEMBL613835	MV4-11	CELL-LINE	Homo sapiens	4187	True
3027	100410	CHEMBL4895	Tyrosine-protein kinase receptor UFO	SINGLE PROTEIN	Homo sapiens	3573	True
3028	100411	CHEMBL4896	Lymphokine-activated killer T-cell-originated protein kinase	SINGLE PROTEIN	Homo sapiens	279	False
3029	100412	CHEMBL4897	Serine/threonine-protein kinase PLK3	SINGLE PROTEIN	Homo sapiens	727	False
3030	100413	CHEMBL4898	BDNF/NT-3 growth factors receptor	SINGLE PROTEIN	Homo sapiens	1068	False
3031	100414	CHEMBL4899	Mitogen-activated protein kinase kinase kinase 8	SINGLE PROTEIN	Homo sapiens	222	False
3032	100415	CHEMBL4900	Serine/threonine-protein kinase D2	SINGLE PROTEIN	Homo sapiens	878	False
3033	100416	CHEMBL4901	Ephrin type-B receptor 3	SINGLE PROTEIN	Homo sapiens	421	False
3034	100417	CHEMBL4247	ALK tyrosine kinase receptor	SINGLE PROTEIN	Homo sapiens	2834	True
3035	100418	CHEMBL4246	Tyrosine-protein kinase Tec	SINGLE PROTEIN	Homo sapiens	617	False
3036	100421	CHEMBL4364	Tyrosine-protein kinase SYK	SINGLE PROTEIN	Rattus norvegicus	7	False
3037	100423	CHEMBL4366	Protein kinase C epsilon type	SINGLE PROTEIN	Mus musculus	20	False
3038	100424	CHEMBL4367	Tyrosine-protein kinase TXK	SINGLE PROTEIN	Homo sapiens	797	False
3039	100425	CHEMBL3833	Trace amine-associated receptor 1	SINGLE PROTEIN	Rattus norvegicus	1074	False
3040	100426	CHEMBL4908	Trace amine-associated receptor 1	SINGLE PROTEIN	Mus musculus	1491	False
3041	100427	CHEMBL4909	Prostaglandin E2 receptor EP2 subtype	SINGLE PROTEIN	Rattus norvegicus	49	False
3042	100429	CHEMBL4420	Hydroxycarboxylic acid receptor 2	SINGLE PROTEIN	Mus musculus	44	False
3043	100430	CHEMBL4421	Hydroxycarboxylic acid receptor 3	SINGLE PROTEIN	Homo sapiens	122	False
3044	100431	CHEMBL4422	Free fatty acid receptor 1	SINGLE PROTEIN	Homo sapiens	2197	False
3045	100432	CHEMBL4423	C-C chemokine receptor type 6	SINGLE PROTEIN	Homo sapiens	199	False
3046	100433	CHEMBL4424	Lysophosphatidic acid receptor 3	SINGLE PROTEIN	Rattus norvegicus	5	False
3047	100434	CHEMBL4594	C-C chemokine receptor type 7	SINGLE PROTEIN	Homo sapiens	23	False
3048	100435	CHEMBL4595	Lysophosphatidic acid receptor 1	SINGLE PROTEIN	Rattus norvegicus	17	False
3049	100436	CHEMBL4596	C-C chemokine receptor type 8	SINGLE PROTEIN	Homo sapiens	213	False
3050	100444	CHEMBL5255	Toll-like receptor 4	SINGLE PROTEIN	Homo sapiens	156	False
3051	100445	CHEMBL4460	Serine racemase	SINGLE PROTEIN	Homo sapiens	107	False
3052	100446	CHEMBL4461	NAD-dependent protein deacetylase sirtuin-3, mitochondrial	SINGLE PROTEIN	Homo sapiens	314	False
3053	100447	CHEMBL4462	NAD-dependent protein deacetylase sirtuin-2	SINGLE PROTEIN	Homo sapiens	963	False
3054	100448	CHEMBL4506	NAD-dependent protein deacetylase sirtuin-1	SINGLE PROTEIN	Homo sapiens	637	False
3055	100449	CHEMBL4507	High affinity choline transporter 1	SINGLE PROTEIN	Homo sapiens	39	False
3056	100450	CHEMBL4508	Glutaminyl-peptide cyclotransferase	SINGLE PROTEIN	Homo sapiens	1060	False
3057	100452	CHEMBL4510	Cysteine protease falcipain-3	SINGLE PROTEIN	Plasmodium falciparum	7	False
3058	100453	CHEMBL4511	Replicative DNA helicase	SINGLE PROTEIN	Pseudomonas aeruginosa (strain ATCC 15692 / PAO1 / 1C / PRS 101 / LMG12228)	5	False
3059	100454	CHEMBL4512	Fatty acid synthase	SINGLE PROTEIN	Plasmodium falciparum	11	False
3060	100455	CHEMBL4513	3-oxoacyl-acyl-carrier protein reductase	SINGLE PROTEIN	Plasmodium falciparum	10	False
3061	100456	CHEMBL4150	Enoyl-acyl-carrier protein reductase	SINGLE PROTEIN	Plasmodium falciparum	91	False
3062	100457	CHEMBL4151	Hexokinase	SINGLE PROTEIN	Trypanosoma cruzi	16	False
3063	100459	CHEMBL4153	Sigma non-opioid intracellular receptor 1	SINGLE PROTEIN	Cavia porcellus	2229	False
3064	100463	CHEMBL4157	Phospholipase B	SINGLE PROTEIN	Cryptococcus neoformans var. neoformans B-3501A	5	False
3065	100464	CHEMBL4200	Group 10 secretory phospholipase A2	SINGLE PROTEIN	Mus musculus	15	False
3066	100465	CHEMBL4201	Group IIE secretory phospholipase A2	SINGLE PROTEIN	Mus musculus	13	False
3067	100467	CHEMBL4360	Monocarboxylate transporter 1	SINGLE PROTEIN	Homo sapiens	137	False
3068	100468	CHEMBL4361	Induced myeloid leukemia cell differentiation protein Mcl-1	SINGLE PROTEIN	Homo sapiens	3564	True
3069	100473	CHEMBL4520	Dipeptidyl peptidase 3	SINGLE PROTEIN	Homo sapiens	5	False
3070	100474	CHEMBL4521	1,25-dihydroxyvitamin D(3) 24-hydroxylase, mitochondrial	SINGLE PROTEIN	Homo sapiens	68	False
3071	100475	CHEMBL4676	Voltage-dependent calcium channel subunit alpha-2/delta-1	SINGLE PROTEIN	Mus musculus	49	False
3072	100476	CHEMBL4677	Bcl-2-like protein 2	SINGLE PROTEIN	Homo sapiens	38	False
3073	100478	CHEMBL4679	Branched-chain-amino-acid aminotransferase, cytosolic	SINGLE PROTEIN	Homo sapiens	52	False
3074	100479	CHEMBL5133	A disintegrin and metalloproteinase with thrombospondin motifs 1	SINGLE PROTEIN	Homo sapiens	10	False
3075	100480	CHEMBL4680	3-dehydroquinate dehydratase	SINGLE PROTEIN	Helicobacter pylori (strain ATCC 700392 / 26695) (Campylobacterpylori)	24	False
3076	100481	CHEMBL4681	Aldo-keto reductase family 1 member C3	SINGLE PROTEIN	Homo sapiens	874	False
3077	100483	CHEMBL4850	Receptor-type tyrosine-protein phosphatase epsilon	SINGLE PROTEIN	Homo sapiens	5	False
3078	100484	CHEMBL4161	Urease	SINGLE PROTEIN	Canavalia ensiformis	205	False
3079	100485	CHEMBL4162	Protein tyrosine phosphatase type IVA 3	SINGLE PROTEIN	Homo sapiens	33	False
3080	100486	CHEMBL4163	Toll-like receptor 2	SINGLE PROTEIN	Homo sapiens	216	False
3081	100488	CHEMBL612574	Mast cell	CELL-LINE	Mus musculus	25	False
3082	100489	CHEMBL614636	Eosinophil	CELL-LINE		32	False
3083	100490	CHEMBL612588	ASPC1	CELL-LINE	Homo sapiens	511	False
3084	100491	CHEMBL613288	Sigma 2 receptor	UNKNOWN		491	False
3085	100492	CHEMBL613878	MCF10	CELL-LINE	Homo sapiens	26	False
3086	100494	CHEMBL612655	C2C12	CELL-LINE	Mus musculus	84	False
3087	100495	CHEMBL613880	BMEC	CELL-LINE	Bos taurus	25	False
3088	100496	CHEMBL613881	Huh-5-2	CELL-LINE	Homo sapiens	37	False
3089	100497	CHEMBL612571	Bovine viral diarrhea virus 1	ORGANISM	Bovine viral diarrhea virus 1	339	False
3090	100498	CHEMBL613289	Hepatocyte	CELL-LINE		75	False
3091	100500	CHEMBL612589	4T1	CELL-LINE	Mus musculus	483	False
3092	100501	CHEMBL613290	Lu1	CELL-LINE	Homo sapiens	118	False
3093	100502	CHEMBL612590	ARO	CELL-LINE	Homo sapiens	33	False
3094	100503	CHEMBL612656	B16-F10	CELL-LINE	Mus musculus	963	False
3095	100504	CHEMBL612576	BNL	CELL-LINE	Mus musculus	8	False
3096	100507	CHEMBL612406	CEM/C2	CELL-LINE	Homo sapiens	18	False
3097	100508	CHEMBL612657	CWR22R	CELL-LINE	Homo sapiens	728	False
3098	100510	CHEMBL612414	RBCs	CELL-LINE		5	False
3099	100511	CHEMBL612415	F2000	CELL-LINE	Homo sapiens	6	False
3100	100512	CHEMBL612407	FG2	CELL-LINE	Homo sapiens	32	False
3101	100513	CHEMBL612593	NCI-H295R	CELL-LINE	Homo sapiens	17	False
3102	100514	CHEMBL612594	HL	CELL-LINE	Homo sapiens	71	False
3103	100515	CHEMBL612595	HPAC	CELL-LINE	Homo sapiens	75	False
3104	100516	CHEMBL612596	Hs 683	CELL-LINE	Homo sapiens	81	False
3105	100517	CHEMBL612597	Hs 766	CELL-LINE	Homo sapiens	17	False
3106	100518	CHEMBL612577	IMR-90	CELL-LINE	Homo sapiens	36	False
3107	100519	CHEMBL614637	KETR3	CELL-LINE	Homo sapiens	52	False
3108	100520	CHEMBL612598	KHOS/NP	CELL-LINE	Homo sapiens	13	False
3109	100521	CHEMBL612572	L1.2	CELL-LINE	Mus musculus	28	False
3110	100522	CHEMBL613292	LAPC4	CELL-LINE	Homo sapiens	98	False
3111	100523	CHEMBL612599	Lymphocyte	CELL-LINE		173	False
3112	100524	CHEMBL612578	Macrophage	CELL-LINE		129	False
3113	100568	CHEMBL4378	Phospholipase A2	SINGLE PROTEIN	Mus musculus	36	False
3114	100569	CHEMBL4379	Disintegrin and metalloproteinase domain-containing protein 17	SINGLE PROTEIN	Mus musculus	47	False
3115	100571	CHEMBL4535	Sodium- and chloride-dependent GABA transporter 2	SINGLE PROTEIN	Homo sapiens	18	False
3116	100574	CHEMBL4538	Cytochrome P450 monooxygenase	SINGLE PROTEIN	Arabidopsis thaliana	5	False
3117	100578	CHEMBL4752	Farnesyl diphosphate synthase	SINGLE PROTEIN	Trypanosoma cruzi	34	False
3118	100579	CHEMBL3785	Hydroxycarboxylic acid receptor 2	SINGLE PROTEIN	Homo sapiens	585	False
3119	100588	CHEMBL3486	Dihydroorotate dehydrogenase	SINGLE PROTEIN	Plasmodium falciparum	306	False
3120	100591	CHEMBL3545	Tissue alpha-L-fucosidase	SINGLE PROTEIN	Bos taurus	37	True
3121	100594	CHEMBL3691	Autotaxin	SINGLE PROTEIN	Homo sapiens	2359	False
3122	100596	CHEMBL3693	Farnesyl pyrophosphate synthase	SINGLE PROTEIN	Leishmania donovani	47	False
3123	100599	CHEMBL4167	Phospholipase A2 group V	SINGLE PROTEIN	Mus musculus	15	False
3124	100600	CHEMBL4540	Phosphotyrosine-protein phosphatase PTPB	SINGLE PROTEIN	Mycobacterium tuberculosis	55	False
3125	100602	CHEMBL4542	Low molecular weight protein-tyrosine phosphatase A	SINGLE PROTEIN	Mycobacterium tuberculosis	83	False
3126	100607	CHEMBL4547	Thioredoxin reductase	SINGLE PROTEIN	Plasmodium falciparum 3D7	7	False
3127	100609	CHEMBL4593	Beta-secretase 1	SINGLE PROTEIN	Mus musculus	55	False
3128	100610	CHEMBL3490	11-beta-hydroxysteroid dehydrogenase type 2	SINGLE PROTEIN	Mus musculus	29	False
3129	100611	CHEMBL3491	Cytochrome P450 2J2	SINGLE PROTEIN	Homo sapiens	61	False
3130	100613	CHEMBL3492	Proteasome Macropain subunit	SINGLE PROTEIN	Homo sapiens	201	False
3131	100616	CHEMBL3495	NADP-dependent malic enzyme	SINGLE PROTEIN	Homo sapiens	32	False
3132	100622	CHEMBL4660	ADP-ribosyl cyclase/cyclic ADP-ribose hydrolase 1	SINGLE PROTEIN	Homo sapiens	455	True
3133	100624	CHEMBL4662	Proteasome Macropain subunit MB1	SINGLE PROTEIN	Homo sapiens	762	False
3134	100625	CHEMBL4663	Beta-glucosidase	SINGLE PROTEIN	Agrobacterium tumefaciens	5	False
3135	100626	CHEMBL4664	Poly [ADP-ribose] polymerase 1	SINGLE PROTEIN	Rattus norvegicus	45	False
3136	100627	CHEMBL4903	Low molecular weight phosphotyrosine protein phosphatase	SINGLE PROTEIN	Homo sapiens	390	False
3137	100629	CHEMBL4905	Receptor-type tyrosine-protein phosphatase gamma	SINGLE PROTEIN	Homo sapiens	17	False
3138	100630	CHEMBL4205	Potassium voltage-gated channel subfamily A member 4	SINGLE PROTEIN	Homo sapiens	10	False
3139	100633	CHEMBL4208	Proteasome component C5	SINGLE PROTEIN	Homo sapiens	116	False
3140	100636	CHEMBL5168	UDP-N-acetylmuramate--L-alanine ligase	SINGLE PROTEIN	Escherichia coli K-12	15	False
3141	100637	CHEMBL4370	UDP-glucuronosyltransferase 2B7	SINGLE PROTEIN	Homo sapiens	34	True
3142	100639	CHEMBL4372	Lethal factor	SINGLE PROTEIN	Bacillus anthracis	3644	True
3143	100640	CHEMBL4373	Orphan methyltransferase M.SssI	SINGLE PROTEIN	Spiroplasma monobiae	9	False
3144	100641	CHEMBL4404	Tyrosine-protein phosphatase YopH	SINGLE PROTEIN	Yersinia enterocolitica	15	False
3145	100643	CHEMBL4685	Indoleamine 2,3-dioxygenase 1	SINGLE PROTEIN	Homo sapiens	3508	True
3146	100644	CHEMBL4732	UDP-N-acetylmuramoylalanine--D-glutamate ligase	SINGLE PROTEIN	Escherichia coli K-12	22	False
3147	100645	CHEMBL4910	DNA polymerase III PolC-type	SINGLE PROTEIN	Staphylococcus aureus	25	False
3148	100649	CHEMBL4914	Beta-ketoacyl-[acyl-carrier-protein] synthase III	SINGLE PROTEIN	Escherichia coli K-12	33	False
3149	100650	CHEMBL4915	Galectin-1	SINGLE PROTEIN	Homo sapiens	146	False
3150	100659	CHEMBL4692	HLA class II histocompatibility antigen gamma chain	SINGLE PROTEIN	Homo sapiens	25	False
3151	100660	CHEMBL4693	Sarcoplasmic/endoplasmic reticulum calcium ATPase 1	SINGLE PROTEIN	Oryctolagus cuniculus	48	False
3152	100663	CHEMBL4695	Fructose-bisphosphate aldolase A	SINGLE PROTEIN	Oryctolagus cuniculus	38	False
3153	100664	CHEMBL4696	Glycogen phosphorylase, muscle form	SINGLE PROTEIN	Oryctolagus cuniculus	152	False
3154	100665	CHEMBL4697	Hexose transporter 1	SINGLE PROTEIN	Plasmodium falciparum	507	False
3155	100666	CHEMBL4698	Malonyl-CoA decarboxylase, mitochondrial	SINGLE PROTEIN	Homo sapiens	249	False
3156	100668	CHEMBL3985	Voltage-dependent calcium channel alpha2delta subunit	SINGLE PROTEIN	Sus scrofa	27	False
3157	100669	CHEMBL3986	GABA receptor subunit	SINGLE PROTEIN	Musca domestica	49	False
3158	100671	CHEMBL4098	Cathepsin S	SINGLE PROTEIN	Mus musculus	69	False
3159	100674	CHEMBL3317	5-lipoxygenase	SINGLE PROTEIN	Solanum tuberosum	19	False
3160	100675	CHEMBL3318	Tyrosinase	SINGLE PROTEIN	Agaricus bisporus	714	False
3161	100678	CHEMBL5171	S-ribosylhomocysteine lyase	SINGLE PROTEIN	Bacillus subtilis (strain 168)	5	False
3162	100679	CHEMBL4211	Carbonic anhydrase	SINGLE PROTEIN	Helicobacter pylori (strain ATCC 700392 / 26695) (Campylobacterpylori)	47	False
3163	100683	CHEMBL5172	Cytosolic endo-beta-N-acetylglucosaminidase	SINGLE PROTEIN	Homo sapiens	5	False
3164	100684	CHEMBL4214	Avian myoblastosis virus polyprotein II	SINGLE PROTEIN	Avian myeloblastosis virus	20	False
3165	100685	CHEMBL5981	Genome polyprotein	SINGLE PROTEIN	Hepatitis GB virus B	92	False
3166	100686	CHEMBL5980	Genome polyprotein	SINGLE PROTEIN	dengue virus type 2	383	False
3167	100689	CHEMBL612582	Osteoblast	CELL-LINE		16	False
3168	100690	CHEMBL612583	Panc1005	CELL-LINE	Homo sapiens	44	False
3169	100691	CHEMBL612584	Panc203	CELL-LINE	Homo sapiens	7	False
3170	100692	CHEMBL614673	Panc430	CELL-LINE	Homo sapiens	8	False
3171	100694	CHEMBL612586	PT-45	CELL-LINE	Homo sapiens	21	False
3172	100695	CHEMBL612587	WRL68	CELL-LINE	Homo sapiens	61	False
3173	100697	CHEMBL612276	Xanthomonas campestris	ORGANISM	Xanthomonas campestris	12	False
3174	100699	CHEMBL613862	Chromobacterium violaceum	ORGANISM	Chromobacterium violaceum	5	False
3175	100703	CHEMBL613293	Radish	ORGANISM	Raphanus sativus	72	False
3176	100704	CHEMBL613874	Lactuca sativa	ORGANISM	Lactuca sativa	34	False
3177	100705	CHEMBL613882	Bipolaris maydis	ORGANISM	Bipolaris maydis	47	False
3178	100707	CHEMBL613883	Plasmodium cynomolgi	ORGANISM	Plasmodium cynomolgi	15	False
3179	100708	CHEMBL613865	Sapajus apella	ORGANISM	Sapajus apella	29	False
3180	100709	CHEMBL613821	Squirrel monkey	ORGANISM	Saimiri sciureus	10	False
3181	100710	CHEMBL613847	Cynomolgus monkey	ORGANISM	Macaca fascicularis	453	True
3182	100712	CHEMBL613875	Hamster	ORGANISM	Cricetinae	50	False
3183	100713	CHEMBL613848	Gerbil, jird	ORGANISM	Meriones	10	False
3184	100714	CHEMBL613818	Tobacco mosaic virus	ORGANISM	Tobacco mosaic virus	255	False
3185	100715	CHEMBL613822	Nippostrongylus brasiliensis	ORGANISM	Nippostrongylus brasiliensis	5	False
3186	100717	CHEMBL612277	Aspergillus terreus	ORGANISM	Aspergillus terreus	27	False
3187	100719	CHEMBL612278	Microsporum	ORGANISM	Microsporum	37	False
3188	100723	CHEMBL613823	Fusarium verticillioides	ORGANISM	Fusarium verticillioides	29	False
3189	100727	CHEMBL613850	A20	CELL-LINE	Mus musculus	38	False
3190	100729	CHEMBL613857	AEC	CELL-LINE		21	False
3191	100730	CHEMBL613876	BALB/3T3	CELL-LINE	Mus musculus	230	False
3192	100731	CHEMBL613842	Bcap37	CELL-LINE	Homo sapiens	138	False
3193	100732	CHEMBL613824	CNE	CELL-LINE	Homo sapiens	29	False
3194	100733	CHEMBL613866	CT26	CELL-LINE	Mus musculus	293	False
3195	100736	CHEMBL613838	Fibroblast	CELL-LINE		77	False
3196	100737	CHEMBL613839	H3396	CELL-LINE	Homo sapiens	8	False
3197	100738	CHEMBL612547	HFL1	CELL-LINE	Homo sapiens	347	False
3198	100739	CHEMBL613703	Peritoneal macrophage cell	CELL-LINE		46	False
3199	100740	CHEMBL613709	Mast cell	CELL-LINE		20	False
3200	100741	CHEMBL614867	MC9	CELL-LINE	Mus musculus	28	False
3201	100742	CHEMBL613300	MeWo	CELL-LINE	Homo sapiens	86	False
3202	100744	CHEMBL613301	Monocyte	CELL-LINE		18	False
3203	100745	CHEMBL613704	MX1	CELL-LINE	Homo sapiens	459	False
3204	100747	CHEMBL613705	Neuron	CELL-LINE		83	False
3205	100748	CHEMBL613710	Neutrophil	CELL-LINE		398	False
3206	100750	CHEMBL612548	Osteoclast	CELL-LINE		99	False
3207	100751	CHEMBL613706	PMNL	CELL-LINE		10	False
3208	100752	CHEMBL612568	Renca	CELL-LINE	Mus musculus	6	False
3209	100753	CHEMBL612569	SHP77	CELL-LINE	Homo sapiens	52	False
3210	100754	CHEMBL613831	SMMC-7721	CELL-LINE	Homo sapiens	1620	False
3211	100755	CHEMBL613711	SUD4	CELL-LINE	Homo sapiens	182	False
3212	100756	CHEMBL614869	SVR	CELL-LINE	Mus musculus	22	False
3213	100757	CHEMBL612570	SW1573	CELL-LINE	Homo sapiens	248	False
3214	100760	CHEMBL613707	NSC	CELL-LINE	Rattus norvegicus	15	False
3215	100762	CHEMBL613708	W4	CELL-LINE	Mus musculus	6	False
3216	100763	CHEMBL613820	Y79	CELL-LINE	Homo sapiens	28	False
3217	100764	CHEMBL612573	Panel (10 carcinoma cell lines)	CELL-LINE		22	False
3218	100765	CHEMBL613841	Cortical neurone	CELL-LINE		12	False
3219	100766	CHEMBL613712	Radical scavenging activity	UNKNOWN		991	False
3220	100767	CHEMBL614870	Spermatozoa	CELL-LINE		63	False
3221	100768	CHEMBL613836	TPC1	CELL-LINE	Homo sapiens	9	False
3222	100770	CHEMBL613871	C20/A4	CELL-LINE	Homo sapiens	7	False
3223	100771	CHEMBL614865	Mitochondrial complex I; NADH oxidoreductase	PROTEIN COMPLEX	Bos taurus	78	False
3224	100772	CHEMBL613815	Mitochondrial complex II; succinate dehydrogenase	PROTEIN COMPLEX	Septoria tritici	6	False
3225	100773	CHEMBL613837	Human coronavirus 229E	ORGANISM	Human coronavirus 229E	76	False
3226	100775	CHEMBL4313	Aminoglycoside acetyltransferase	SINGLE PROTEIN	Enterococcus durans	8	False
3227	100776	CHEMBL4314	Imipenem-hydrolyzing beta-lactamase	SINGLE PROTEIN	Enterobacter cloacae	23	False
3228	100780	CHEMBL4858	Orotidine 5'-phosphate decarboxylase	SINGLE PROTEIN	Saccharomyces cerevisiae S288c	5	False
3229	100781	CHEMBL5174	Neuropilin-1	SINGLE PROTEIN	Homo sapiens	106	False
3230	100782	CHEMBL4159	3-hydroxyacyl-CoA dehydrogenase type-2	SINGLE PROTEIN	Homo sapiens	3548	True
3231	100783	CHEMBL4160	Cathepsin Z	SINGLE PROTEIN	Homo sapiens	26	False
3232	100785	CHEMBL4327	Long-chain fatty acid transport protein 4	SINGLE PROTEIN	Homo sapiens	24	False
3233	100787	CHEMBL4328	Betaine--homocysteine S-methyltransferase 1	SINGLE PROTEIN	Homo sapiens	16	False
3234	100788	CHEMBL4374	Photoreceptor-specific nuclear receptor	SINGLE PROTEIN	Homo sapiens	129	False
3235	100789	CHEMBL4375	SRSF protein kinase 1	SINGLE PROTEIN	Homo sapiens	793	False
3236	100790	CHEMBL4376	Dual specificity tyrosine-phosphorylation-regulated kinase 2	SINGLE PROTEIN	Homo sapiens	929	False
3237	100792	CHEMBL4699	Protein-S-isoprenylcysteine O-methyltransferase	SINGLE PROTEIN	Homo sapiens	230	False
3238	100794	CHEMBL4748	Endoplasmin	SINGLE PROTEIN	Canis lupus familiaris	93	False
3239	100796	CHEMBL4750	Dual specificity tyrosine-phosphorylation-regulated kinase 1A	SINGLE PROTEIN	Mus musculus	11	False
3240	100797	CHEMBL3783	Fatty acid synthase	SINGLE PROTEIN	Rattus norvegicus	35	False
3241	100799	CHEMBL3321	Monoglyceride lipase	SINGLE PROTEIN	Rattus norvegicus	140	False
3242	100800	CHEMBL3322	Prostacyclin receptor	SINGLE PROTEIN	Rattus norvegicus	46	False
3243	100801	CHEMBL3323	Cytochrome P450 3A1	SINGLE PROTEIN	Rattus norvegicus	11	False
3244	100803	CHEMBL3325	Solute carrier family 15 member 2	SINGLE PROTEIN	Rattus norvegicus	11	False
3245	100804	CHEMBL3326	Beta-lactamase L1	SINGLE PROTEIN	Stenotrophomonas maltophilia	76	False
3246	100811	CHEMBL613845	H5N1 subtype	ORGANISM	H5N1 subtype	39	False
3247	100817	CHEMBL2291	Prostaglandin D2 receptor 2	SINGLE PROTEIN	Mus musculus	16	False
3248	100818	CHEMBL2211	Aurora kinase A	SINGLE PROTEIN	Mus musculus	5	False
3249	100822	CHEMBL3540	Chemerin-like receptor 1	SINGLE PROTEIN	Homo sapiens	341	False
3250	100823	CHEMBL3541	Histone deacetylase HD1B	SINGLE PROTEIN	Zea mays	48	False
3251	100824	CHEMBL3542	Serine/threonine-protein kinase NIM1	SINGLE PROTEIN	Homo sapiens	167	False
3252	100826	CHEMBL3543	P2Y purinoceptor 6	SINGLE PROTEIN	Rattus norvegicus	7	False
3253	100827	CHEMBL3544	Nuclear receptor subfamily 5 group A member 2	SINGLE PROTEIN	Homo sapiens	72	False
3254	100828	CHEMBL4666	Steroidogenic factor 1	SINGLE PROTEIN	Homo sapiens	64	False
3255	100829	CHEMBL4665	Thymidylate synthase	SINGLE PROTEIN	Cryptococcus neoformans var. neoformans B-3501A	13	False
3256	100832	CHEMBL4669	Histone acetyltransferase GCN5	SINGLE PROTEIN	Saccharomyces cerevisiae S288c	25	False
3257	100833	CHEMBL5198	Mitogen-activated protein kinase 15	SINGLE PROTEIN	Homo sapiens	279	False
3258	100834	CHEMBL4670	MAP kinase-activated protein kinase 3	SINGLE PROTEIN	Homo sapiens	338	False
3259	100835	CHEMBL4718	MAP kinase-interacting serine/threonine-protein kinase 1	SINGLE PROTEIN	Homo sapiens	1813	False
3260	100836	CHEMBL4849	Serine/threonine-protein kinase Nek7	SINGLE PROTEIN	Homo sapiens	430	False
3261	100842	CHEMBL613302	Thymocyte	CELL-LINE		5	False
3262	100843	CHEMBL4514	Casein kinase II subunit alpha	SINGLE PROTEIN	Zea mays	16	False
3263	100844	CHEMBL4515	EKC/KEOPS complex subunit BUD32	SINGLE PROTEIN	Saccharomyces cerevisiae S288c	5	False
3264	100845	CHEMBL4516	Serine/threonine-protein kinase MRCK alpha	SINGLE PROTEIN	Homo sapiens	656	False
3265	100848	CHEMBL4518	P2Y purinoceptor 14	SINGLE PROTEIN	Homo sapiens	364	False
3266	100850	CHEMBL4574	Serine/threonine-protein kinase BRSK2	SINGLE PROTEIN	Homo sapiens	416	False
3267	100851	CHEMBL4575	Dual specificity tyrosine-phosphorylation-regulated kinase 3	SINGLE PROTEIN	Homo sapiens	639	False
3268	100852	CHEMBL4576	Homeodomain-interacting protein kinase 2	SINGLE PROTEIN	Homo sapiens	770	False
3269	100853	CHEMBL4577	Homeodomain-interacting protein kinase 3	SINGLE PROTEIN	Homo sapiens	439	False
3270	100854	CHEMBL4578	Maternal embryonic leucine zipper kinase	SINGLE PROTEIN	Homo sapiens	1464	False
3271	100855	CHEMBL5407	Serine/threonine-protein kinase pim-3	SINGLE PROTEIN	Homo sapiens	2584	False
3272	100856	CHEMBL5408	Serine/threonine-protein kinase TBK1	SINGLE PROTEIN	Homo sapiens	2784	True
3273	100857	CHEMBL5409	G-protein coupled bile acid receptor 1	SINGLE PROTEIN	Homo sapiens	1092	False
3274	100858	CHEMBL5410	C-C chemokine receptor type 4	SINGLE PROTEIN	Mus musculus	25	False
3275	100859	CHEMBL5411	Free fatty acid receptor 1	SINGLE PROTEIN	Mus musculus	106	False
3276	100860	CHEMBL5412	C-C chemokine receptor type 2	SINGLE PROTEIN	Mus musculus	65	False
3277	100861	CHEMBL5200	C-X-C chemokine receptor type 3	SINGLE PROTEIN	Mus musculus	80	False
3278	100862	CHEMBL5413	KiSS-1 receptor	SINGLE PROTEIN	Homo sapiens	119	False
3279	100863	CHEMBL5414	Beta-2 adrenergic receptor	SINGLE PROTEIN	Cavia porcellus	341	False
3280	100864	CHEMBL5492	Nociceptin receptor	SINGLE PROTEIN	Cavia porcellus	19	False
3281	100865	CHEMBL5015	Ghrelin receptor	SINGLE PROTEIN	Ovis aries	27	False
3282	100866	CHEMBL5201	Free fatty acid receptor 3	SINGLE PROTEIN	Homo sapiens	66	False
3283	100867	CHEMBL5493	Free fatty acid receptor 2	SINGLE PROTEIN	Homo sapiens	684	False
3284	100868	CHEMBL5494	5-hydroxytryptamine receptor 7	SINGLE PROTEIN	Cavia porcellus	11	False
3285	100869	CHEMBL5495	Melatonin receptor type 1C	SINGLE PROTEIN	Xenopus laevis	67	False
3286	100870	CHEMBL5496	P2X purinoceptor 1	SINGLE PROTEIN	Mus musculus	16	False
3287	100872	CHEMBL5498	Muscarinic acetylcholine receptor M3	SINGLE PROTEIN	Cavia porcellus	225	False
3288	100873	CHEMBL5499	C-C chemokine receptor type 1	SINGLE PROTEIN	Rattus norvegicus	27	False
3289	100874	CHEMBL3784	Histone acetyltransferase p300	SINGLE PROTEIN	Homo sapiens	658	False
3290	100875	CHEMBL5500	Histone acetyltransferase KAT2B	SINGLE PROTEIN	Homo sapiens	276	False
3291	100876	CHEMBL5501	Histone acetyltransferase KAT2A	SINGLE PROTEIN	Homo sapiens	49	False
3292	100877	CHEMBL5523	Histone-lysine N-methyltransferase SETD7	SINGLE PROTEIN	Homo sapiens	38	False
3293	100878	CHEMBL5524	Protein arginine N-methyltransferase 1	SINGLE PROTEIN	Homo sapiens	377	False
3294	100886	CHEMBL5057	Envelope glycoprotein gp160	SINGLE PROTEIN	Human immunodeficiency virus type 1 group M subtype B (isolate BH10)(HIV-1)	17	False
3295	100887	CHEMBL5058	Pre-mRNA-processing factor 19	SINGLE PROTEIN	Saccharomyces cerevisiae S288c	6	False
3296	100895	CHEMBL5233	Mitogen-activated protein kinase 1	SINGLE PROTEIN	Rattus norvegicus	13	False
3297	100904	CHEMBL5272	Glycogen debranching enzyme	SINGLE PROTEIN	Homo sapiens	5	False
3298	100905	CHEMBL5273	Glycogen debranching enzyme	SINGLE PROTEIN	Oryctolagus cuniculus	5	False
3299	100906	CHEMBL5274	Tyrosine-protein kinase receptor Tie-1	SINGLE PROTEIN	Homo sapiens	179	False
3300	100907	CHEMBL5275	Bone morphogenetic protein receptor type-1A	SINGLE PROTEIN	Homo sapiens	396	False
3301	100908	CHEMBL5310	Activin receptor type-1B	SINGLE PROTEIN	Homo sapiens	499	False
3302	100909	CHEMBL5311	Activin receptor type-1-like	SINGLE PROTEIN	Homo sapiens	515	False
3303	100910	CHEMBL5312	Multifunctional protein ADE2	SINGLE PROTEIN	Gallus gallus	5	False
3304	100911	CHEMBL5313	Heat shock factor protein 1	SINGLE PROTEIN	Mus musculus	513	False
3305	100912	CHEMBL5314	Tyrosine-protein kinase receptor TYRO3	SINGLE PROTEIN	Homo sapiens	1986	False
3306	100913	CHEMBL5315	Peroxiredoxin-1	SINGLE PROTEIN	Homo sapiens	39	False
3307	100914	CHEMBL5316	Cyclin-dependent kinase 18	SINGLE PROTEIN	Homo sapiens	166	False
3308	100916	CHEMBL5318	Apoptosis regulator BAX	SINGLE PROTEIN	Homo sapiens	32	False
3309	100917	CHEMBL5319	Epithelial discoidin domain-containing receptor 1	SINGLE PROTEIN	Homo sapiens	1676	False
3310	100918	CHEMBL5320	Myotonin-protein kinase	SINGLE PROTEIN	Homo sapiens	359	False
3311	100923	CHEMBL5325	Urease	SINGLE PROTEIN	Helicobacter pylori	20	False
3312	100925	CHEMBL5358	eIF-2-alpha kinase GCN2	SINGLE PROTEIN	Homo sapiens	617	False
3313	100926	CHEMBL5359	Isocitrate lyase	SINGLE PROTEIN	Candida albicans	5	False
3314	100927	CHEMBL5360	Fructose-1,6-bisphosphatase 1	SINGLE PROTEIN	Mus musculus	37	False
3315	100928	CHEMBL5361	Group IIF secretory phospholipase A2	SINGLE PROTEIN	Mus musculus	5	False
3316	100929	CHEMBL5362	Sortase A	SINGLE PROTEIN	Staphylococcus aureus	131	False
3317	100931	CHEMBL5364	Serine/threonine-protein kinase NLK	SINGLE PROTEIN	Homo sapiens	379	False
3318	100932	CHEMBL5365	DNA polymerase kappa	SINGLE PROTEIN	Homo sapiens	6	False
3319	100933	CHEMBL5366	Poly [ADP-ribose] polymerase 2	SINGLE PROTEIN	Homo sapiens	745	True
3320	100934	CHEMBL5367	DNA polymerase lambda	SINGLE PROTEIN	Homo sapiens	17	False
3321	100935	CHEMBL5368	Acid-sensing ion channel 3	SINGLE PROTEIN	Homo sapiens	77	False
3322	100939	CHEMBL5288	Retinoblastoma-associated protein	SINGLE PROTEIN	Homo sapiens	18	False
3323	100942	CHEMBL5291	Procathepsin L	SINGLE PROTEIN	Mus musculus	14	False
3324	100944	CHEMBL5293	Calcitonin gene-related peptide 1	SINGLE PROTEIN	Homo sapiens	85	False
3325	100945	CHEMBL5294	Forkhead box protein O1	SINGLE PROTEIN	Homo sapiens	59	False
3326	100947	CHEMBL5330	Mitogen-activated protein kinase kinase kinase kinase 2	SINGLE PROTEIN	Homo sapiens	891	False
3327	100948	CHEMBL5331	Tyrosine-protein kinase Mer	SINGLE PROTEIN	Homo sapiens	3045	True
3328	100949	CHEMBL5332	Mitogen-activated protein kinase 7	SINGLE PROTEIN	Homo sapiens	373	False
3329	100951	CHEMBL5334	Non-receptor tyrosine-protein kinase TNK1	SINGLE PROTEIN	Homo sapiens	374	False
3330	100952	CHEMBL5335	Baculoviral IAP repeat-containing protein 3	SINGLE PROTEIN	Homo sapiens	106	False
3331	100954	CHEMBL5337	Carbonic anhydrase	SINGLE PROTEIN	Candida albicans (strain SC5314 / ATCC MYA-2876) (Yeast)	142	False
3332	100956	CHEMBL5339	Free fatty acid receptor 4	SINGLE PROTEIN	Homo sapiens	1345	False
3333	100960	CHEMBL5343	Bile acid receptor	SINGLE PROTEIN	Mus musculus	23	False
3334	100962	CHEMBL5381	Insulin-like growth factor 1 receptor	SINGLE PROTEIN	Mus musculus	34	False
3335	100964	CHEMBL5383	Platelet-activating factor acetylhydrolase	SINGLE PROTEIN	Mus musculus	6	False
3336	100968	CHEMBL5387	Sonic hedgehog protein	SINGLE PROTEIN	Mus musculus	186	False
3337	100969	CHEMBL5388	Serine/threonine-protein kinase tousled-like 1	SINGLE PROTEIN	Homo sapiens	187	False
3338	100974	CHEMBL5393	Broad substrate specificity ATP-binding cassette transporter ABCG2	SINGLE PROTEIN	Homo sapiens	1278	False
3339	100975	CHEMBL5415	SRSF protein kinase 3	SINGLE PROTEIN	Homo sapiens	362	False
3340	100976	CHEMBL5416	Cyclin-dependent kinase 11A	SINGLE PROTEIN	Homo sapiens	180	False
3341	100979	CHEMBL5419	Genome polyprotein	SINGLE PROTEIN	West Nile virus	166	False
3342	100981	CHEMBL5421	Fatty acid-binding protein, liver	SINGLE PROTEIN	Homo sapiens	38	False
3343	100982	CHEMBL5422	Protein disulfide-isomerase	SINGLE PROTEIN	Homo sapiens	199	False
3344	100983	CHEMBL5423	Chitinase A	SINGLE PROTEIN	Serratia marcescens	8	False
3345	100984	CHEMBL5424	Acyl-CoA desaturase 1	SINGLE PROTEIN	Rattus norvegicus	364	False
3346	100986	CHEMBL5460	Heat shock 70 kDa protein 1A	SINGLE PROTEIN	Homo sapiens	21	False
3347	100987	CHEMBL5461	Zinc finger protein GLI1	SINGLE PROTEIN	Homo sapiens	20	False
3348	100988	CHEMBL5462	Baculoviral IAP repeat-containing protein 2	SINGLE PROTEIN	Homo sapiens	555	False
3349	100989	CHEMBL5463	Acid ceramidase	SINGLE PROTEIN	Homo sapiens	172	False
3350	100990	CHEMBL5464	Receptor-interacting serine/threonine-protein kinase 1	SINGLE PROTEIN	Homo sapiens	3243	True
3351	100992	CHEMBL5466	Activin receptor type-2B	SINGLE PROTEIN	Homo sapiens	173	False
3352	100993	CHEMBL5467	Bone morphogenetic protein receptor type-2	SINGLE PROTEIN	Homo sapiens	226	False
3353	100995	CHEMBL5469	Protein-tyrosine kinase 2-beta	SINGLE PROTEIN	Homo sapiens	829	False
3354	100997	CHEMBL5503	Nuclear receptor subfamily 1 group I member 3	SINGLE PROTEIN	Homo sapiens	165	False
3355	100998	CHEMBL5504	Galanin receptor type 1	SINGLE PROTEIN	Rattus norvegicus	8	False
3356	100999	CHEMBL5505	Calcium-activated potassium channel subunit alpha-1	SINGLE PROTEIN	Rattus norvegicus	19	False
3357	101002	CHEMBL5508	Dual specificity tyrosine-phosphorylation-regulated kinase 1A	SINGLE PROTEIN	Rattus norvegicus	1071	False
3358	101004	CHEMBL5510	Mitogen-activated protein kinase 3	SINGLE PROTEIN	Mus musculus	82	False
3359	101005	CHEMBL5511	Dual specificity protein phosphatase 6	SINGLE PROTEIN	Rattus norvegicus	41	False
3360	101007	CHEMBL5536	Genome polyprotein	SINGLE PROTEIN	Hepatitis C virus genotype 1b (isolate Con1) (HCV)	64	False
3361	101008	CHEMBL5537	Group IID secretory phospholipase A2	SINGLE PROTEIN	Mus musculus	7	False
3362	101009	CHEMBL5538	Histone-arginine methyltransferase CARM1	SINGLE PROTEIN	Mus musculus	34	False
3363	101012	CHEMBL5541	Histone deacetylase	SINGLE PROTEIN	Plasmodium falciparum	29	False
3364	101013	CHEMBL5542	DNA polymerase eta	SINGLE PROTEIN	Homo sapiens	10	False
3365	101014	CHEMBL5543	Dual specificity tyrosine-phosphorylation-regulated kinase 1B	SINGLE PROTEIN	Homo sapiens	1140	False
3366	101016	CHEMBL5545	Diacylglycerol lipase-alpha	SINGLE PROTEIN	Homo sapiens	206	False
3367	101018	CHEMBL5567	Luciferin 4-monooxygenase	SINGLE PROTEIN	Photinus pyralis	1268	False
3368	101019	CHEMBL5568	Proto-oncogene tyrosine-protein kinase ROS	SINGLE PROTEIN	Homo sapiens	743	True
3369	101020	CHEMBL5569	Neuronal acetylcholine receptor subunit alpha-4	SINGLE PROTEIN	Gallus gallus	10	False
3370	101021	CHEMBL5570	Macrophage colony-stimulating factor 1 receptor	SINGLE PROTEIN	Mus musculus	352	False
3371	101024	CHEMBL5573	Intestinal-type alkaline phosphatase	SINGLE PROTEIN	Homo sapiens	149	False
3372	101026	CHEMBL5575	Lysine--tRNA ligase	SINGLE PROTEIN	Homo sapiens	87	False
3373	101028	CHEMBL5602	Sonic hedgehog protein	SINGLE PROTEIN	Homo sapiens	12	False
3374	101029	CHEMBL5603	Nuclear receptor subfamily 0 group B member 2	SINGLE PROTEIN	Homo sapiens	8	False
3375	101030	CHEMBL5604	Dual specificity testis-specific protein kinase 1	SINGLE PROTEIN	Homo sapiens	182	False
3376	101031	CHEMBL5605	TGF-beta-activated kinase 1 and MAP3K7-binding protein 1	SINGLE PROTEIN	Homo sapiens	38	False
3377	101032	CHEMBL5606	Serine/threonine-protein kinase STK11	SINGLE PROTEIN	Homo sapiens	386	False
3378	101033	CHEMBL5607	Rhodopsin kinase GRK1	SINGLE PROTEIN	Homo sapiens	185	False
3379	101034	CHEMBL5608	NT-3 growth factor receptor	SINGLE PROTEIN	Homo sapiens	887	False
3380	101036	CHEMBL5610	Prostasin	SINGLE PROTEIN	Homo sapiens	22	False
3381	101037	CHEMBL5611	NAD(P)H dehydrogenase [quinone] 1	SINGLE PROTEIN	Mus musculus	67	False
3382	101041	CHEMBL5615	Serine/threonine-protein kinase MRCK gamma	SINGLE PROTEIN	Homo sapiens	163	False
3383	101044	CHEMBL5043	Endoplasmic reticulum aminopeptidase 2	SINGLE PROTEIN	Homo sapiens	123	False
3384	101045	CHEMBL5044	Serine/threonine-protein kinase Nek5	SINGLE PROTEIN	Homo sapiens	174	False
3385	101048	CHEMBL5047	Serine/threonine-protein kinase ULK3	SINGLE PROTEIN	Homo sapiens	344	False
3386	101049	CHEMBL5048	Neutral cholesterol ester hydrolase 1	SINGLE PROTEIN	Homo sapiens	28	False
3387	101052	CHEMBL5051	Transient receptor potential cation channel subfamily V member 2	SINGLE PROTEIN	Homo sapiens	6	False
3388	101053	CHEMBL5052	Serine/threonine-protein kinase MRCK beta	SINGLE PROTEIN	Homo sapiens	547	False
3389	101054	CHEMBL5080	Endothelial lipase	SINGLE PROTEIN	Homo sapiens	1334	False
3390	101055	CHEMBL5081	Interleukin-1 receptor-associated kinase 3	SINGLE PROTEIN	Homo sapiens	214	False
3391	101056	CHEMBL5082	Serine/threonine-protein kinase 24	SINGLE PROTEIN	Homo sapiens	391	False
3392	101057	CHEMBL5083	Protein mono-ADP-ribosyltransferase PARP3	SINGLE PROTEIN	Homo sapiens	70	False
3393	101058	CHEMBL5084	Casein kinase I isoform gamma-3	SINGLE PROTEIN	Homo sapiens	520	False
3394	101064	CHEMBL5090	Sterol 14alpha-demethylase	SINGLE PROTEIN	Mycobacterium tuberculosis	12	False
3395	101069	CHEMBL5095	Wee1-like protein kinase 2	SINGLE PROTEIN	Homo sapiens	156	False
3396	101070	CHEMBL5096	Cell division protein FtsZ	SINGLE PROTEIN	Staphylococcus aureus	18	False
3397	101071	CHEMBL5114	Quinolone resistance protein NorA	SINGLE PROTEIN	Staphylococcus aureus	192	False
3398	101072	CHEMBL5115	Glutamyl endopeptidase	SINGLE PROTEIN	Staphylococcus aureus	8	False
3399	101073	CHEMBL5116	Uncharacterized serine/threonine-protein kinase SBK3	SINGLE PROTEIN	Homo sapiens	151	False
3400	101075	CHEMBL5118	Replicase polyprotein 1ab	SINGLE PROTEIN	Severe acute respiratory syndrome-related coronavirus	139	False
3401	101076	CHEMBL5119	Zinc finger protein GLI2	SINGLE PROTEIN	Homo sapiens	6	False
3402	101078	CHEMBL5121	Mitogen-activated protein kinase 6	SINGLE PROTEIN	Homo sapiens	281	False
3403	101079	CHEMBL5122	Discoidin domain-containing receptor 2	SINGLE PROTEIN	Homo sapiens	727	True
3404	101083	CHEMBL5126	Trans-sialidase	SINGLE PROTEIN	Trypanosoma cruzi	13	False
3405	101084	CHEMBL5149	Pyruvate kinase	SINGLE PROTEIN	Leishmania mexicana	583	False
3406	101085	CHEMBL5150	Luciferin 4-monooxygenase	SINGLE PROTEIN	Photuris pennsylvanica	41	False
3407	101086	CHEMBL5151	Rod cGMP-specific 3',5'-cyclic phosphodiesterase subunit alpha	SINGLE PROTEIN	Canis lupus familiaris	5	False
3408	101090	CHEMBL5155	B1 bradykinin receptor	SINGLE PROTEIN	Macaca fascicularis	34	False
3409	101091	CHEMBL5156	Neutrophil elastase	SINGLE PROTEIN	Mus musculus	9	False
3410	101093	CHEMBL5158	Sodium channel protein type 10 subunit alpha	SINGLE PROTEIN	Mus musculus	72	False
3411	101095	CHEMBL5160	Transient receptor potential cation channel subfamily A member 1	SINGLE PROTEIN	Rattus norvegicus	355	False
3412	101096	CHEMBL5161	NPC1-like intracellular cholesterol transporter 1	SINGLE PROTEIN	Rattus norvegicus	13	False
3413	101097	CHEMBL5162	Neuropeptide S receptor	SINGLE PROTEIN	Homo sapiens	7530	True
3414	101098	CHEMBL5180	Diacylglycerol lipase-alpha	SINGLE PROTEIN	Mus musculus	27	False
3415	101100	CHEMBL5182	Medium/long-chain-fatty-acid--CoA/3-oxocholest-4-en-26-oate--CoA ligase	SINGLE PROTEIN	Mycobacterium tuberculosis	5	False
3416	101101	CHEMBL5183	P2X purinoceptor 7	SINGLE PROTEIN	Mus musculus	253	False
3417	101102	CHEMBL5184	Phosphatidylserine lipase ABHD16A	SINGLE PROTEIN	Mus musculus	8	False
3418	101103	CHEMBL5185	Glutamate racemase	SINGLE PROTEIN	Helicobacter pylori J99	69	False
3419	101105	CHEMBL5187	Cathepsin B	SINGLE PROTEIN	Mus musculus	10	False
3420	101107	CHEMBL5189	Sialidase	SINGLE PROTEIN	Clostridium perfringens	91	False
3421	101110	CHEMBL5192	Botulinum neurotoxin type A	SINGLE PROTEIN	Clostridium botulinum	314	False
3422	101113	CHEMBL5215	Solute carrier family 2, facilitated glucose transporter member 3	SINGLE PROTEIN	Homo sapiens	197	False
3423	101114	CHEMBL5216	Uridine 5'-monophosphate synthase	SINGLE PROTEIN	Homo sapiens	5	False
3424	101115	CHEMBL5217	Alpha-galactosidase	SINGLE PROTEIN	Coffea arabica	32	False
3425	101117	CHEMBL5219	IMI-1	SINGLE PROTEIN	Enterobacter cloacae	5	False
3426	101119	CHEMBL5221	Nischarin	SINGLE PROTEIN	Rattus norvegicus	98	True
3427	101120	CHEMBL5222	Tyrosine-protein kinase ABL2	SINGLE PROTEIN	Mus musculus	12	False
3428	101121	CHEMBL5223	Farnesyltransferase, putative	SINGLE PROTEIN	Leishmania major	8	False
3429	101124	CHEMBL5226	Urotensin II receptor	SINGLE PROTEIN	Felis catus	9	False
3430	101127	CHEMBL5228	Pteridine reductase, putative	SINGLE PROTEIN	Trypanosoma brucei brucei (strain 927/4 GUTat10.1)	40	False
3431	101128	CHEMBL5229	Dihydrofolate reductase-thymidylate synthase	SINGLE PROTEIN	Trypanosoma brucei brucei (strain 927/4 GUTat10.1)	22	False
3432	101130	CHEMBL5260	Serine/threonine-protein kinase TNNI3K	SINGLE PROTEIN	Homo sapiens	384	False
3433	101131	CHEMBL5261	Serine/threonine-protein kinase TAO1	SINGLE PROTEIN	Homo sapiens	774	False
3434	101132	CHEMBL5262	Glucose-dependent insulinotropic receptor	SINGLE PROTEIN	Rattus norvegicus	100	False
3435	101133	CHEMBL5263	Glucose-dependent insulinotropic receptor	SINGLE PROTEIN	Mus musculus	242	False
3436	101137	CHEMBL5267	Protein ADM2	SINGLE PROTEIN	Homo sapiens	25	False
3437	101139	CHEMBL5269	Solute carrier family 22 member 20	SINGLE PROTEIN	Mus musculus	6	False
3438	101140	CHEMBL5270	Dihydrofolate reductase	SINGLE PROTEIN	Bacillus anthracis	30	False
3439	101142	CHEMBL5296	Genome polyprotein	SINGLE PROTEIN	Human rhinovirus 16	14	False
3440	101143	CHEMBL5297	Protease	SINGLE PROTEIN	Human T-lymphotropic virus 1	18	False
3441	101144	CHEMBL5298	Glutamate racemase	SINGLE PROTEIN	Enterococcus faecalis (strain ATCC 700802 / V583)	24	False
3442	101145	CHEMBL5299	Histamine receptor H3	SINGLE PROTEIN	Macaca mulatta	132	False
3443	101149	CHEMBL5303	PER-2 beta-lactamase	SINGLE PROTEIN	Citrobacter freundii	10	False
3444	101152	CHEMBL5306	Motilin receptor	SINGLE PROTEIN	Oryctolagus cuniculus	95	False
3445	101156	CHEMBL5344	Botulinum neurotoxin type A	SINGLE PROTEIN	Clostridium botulinum (strain Hall / ATCC 3502 / NCTC 13319 / Type A)	19	False
3446	101158	CHEMBL5346	Tyrosinase	SINGLE PROTEIN	Mus musculus	93	False
3447	101159	CHEMBL5347	Glucose-6-phosphate 1-dehydrogenase	SINGLE PROTEIN	Homo sapiens	35	False
3448	101160	CHEMBL5348	Chitinase B	SINGLE PROTEIN	Serratia marcescens	44	False
3449	101162	CHEMBL5350	Bone morphogenetic protein 4	SINGLE PROTEIN	Homo sapiens	20	False
3450	101163	CHEMBL5351	Transcriptional activator protein LuxR	SINGLE PROTEIN	Aliivibrio fischeri	74	False
3451	101165	CHEMBL5353	Acyl-CoA desaturase 1	SINGLE PROTEIN	Mus musculus	294	False
3452	101167	CHEMBL5355	Lanosterol synthase ERG7	SINGLE PROTEIN	Saccharomyces cerevisiae S288c	30	False
3453	101168	CHEMBL5356	Cycloartenol synthase	SINGLE PROTEIN	Arabidopsis thaliana	30	False
3454	101171	CHEMBL5396	Calmodulin-sensitive adenylate cyclase	SINGLE PROTEIN	Bacillus anthracis	33	False
3455	101173	CHEMBL5398	Hepatocyte nuclear factor 4-alpha	SINGLE PROTEIN	Homo sapiens	32	False
3456	101174	CHEMBL5399	Pituitary adenylate cyclase-activating polypeptide type I receptor	SINGLE PROTEIN	Homo sapiens	24	False
3457	101176	CHEMBL5401	Signal transducer and activator of transcription 6	SINGLE PROTEIN	Homo sapiens	187	False
3458	101177	CHEMBL5402	Signal transducer and activator of transcription 3	SINGLE PROTEIN	Mus musculus	87	False
3459	101178	CHEMBL5403	Signal transducer and activator of transcription 5A	SINGLE PROTEIN	Homo sapiens	48	False
3460	101179	CHEMBL5404	Serine/threonine-protein kinase tousled-like 2	SINGLE PROTEIN	Homo sapiens	409	False
3461	101180	CHEMBL5405	Serine/threonine-protein kinase 32C	SINGLE PROTEIN	Homo sapiens	168	False
3462	101181	CHEMBL5406	Histone-arginine methyltransferase CARM1	SINGLE PROTEIN	Homo sapiens	350	False
3463	101182	CHEMBL5426	Myosin light chain kinase family member 4	SINGLE PROTEIN	Homo sapiens	194	False
3464	101183	CHEMBL5427	Homeodomain-interacting protein kinase 1	SINGLE PROTEIN	Homo sapiens	448	False
3465	101186	CHEMBL5430	Mu-opioid receptor	SINGLE PROTEIN	Cavia porcellus	19	False
3466	101187	CHEMBL5431	Histidinol dehydrogenase	SINGLE PROTEIN	Brucella suis biovar 1 (strain 1330)	27	False
3467	101188	CHEMBL5432	Mitogen-activated protein kinase kinase kinase kinase 3	SINGLE PROTEIN	Homo sapiens	295	False
3468	101189	CHEMBL5433	Tryptophan 5-hydroxylase 2	SINGLE PROTEIN	Homo sapiens	124	False
3469	101191	CHEMBL5435	Serine/threonine-protein kinase ULK2	SINGLE PROTEIN	Homo sapiens	362	False
3470	101193	CHEMBL5437	Class A carbapenemase KPC-2	SINGLE PROTEIN	Escherichia coli	30	False
3471	101196	CHEMBL5440	4,4'-diapophytoene synthase	SINGLE PROTEIN	Staphylococcus aureus	46	False
3472	101199	CHEMBL5471	Beta-1 adrenergic receptor	SINGLE PROTEIN	Cavia porcellus	262	False
3473	101202	CHEMBL5474	Galectin-9	SINGLE PROTEIN	Homo sapiens	42	False
3474	101203	CHEMBL5475	Galectin-8	SINGLE PROTEIN	Homo sapiens	22	False
3475	101204	CHEMBL5476	Bone morphogenetic protein receptor type-1B	SINGLE PROTEIN	Homo sapiens	379	False
3476	101207	CHEMBL5479	Hepatocyte growth factor	SINGLE PROTEIN	Homo sapiens	5	True
3477	101208	CHEMBL5480	Perforin-1	SINGLE PROTEIN	Homo sapiens	222	False
3478	101210	CHEMBL5482	Beta-lactamase OXA-10	SINGLE PROTEIN	Pseudomonas aeruginosa	12	False
3479	101211	CHEMBL5483	Insulin receptor-related protein	SINGLE PROTEIN	Homo sapiens	395	False
3480	101213	CHEMBL5485	D-amino-acid oxidase	SINGLE PROTEIN	Homo sapiens	427	False
3481	101216	CHEMBL5514	Huntingtin	SINGLE PROTEIN	Homo sapiens	7858	True
3482	101218	CHEMBL5516	Lysophosphatidylserine lipase ABHD12	SINGLE PROTEIN	Homo sapiens	54	False
3483	101219	CHEMBL5517	Secreted frizzled-related protein 1	SINGLE PROTEIN	Homo sapiens	68	False
3484	101220	CHEMBL5518	Misshapen-like kinase 1	SINGLE PROTEIN	Homo sapiens	821	False
3485	101221	CHEMBL5519	Serine/threonine-protein kinase DCLK2	SINGLE PROTEIN	Homo sapiens	334	False
3486	101222	CHEMBL5520	Casein kinase I isoform alpha-like	SINGLE PROTEIN	Homo sapiens	171	False
3487	101223	CHEMBL5521	Diacylglycerol lipase-beta	SINGLE PROTEIN	Homo sapiens	57	False
3488	101224	CHEMBL5522	Transient receptor potential cation channel subfamily V member 3	SINGLE PROTEIN	Homo sapiens	247	False
3489	101225	CHEMBL5546	Myosin-IIIa	SINGLE PROTEIN	Homo sapiens	155	False
3490	101226	CHEMBL5547	Ankyrin repeat and protein kinase domain-containing protein 1	SINGLE PROTEIN	Homo sapiens	159	False
3491	101227	CHEMBL5548	Prokineticin receptor 2	SINGLE PROTEIN	Homo sapiens	8	False
3492	101228	CHEMBL5549	Tubulin--tyrosine ligase	SINGLE PROTEIN	Homo sapiens	17	False
3493	101229	CHEMBL5550	Atypical kinase COQ8A, mitochondrial	SINGLE PROTEIN	Homo sapiens	179	False
3494	101231	CHEMBL5552	Serine/threonine-protein kinase 25	SINGLE PROTEIN	Homo sapiens	201	False
3495	101232	CHEMBL5553	ATP-dependent RNA helicase DDX3X	SINGLE PROTEIN	Homo sapiens	93	False
3496	101233	CHEMBL5554	Phosphatidylinositol 4-phosphate 3-kinase C2 domain-containing subunit beta	SINGLE PROTEIN	Homo sapiens	412	False
3497	101234	CHEMBL5555	Stearoyl-CoA desaturase	SINGLE PROTEIN	Homo sapiens	703	False
3498	101235	CHEMBL5556	C-X-C chemokine receptor type 4	SINGLE PROTEIN	Rattus norvegicus	47	False
3499	101236	CHEMBL5557	Voltage-gated inwardly rectifying potassium channel KCNH2	SINGLE PROTEIN	Cavia porcellus	16	False
3500	101237	CHEMBL5577	Galanin receptor type 2	SINGLE PROTEIN	Rattus norvegicus	8	False
3501	101238	CHEMBL5578	Cyclin-dependent kinase 2-associated protein 1	SINGLE PROTEIN	Homo sapiens	17	False
3502	101239	CHEMBL5579	Citron Rho-interacting kinase	SINGLE PROTEIN	Homo sapiens	269	False
3503	101240	CHEMBL5580	Ectonucleotide pyrophosphatase/phosphodiesterase family member 3	SINGLE PROTEIN	Homo sapiens	95	True
3504	101242	CHEMBL5582	Hormone-sensitive lipase	SINGLE PROTEIN	Rattus norvegicus	126	False
3505	101243	CHEMBL5583	Potassium voltage-gated channel subfamily A member 4	SINGLE PROTEIN	Rattus norvegicus	5	False
3506	101245	CHEMBL5585	Hepatocyte growth factor receptor	SINGLE PROTEIN	Mus musculus	6	False
3507	101246	CHEMBL5586	Carbonyl reductase [NADPH] 1	SINGLE PROTEIN	Homo sapiens	22	False
3508	101251	CHEMBL4999	Aldo-keto reductase family 1 member C4	SINGLE PROTEIN	Homo sapiens	30	False
3509	101252	CHEMBL5000	Prostaglandin F2-alpha receptor	SINGLE PROTEIN	Mus musculus	17	False
3510	101254	CHEMBL5002	Nuclear receptor subfamily 4 group A member 2	SINGLE PROTEIN	Homo sapiens	98	False
3511	101259	CHEMBL5007	Zinc finger protein GLI1	SINGLE PROTEIN	Mus musculus	262	False
3512	101260	CHEMBL5008	Galectin-7	SINGLE PROTEIN	Homo sapiens	12	False
3513	101262	CHEMBL5010	Monoacylglycerol lipase ABHD6	SINGLE PROTEIN	Mus musculus	121	False
3514	101263	CHEMBL5011	Transient receptor potential cation channel subfamily M member 8	SINGLE PROTEIN	Rattus norvegicus	231	False
3515	101266	CHEMBL5647	Gonadotropin-releasing hormone receptor	SINGLE PROTEIN	Macaca mulatta	12	False
3516	101267	CHEMBL5648	Purine nucleoside phosphorylase	SINGLE PROTEIN	Plasmodium falciparum	29	False
3517	101268	CHEMBL5649	Prokineticin receptor 1	SINGLE PROTEIN	Homo sapiens	305	False
3518	101269	CHEMBL5650	Serine/threonine-protein kinase BRSK1	SINGLE PROTEIN	Homo sapiens	569	False
3519	101270	CHEMBL5651	Serine/threonine-protein kinase 35	SINGLE PROTEIN	Homo sapiens	165	False
3520	101271	CHEMBL5652	Glucose-dependent insulinotropic receptor	SINGLE PROTEIN	Homo sapiens	1592	False
3521	101272	CHEMBL5653	Solute carrier family 22 member 6	SINGLE PROTEIN	Mus musculus	9	False
3522	101273	CHEMBL5654	Myosin-IIIb	SINGLE PROTEIN	Homo sapiens	164	False
3523	101275	CHEMBL5656	Diacylglycerol lipase-beta	SINGLE PROTEIN	Mus musculus	12	False
3524	101276	CHEMBL5657	Histamine H4 receptor	SINGLE PROTEIN	Mus musculus	49	False
3525	101277	CHEMBL5658	Prostaglandin E synthase	SINGLE PROTEIN	Homo sapiens	2030	False
3526	101278	CHEMBL5659	Serine/threonine-protein kinase RIO3	SINGLE PROTEIN	Homo sapiens	159	False
3527	101280	CHEMBL5661	Exportin-1	SINGLE PROTEIN	Homo sapiens	139	False
3528	101281	CHEMBL5683	Serine/threonine-protein kinase DCLK1	SINGLE PROTEIN	Homo sapiens	261	False
3529	101282	CHEMBL5684	Muscle, skeletal receptor tyrosine-protein kinase	SINGLE PROTEIN	Homo sapiens	383	False
3530	101283	CHEMBL5685	Solute carrier family 22 member 1	SINGLE PROTEIN	Homo sapiens	102	False
3531	101284	CHEMBL5686	ATP-dependent 6-phosphofructokinase	SINGLE PROTEIN	Trypanosoma brucei	67	False
3532	101286	CHEMBL5688	Orotidine 5'-phosphate decarboxylase	SINGLE PROTEIN	Methanobacterium thermoautotrophicum	7	False
3533	101287	CHEMBL5689	Tryptophan 5-hydroxylase 1	SINGLE PROTEIN	Homo sapiens	765	False
3534	101292	CHEMBL5694	DNA ligase 1	SINGLE PROTEIN	Homo sapiens	77	False
3535	101293	CHEMBL5695	Intestinal-type alkaline phosphatase	SINGLE PROTEIN	Bos taurus	211	False
3536	101294	CHEMBL5696	Glutathione hydrolase 1 proenzyme	SINGLE PROTEIN	Homo sapiens	8	False
3537	101297	CHEMBL5716	Nuclear receptor subfamily 2 group C member 2	SINGLE PROTEIN	Homo sapiens	40	False
3538	101299	CHEMBL5718	Mitogen-activated protein kinase 8	SINGLE PROTEIN	Rattus norvegicus	16	False
3539	101300	CHEMBL5719	Cyclin-dependent kinase 8	SINGLE PROTEIN	Homo sapiens	790	False
3540	101301	CHEMBL5720	P2Y purinoceptor 1	SINGLE PROTEIN	Meleagris gallopavo	89	False
3541	101302	CHEMBL5721	GMP synthase [glutamine-hydrolyzing]	SINGLE PROTEIN	Homo sapiens	10	True
3542	101303	CHEMBL5722	Ectonucleoside triphosphate diphosphohydrolase 1	SINGLE PROTEIN	Homo sapiens	8	False
3543	101305	CHEMBL5724	Arylamine N-acetyltransferase 2	SINGLE PROTEIN	Mus musculus	34	False
3544	101307	CHEMBL5726	Very long chain fatty acid elongase 6	SINGLE PROTEIN	Mus musculus	8	False
3545	101308	CHEMBL5727	Acyl-CoA (8-3)-desaturase	SINGLE PROTEIN	Rattus norvegicus	20	False
3546	101309	CHEMBL5728	Cyclin-dependent kinase-like 2	SINGLE PROTEIN	Homo sapiens	174	False
3547	101310	CHEMBL5747	CREB-binding protein	SINGLE PROTEIN	Homo sapiens	3182	True
3548	101311	CHEMBL5748	ATP-binding cassette sub-family C member 2	SINGLE PROTEIN	Homo sapiens	174	True
3549	101312	CHEMBL5749	Mitogen-activated protein kinase kinase kinase kinase 1	SINGLE PROTEIN	Homo sapiens	5181	True
3550	101313	CHEMBL5750	Histone acetyltransferase KAT5	SINGLE PROTEIN	Homo sapiens	285	False
3551	101316	CHEMBL5753	Atypical kinase COQ8B, mitochondrial	SINGLE PROTEIN	Homo sapiens	155	False
3552	101317	CHEMBL5754	MAP/microtubule affinity-regulating kinase 4	SINGLE PROTEIN	Homo sapiens	285	False
3553	101319	CHEMBL5756	D-amino-acid oxidase	SINGLE PROTEIN	Rattus norvegicus	38	False
3554	101322	CHEMBL5774	Monoglyceride lipase	SINGLE PROTEIN	Mus musculus	574	False
3555	101324	CHEMBL5776	Mitogen-activated protein kinase kinase kinase 7	SINGLE PROTEIN	Homo sapiens	655	False
3556	101328	CHEMBL5780	Sodium/nucleoside cotransporter 2	SINGLE PROTEIN	Homo sapiens	28	False
3557	101332	CHEMBL5784	NUAK family SNF1-like kinase 1	SINGLE PROTEIN	Homo sapiens	489	False
3558	101333	CHEMBL5785	Interferon-induced, double-stranded RNA-activated protein kinase	SINGLE PROTEIN	Homo sapiens	247	False
3559	101334	CHEMBL5786	Leukotriene A-4 hydrolase	SINGLE PROTEIN	Cavia porcellus	48	False
3560	101337	CHEMBL5807	Myelin-associated glycoprotein	SINGLE PROTEIN	Homo sapiens	12	False
3561	101338	CHEMBL5808	Cyclin-dependent kinase 11B	SINGLE PROTEIN	Homo sapiens	163	False
3562	101340	CHEMBL5810	Ephrin type-A receptor 1	SINGLE PROTEIN	Homo sapiens	392	False
3563	101342	CHEMBL5812	Dynamin-2	SINGLE PROTEIN	Homo sapiens	20	False
3564	101345	CHEMBL5815	C-C chemokine receptor type 9	SINGLE PROTEIN	Homo sapiens	368	False
3565	101347	CHEMBL5817	Signal transducer and activator of transcription 5B	SINGLE PROTEIN	Homo sapiens	50	False
3566	101348	CHEMBL5818	cAMP-dependent protein kinase catalytic subunit PRKX	SINGLE PROTEIN	Homo sapiens	591	False
3567	101349	CHEMBL5819	Serine/threonine-protein kinase Nek4	SINGLE PROTEIN	Homo sapiens	367	False
3568	101351	CHEMBL5847	Aldo-keto reductase family 1 member C2	SINGLE PROTEIN	Homo sapiens	234	False
3569	101352	CHEMBL5848	Oligo-1,6-glucosidase IMA1	SINGLE PROTEIN	Saccharomyces cerevisiae S288c	21	False
3570	101353	CHEMBL5849	Mas-related G-protein coupled receptor member X2	SINGLE PROTEIN	Homo sapiens	38	False
3571	101354	CHEMBL5850	Mas-related G-protein coupled receptor member X1	SINGLE PROTEIN	Homo sapiens	138	False
3572	101355	CHEMBL5851	Baculoviral IAP repeat-containing protein 8	SINGLE PROTEIN	Homo sapiens	6	False
3573	101356	CHEMBL5852	Pyroglutamylated RF-amide peptide receptor	SINGLE PROTEIN	Homo sapiens	82	False
3574	101357	CHEMBL5853	Diacylglycerol O-acyltransferase 2	SINGLE PROTEIN	Homo sapiens	935	False
3575	101358	CHEMBL5854	Adenylate cyclase type 10	SINGLE PROTEIN	Homo sapiens	48	False
3576	101359	CHEMBL5855	Serine/threonine-protein kinase Nek1	SINGLE PROTEIN	Homo sapiens	453	False
3577	101360	CHEMBL5856	Cyclin-dependent kinase 15	SINGLE PROTEIN	Homo sapiens	151	False
3578	101361	CHEMBL5857	Trace amine-associated receptor 1	SINGLE PROTEIN	Homo sapiens	631	False
3579	101365	CHEMBL5888	Mitogen-activated protein kinase kinase kinase 14	SINGLE PROTEIN	Homo sapiens	1289	False
3580	101368	CHEMBL5891	Protein arginine N-methyltransferase 3	SINGLE PROTEIN	Homo sapiens	94	False
3581	101370	CHEMBL5893	Ribonuclease H1	SINGLE PROTEIN	Homo sapiens	9	False
3582	101373	CHEMBL5896	Lysine-specific demethylase 4A	SINGLE PROTEIN	Homo sapiens	234	False
3583	101376	CHEMBL5922	Bifunctional phosphoribosylaminoimidazole carboxylase/phosphoribosylaminoimidazole succinocarboxamide synthetase	SINGLE PROTEIN	Homo sapiens	49	False
3584	101378	CHEMBL5924	Ubiquitin-like modifier-activating enzyme 1	SINGLE PROTEIN	Homo sapiens	123	False
3585	101379	CHEMBL5925	Ectonucleotide pyrophosphatase/phosphodiesterase family member 1	SINGLE PROTEIN	Homo sapiens	403	False
3586	101385	CHEMBL5931	Carbonic anhydrase	SINGLE PROTEIN	Saccharomyces cerevisiae S288c	34	False
3587	101386	CHEMBL5932	LIM domain kinase 2	SINGLE PROTEIN	Homo sapiens	459	False
3588	101387	CHEMBL5933	NAD-dependent protein deacetylase HST2	SINGLE PROTEIN	Saccharomyces cerevisiae S288c	25	False
3589	101388	CHEMBL5934	Neuronal acetylcholine receptor subunit alpha-7	SINGLE PROTEIN	Bos taurus	5	False
3590	101390	CHEMBL5961	Ephrin type-B receptor 2	SINGLE PROTEIN	Mus musculus	5	False
3591	101391	CHEMBL5962	Phospholipid transfer protein	SINGLE PROTEIN	Homo sapiens	15	False
3592	101392	CHEMBL5963	Proteinase-activated receptor 2	SINGLE PROTEIN	Homo sapiens	202	False
3593	101396	CHEMBL5967	Kinesin-like protein KIF2C	SINGLE PROTEIN	Homo sapiens	6	False
3594	101397	CHEMBL5968	Lysophosphatidic acid receptor 4	SINGLE PROTEIN	Homo sapiens	12	False
3595	101398	CHEMBL5969	Phosphatidylinositol 4-phosphate 5-kinase type-1 alpha	SINGLE PROTEIN	Homo sapiens	183	False
3596	101399	CHEMBL5970	Mitogen-activated protein kinase kinase kinase 3	SINGLE PROTEIN	Homo sapiens	196	False
3597	101400	CHEMBL5971	Protein smoothened	SINGLE PROTEIN	Homo sapiens	789	False
3598	101401	CHEMBL5972	Lysophosphatidylserine lipase ABHD12	SINGLE PROTEIN	Mus musculus	33	False
3599	101402	CHEMBL5973	Carbonic anhydrase 15	SINGLE PROTEIN	Mus musculus	81	False
3600	101404	CHEMBL5975	Serine/threonine-protein kinase RIO1	SINGLE PROTEIN	Homo sapiens	164	False
3601	101405	CHEMBL6000	Serine/threonine-protein kinase RIO2	SINGLE PROTEIN	Homo sapiens	235	False
3602	101406	CHEMBL6001	Very long chain fatty acid elongase 1	SINGLE PROTEIN	Homo sapiens	66	False
3603	101407	CHEMBL6002	Cyclin-dependent kinase 19	SINGLE PROTEIN	Homo sapiens	207	False
3604	101408	CHEMBL6003	Testis-specific serine/threonine-protein kinase 1	SINGLE PROTEIN	Homo sapiens	459	False
3605	101410	CHEMBL6005	Serine/threonine-protein kinase 33	SINGLE PROTEIN	Homo sapiens	391	False
3606	101411	CHEMBL6006	Serine/threonine-protein kinase ULK1	SINGLE PROTEIN	Homo sapiens	589	False
3607	101412	CHEMBL6007	Transient receptor potential cation channel subfamily A member 1	SINGLE PROTEIN	Homo sapiens	1732	False
3608	101414	CHEMBL6009	Diacylglycerol O-acyltransferase 1	SINGLE PROTEIN	Homo sapiens	1352	True
3609	101416	CHEMBL6011	Cytochrome c oxidase subunit 1	SINGLE PROTEIN	Ovis aries	27	False
3610	101417	CHEMBL6012	Inhibitor of nuclear factor kappa-B kinase subunit beta	SINGLE PROTEIN	Mus musculus	20	False
3611	101418	CHEMBL6013	Ceramide glucosyltransferase	SINGLE PROTEIN	Mus musculus	21	False
3612	101420	CHEMBL6035	Thioredoxin reductase 1, cytoplasmic	SINGLE PROTEIN	Rattus norvegicus	31	False
3613	101421	CHEMBL6036	N(G),N(G)-dimethylarginine dimethylaminohydrolase 1	SINGLE PROTEIN	Homo sapiens	28	False
3614	101425	CHEMBL6040	Genome polyprotein	SINGLE PROTEIN	Hepatitis C virus genotype 1b (isolate BK) (HCV)	48	False
3615	101427	CHEMBL6042	Hepatocyte growth factor-like protein	SINGLE PROTEIN	Homo sapiens	15	False
3616	101429	CHEMBL6078	Glutamate racemase	SINGLE PROTEIN	Helicobacter pylori (strain ATCC 700392 / 26695) (Campylobacterpylori)	20	False
3617	101430	CHEMBL6079	Proto-oncogene Wnt-3	SINGLE PROTEIN	Homo sapiens	52	False
3618	101431	CHEMBL6080	Protein smoothened	SINGLE PROTEIN	Mus musculus	426	False
3619	101433	CHEMBL6082	Serine/threonine-protein kinase SIK1	SINGLE PROTEIN	Homo sapiens	451	False
3620	101434	CHEMBL6083	Receptor-interacting serine/threonine-protein kinase 4	SINGLE PROTEIN	Homo sapiens	157	False
3621	101435	CHEMBL6084	Acetylcholine-binding protein	SINGLE PROTEIN	Lymnaea stagnalis	114	False
3622	101436	CHEMBL6085	Toll-like receptor 7	SINGLE PROTEIN	Mus musculus	78	False
3623	101437	CHEMBL6086	ATP phosphoribosyltransferase	SINGLE PROTEIN	Mycobacterium tuberculosis	5	False
3624	101439	CHEMBL6088	Cell division control protein 42 homolog	SINGLE PROTEIN	Homo sapiens	20	False
3625	101440	CHEMBL6089	Ubiquitin-conjugating enzyme E2 N	SINGLE PROTEIN	Homo sapiens	188	False
3626	101442	CHEMBL6091	Ribonuclease pancreatic	SINGLE PROTEIN	Bos taurus	6	False
3627	101443	CHEMBL6092	Calmodulin	SINGLE PROTEIN	Bos taurus	8	False
3628	101444	CHEMBL6093	Calmodulin-1	SINGLE PROTEIN	Homo sapiens	13	False
3629	101445	CHEMBL6094	Ras-related C3 botulinum toxin substrate 1	SINGLE PROTEIN	Homo sapiens	71	False
3630	101446	CHEMBL6121	Disintegrin and metalloproteinase domain-containing protein 33	SINGLE PROTEIN	Homo sapiens	12	False
3631	101447	CHEMBL6122	Group XIIA secretory phospholipase A2	SINGLE PROTEIN	Homo sapiens	5	False
3632	101448	CHEMBL6123	Serine/threonine-protein kinase DCLK3	SINGLE PROTEIN	Homo sapiens	178	False
3633	101449	CHEMBL6124	Histidine kinase 4	SINGLE PROTEIN	Arabidopsis thaliana	7	False
3634	101450	CHEMBL6125	Histidine kinase 3	SINGLE PROTEIN	Arabidopsis thaliana	5	False
3635	101451	CHEMBL6126	Transient receptor potential cation channel subfamily V member 4	SINGLE PROTEIN	Mus musculus	11	False
3636	101453	CHEMBL6128	Toll-like receptor 9	SINGLE PROTEIN	Mus musculus	12	False
3637	101454	CHEMBL6129	Diacylglycerol O-acyltransferase 1	SINGLE PROTEIN	Rattus norvegicus	13	False
3638	101456	CHEMBL6131	Beta-lactamase CTX-M	SINGLE PROTEIN	Escherichia coli	5	True
3639	101457	CHEMBL6132	Carbapenem-hydrolyzing beta-lactamase KPC	SINGLE PROTEIN	Klebsiella pneumoniae	6	True
3640	101458	CHEMBL6133	Cytokinin dehydrogenase 2	SINGLE PROTEIN	Arabidopsis thaliana	5	False
3641	101460	CHEMBL6162	Cyclin-dependent kinase 14	SINGLE PROTEIN	Homo sapiens	175	False
3642	101462	CHEMBL6164	Poly [ADP-ribose] polymerase tankyrase-1	SINGLE PROTEIN	Homo sapiens	974	False
3643	101464	CHEMBL6166	Mitogen-activated protein kinase kinase kinase kinase 4	SINGLE PROTEIN	Homo sapiens	1477	False
3644	101465	CHEMBL6167	Serine/threonine-protein kinase LATS1	SINGLE PROTEIN	Homo sapiens	449	False
3645	101466	CHEMBL6168	Phosphatidylserine lipase ABHD16A	SINGLE PROTEIN	Homo sapiens	25	False
3646	101467	CHEMBL6169	Putative uncharacterized protein pk7	SINGLE PROTEIN	Plasmodium falciparum	23	False
3647	101470	CHEMBL6172	D-amino-acid oxidase	SINGLE PROTEIN	Sus scrofa	80	True
3648	101471	CHEMBL6173	Cytochrome c oxidase subunit 1	SINGLE PROTEIN	Homo sapiens	13	False
3649	101472	CHEMBL6174	Cytochrome c oxidase subunit 2	SINGLE PROTEIN	Homo sapiens	96	False
3650	101473	CHEMBL5616	Activin receptor type-2A	SINGLE PROTEIN	Homo sapiens	183	False
3651	101474	CHEMBL5617	Protein Wnt-3a	SINGLE PROTEIN	Mus musculus	34	False
3652	101476	CHEMBL5619	DNA repair nuclease/redox regulator APEX1	SINGLE PROTEIN	Homo sapiens	380	False
3653	101477	CHEMBL5620	Proteasome subunit beta type-8	SINGLE PROTEIN	Homo sapiens	361	False
3654	101481	CHEMBL5624	Cytosol aminopeptidase	SINGLE PROTEIN	Sus scrofa	22	True
3655	101483	CHEMBL5626	SHC-transforming protein 1	SINGLE PROTEIN	Homo sapiens	5	False
3656	101484	CHEMBL5627	Leukocyte tyrosine kinase receptor	SINGLE PROTEIN	Homo sapiens	397	False
3657	101485	CHEMBL5628	Ras-related C3 botulinum toxin substrate 1	SINGLE PROTEIN	Mus musculus	10	False
3658	101486	CHEMBL5629	Steroid C26-monooxygenase	SINGLE PROTEIN	Mycobacterium tuberculosis	6	False
3659	101487	CHEMBL5630	1-deoxy-D-xylulose 5-phosphate reductoisomerase	SINGLE PROTEIN	Mycobacterium tuberculosis	67	False
3660	101488	CHEMBL5631	Beta-carbonic anhydrase 1	SINGLE PROTEIN	Mycobacterium tuberculosis	119	False
3661	101490	CHEMBL5662	Salicyl-AMP ligase / salicyl-S-ArCP synthetase	SINGLE PROTEIN	Mycobacterium tuberculosis	93	False
3662	101493	CHEMBL5665	Disintegrin and metalloproteinase domain-containing protein 8	SINGLE PROTEIN	Homo sapiens	17	False
3663	101494	CHEMBL5666	Disks large homolog 4	SINGLE PROTEIN	Homo sapiens	32	False
3664	101495	CHEMBL5667	Phosphatidylinositol 5-phosphate 4-kinase type-2 beta	SINGLE PROTEIN	Homo sapiens	167	False
3665	101496	CHEMBL5668	SRSF protein kinase 2	SINGLE PROTEIN	Homo sapiens	364	False
3666	101497	CHEMBL5669	Bifunctional epoxide hydrolase 2	SINGLE PROTEIN	Rattus norvegicus	272	True
3667	101499	CHEMBL5671	Protein delta homolog 1	SINGLE PROTEIN	Homo sapiens	65	False
3668	101502	CHEMBL5697	Egl nine homolog 1	SINGLE PROTEIN	Homo sapiens	1577	True
3669	101503	CHEMBL5698	NUAK family SNF1-like kinase 2	SINGLE PROTEIN	Homo sapiens	230	False
3670	101504	CHEMBL5699	Serine/threonine-protein kinase SIK2	SINGLE PROTEIN	Homo sapiens	403	False
3671	101505	CHEMBL5700	Lysophosphatidic acid receptor 5	SINGLE PROTEIN	Homo sapiens	139	False
3672	101506	CHEMBL5701	Serine/threonine-protein kinase TAO3	SINGLE PROTEIN	Homo sapiens	427	False
3673	101508	CHEMBL5703	Tyrosine-protein kinase Srms	SINGLE PROTEIN	Homo sapiens	259	False
3674	101509	CHEMBL5704	Very long chain fatty acid elongase 6	SINGLE PROTEIN	Homo sapiens	104	False
3675	101510	CHEMBL5705	Prolyl hydroxylase EGLN3	SINGLE PROTEIN	Homo sapiens	136	True
3676	101520	CHEMBL5730	Pancreatic alpha-amylase	SINGLE PROTEIN	Sus scrofa	44	False
3677	101521	CHEMBL5731	Complement factor B	SINGLE PROTEIN	Homo sapiens	130	True
3678	101526	CHEMBL5736	Pro-glucagon	SINGLE PROTEIN	Homo sapiens	105	False
3679	101528	CHEMBL5738	Fatty acid-binding protein, liver	SINGLE PROTEIN	Rattus norvegicus	15	False
3680	101532	CHEMBL5742	Translocator protein	SINGLE PROTEIN	Homo sapiens	200	False
3681	101533	CHEMBL5743	Type-1 angiotensin II receptor	SINGLE PROTEIN	Sus scrofa	25	False
3682	101538	CHEMBL5759	Mitogen-activated protein kinase 4	SINGLE PROTEIN	Homo sapiens	150	False
3683	101540	CHEMBL5761	Phospholipase A2, membrane associated	SINGLE PROTEIN	Mus musculus	16	False
3684	101542	CHEMBL5763	Cholinesterase	SINGLE PROTEIN	Equus caballus	3506	True
3685	101544	CHEMBL5765	Peptide deformylase	SINGLE PROTEIN	Mycobacterium tuberculosis	14	False
3686	101545	CHEMBL5766	Long-chain-fatty-acid--AMP ligase FadD28	SINGLE PROTEIN	Mycobacterium tuberculosis	22	False
3687	101546	CHEMBL5767	PROBABLE TRANSMEMBRANE CARBONIC ANHYDRASE (CARBONATE DEHYDRATASE) (CARBONIC DEHYDRATASE)	SINGLE PROTEIN	Mycobacterium tuberculosis	87	False
3688	101547	CHEMBL5768	Induced myeloid leukemia cell differentiation protein Mcl-1 homolog	SINGLE PROTEIN	Mus musculus	81	False
3689	101548	CHEMBL5769	Prolyl endopeptidase FAP	SINGLE PROTEIN	Mus musculus	85	False
3690	101550	CHEMBL5771	ALK tyrosine kinase receptor	SINGLE PROTEIN	Mus musculus	10	False
3691	101551	CHEMBL5772	Polycystin-1	SINGLE PROTEIN	Homo sapiens	11	False
3692	101552	CHEMBL5789	Cyclin-dependent kinase-like 1	SINGLE PROTEIN	Homo sapiens	145	False
3693	101553	CHEMBL5790	Cyclin-dependent kinase 17	SINGLE PROTEIN	Homo sapiens	186	False
3694	101554	CHEMBL5791	Very long chain fatty acid elongase 3	SINGLE PROTEIN	Homo sapiens	9	False
3695	101557	CHEMBL5794	Serine/threonine-protein kinase Sgk2	SINGLE PROTEIN	Homo sapiens	564	False
3696	101561	CHEMBL5798	Beta-lactamase VIM-2	SINGLE PROTEIN	Pseudomonas aeruginosa	42	False
3697	101562	CHEMBL5799	Mu-type opioid receptor	SINGLE PROTEIN	Macaca mulatta	6	False
3698	101563	CHEMBL5800	Falcipain 2	SINGLE PROTEIN	Plasmodium falciparum	242	False
3699	101564	CHEMBL5801	Cysteine protease falcipain-2	SINGLE PROTEIN	Plasmodium falciparum	19	False
3700	101567	CHEMBL5804	Toll-like receptor 9	SINGLE PROTEIN	Homo sapiens	2870	True
3701	101568	CHEMBL5805	Toll-like receptor 8	SINGLE PROTEIN	Homo sapiens	3839	True
3702	101574	CHEMBL5824	Gag polyprotein	SINGLE PROTEIN	Avian erythroblastosis virus (strain ES4)	14	False
3703	101575	CHEMBL5825	Envelope glycoprotein gp70	SINGLE PROTEIN	Mouse mammary tumor virus (strain GR) (MMTV)	11	False
3704	101577	CHEMBL5826	Envelope glycoprotein gp160	SINGLE PROTEIN	Human immunodeficiency virus type 1 group M subtype B (isolateBRU/LAI) (HIV-1)	17	False
3705	101582	CHEMBL5859	RAC-alpha serine/threonine-protein kinase	SINGLE PROTEIN	Mus musculus	17	False
3706	101584	CHEMBL5861	G protein-coupled receptor kinase 4	SINGLE PROTEIN	Homo sapiens	189	False
3707	101585	CHEMBL5862	Glucagon-like peptide 1 receptor	SINGLE PROTEIN	Rattus norvegicus	10	False
3708	101586	CHEMBL5863	4-hydroxyphenylpyruvate dioxygenase	SINGLE PROTEIN	Rattus norvegicus	5	False
3709	101587	CHEMBL5864	Kinesin-1 heavy chain	SINGLE PROTEIN	Homo sapiens	5	False
3710	101588	CHEMBL5865	Transcriptional activator protein TraR	SINGLE PROTEIN	Agrobacterium tumefaciens	39	False
3711	101589	CHEMBL5866	Catenin beta-1	SINGLE PROTEIN	Homo sapiens	122	False
3712	101590	CHEMBL5867	Transcriptional activator protein LuxR	SINGLE PROTEIN	Vibrio fischeri (strain ATCC 700601 / ES114)	36	False
3713	101591	CHEMBL5868	Nuclear receptor ROR-alpha	SINGLE PROTEIN	Homo sapiens	96	False
3714	101592	CHEMBL5869	Heat shock factor protein 1	SINGLE PROTEIN	Homo sapiens	52	False
3715	101593	CHEMBL5870	Centromere-associated protein E	SINGLE PROTEIN	Homo sapiens	30	False
3716	101597	CHEMBL5902	Transcription factor p65	SINGLE PROTEIN	Mus musculus	8	False
3717	101598	CHEMBL5903	Activin receptor type-1	SINGLE PROTEIN	Homo sapiens	1568	False
3718	101600	CHEMBL5905	Aldo-keto reductase family 1 member C1	SINGLE PROTEIN	Homo sapiens	94	False
3719	101601	CHEMBL5906	Lipoprotein lipase	SINGLE PROTEIN	Rattus norvegicus	12	False
3720	101602	CHEMBL5907	Serine/threonine-protein kinase LATS2	SINGLE PROTEIN	Homo sapiens	192	False
3721	101604	CHEMBL5909	Hypoxia-inducible factor 1-alpha inhibitor	SINGLE PROTEIN	Homo sapiens	24	False
3722	101607	CHEMBL5912	Serine/threonine-protein kinase 32B	SINGLE PROTEIN	Homo sapiens	169	False
3723	101608	CHEMBL5936	Toll-like receptor 7	SINGLE PROTEIN	Homo sapiens	5025	True
3724	101610	CHEMBL5938	Serine/threonine-protein kinase PLK2	SINGLE PROTEIN	Homo sapiens	520	False
3725	101611	CHEMBL5939	Endoplasmic reticulum aminopeptidase 1	SINGLE PROTEIN	Homo sapiens	163	False
3726	101612	CHEMBL5940	Serine/threonine-protein kinase MARK1	SINGLE PROTEIN	Homo sapiens	398	False
3727	101613	CHEMBL5941	Serine/threonine-protein kinase 26	SINGLE PROTEIN	Homo sapiens	305	False
3728	101614	CHEMBL5942	Phosphatidylcholine-sterol acyltransferase	SINGLE PROTEIN	Homo sapiens	132	False
3729	101615	CHEMBL5943	Beta-2 adrenergic receptor	SINGLE PROTEIN	Mesocricetus auratus	6	False
3730	101619	CHEMBL5947	Tyrosine aminotransferase	SINGLE PROTEIN	Rattus norvegicus	9	False
3731	101621	CHEMBL5976	Heat shock protein beta-1	SINGLE PROTEIN	Homo sapiens	19	False
3732	101624	CHEMBL5979	Alkaline phosphatase, tissue-nonspecific isozyme	SINGLE PROTEIN	Homo sapiens	501	False
3733	101626	CHEMBL613780	Abutilon theophrasti	ORGANISM	Abutilon theophrasti	197	False
3734	101632	CHEMBL613786	Aeromonas caviae	ORGANISM	Aeromonas caviae	8	False
3735	101636	CHEMBL613790	Allium cepa	ORGANISM	Allium cepa	6	False
3736	101637	CHEMBL613791	Alopecurus myosuroides	ORGANISM	Alopecurus myosuroides	57	False
3737	101640	CHEMBL613794	Alternaria alternata	ORGANISM	Alternaria alternata	118	False
3738	101642	CHEMBL613796	Alternaria mali	ORGANISM	Alternaria mali	9	False
3739	101646	CHEMBL613800	Amaranthus retroflexus	ORGANISM	Amaranthus retroflexus	379	False
3740	101650	CHEMBL613804	Anopheles stephensi	ORGANISM	Anopheles stephensi	7	False
3741	101652	CHEMBL613806	Aphis craccivora	ORGANISM	Aphis craccivora	228	False
3742	101653	CHEMBL613807	Aphis gossypii	ORGANISM	Aphis gossypii	89	False
3743	101658	CHEMBL613812	Ascobolus	ORGANISM	Ascobolus	7	False
3744	101660	CHEMBL613814	Aspergillus parasiticus	ORGANISM	Aspergillus parasiticus	12	False
3745	101662	CHEMBL613900	Athelia rolfsii	ORGANISM	Athelia rolfsii	171	False
3746	101666	CHEMBL613904	Bacillus anthracis	ORGANISM	Bacillus anthracis	122	False
3747	101669	CHEMBL613907	Bacillus spizizenii	ORGANISM	Bacillus spizizenii	59	False
3748	101673	CHEMBL613910	Bemisia tabaci	ORGANISM	Bemisia tabaci	28	False
3749	101674	CHEMBL613323	Benjaminiella poitrasii	ORGANISM	Benjaminiella poitrasii	14	False
3750	101677	CHEMBL613324	Biomphalaria glabrata	ORGANISM	Biomphalaria glabrata	8	False
3751	101681	CHEMBL613326	Bipolaris sorokiniana	ORGANISM	Bipolaris sorokiniana	37	False
3752	101683	CHEMBL613916	Blattella germanica	ORGANISM	Blattella germanica	9	False
3753	101687	CHEMBL613918	Brassica juncea	ORGANISM	Brassica juncea	122	False
3754	101688	CHEMBL613919	Brassica napus	ORGANISM	Brassica napus	257	False
3755	101694	CHEMBL613331	Bursaphelenchus xylophilus	ORGANISM	Bursaphelenchus xylophilus	46	False
3756	101696	CHEMBL613924	Callithrix jacchus	ORGANISM	Callithrix jacchus	14	False
3757	101697	CHEMBL613332	Camelpox virus	ORGANISM	Camelpox virus	25	False
3758	101701	CHEMBL613334	Candida dubliniensis	ORGANISM	Candida dubliniensis	9	True
3759	101717	CHEMBL613340	Ceratobasidium cereale	ORGANISM	Ceratobasidium cereale	26	False
3760	101719	CHEMBL613938	Chenopodium album	ORGANISM	Chenopodium album	163	False
3761	101720	CHEMBL613341	Chlorella salina	ORGANISM	Chlorella salina	6	False
3762	101722	CHEMBL613342	Chlorella vulgaris	ORGANISM	Chlorella vulgaris	24	False
3763	101725	CHEMBL613941	Cicer arietinum	ORGANISM	Cicer arietinum	13	False
3764	101728	CHEMBL613344	Cladosporium cladosporioides	ORGANISM	Cladosporium cladosporioides	5	False
3765	101735	CHEMBL613948	Curvularia lunata	ORGANISM	Curvularia lunata	14	False
3766	101736	CHEMBL613347	Colletotrichum coccodes	ORGANISM	Colletotrichum coccodes	10	False
3767	101737	CHEMBL613949	Colletotrichum fragariae	ORGANISM	Colletotrichum fragariae	5	False
3768	101738	CHEMBL613348	Colletotrichum gloeosporioides	ORGANISM	Colletotrichum gloeosporioides	65	False
3769	101739	CHEMBL613950	Colletotrichum lagenaria	ORGANISM	Colletotrichum lagenaria	48	False
3770	101742	CHEMBL613952	Coptotermes formosanus	ORGANISM	Coptotermes formosanus	45	False
3771	101750	CHEMBL613956	Cucumis sativus	ORGANISM	Cucumis sativus	141	False
3772	101751	CHEMBL613957	Culex pipiens	ORGANISM	Culex pipiens	149	False
3773	101752	CHEMBL613354	Culex pipiens molestus	ORGANISM	Culex pipiens molestus	36	False
3774	101753	CHEMBL613958	Culex quinquefasciatus	ORGANISM	Culex quinquefasciatus	13	False
3775	101762	CHEMBL613963	Danio rerio	ORGANISM	Danio rerio	252	True
3776	101766	CHEMBL613360	dengue virus type 1	ORGANISM	dengue virus type 1	163	False
3777	101767	CHEMBL613966	dengue virus type 2	ORGANISM	dengue virus type 2	988	False
3778	101768	CHEMBL612717	dengue virus type 3	ORGANISM	dengue virus type 3	175	False
3779	101772	CHEMBL612721	Digitaria sanguinalis	ORGANISM	Digitaria sanguinalis	232	False
3780	101774	CHEMBL612723	Drechslera	ORGANISM	Drechslera	9	False
3781	101775	CHEMBL612724	Drosophila	ORGANISM	Drosophila	28	False
3782	101776	CHEMBL612725	Eastern equine encephalitis virus	ORGANISM	Eastern equine encephalitis virus	14	False
3783	101777	CHEMBL612726	Echinochloa frumentacea	ORGANISM	Echinochloa frumentacea	24	False
3784	101779	CHEMBL612728	Ectromelia virus Moscow	ORGANISM	Ectromelia virus Moscow	12	False
3785	101781	CHEMBL612730	Eimeria mitis	ORGANISM	Eimeria mitis	58	False
3786	101787	CHEMBL612736	Erwinia amylovora	ORGANISM	Erwinia amylovora	13	False
3787	101794	CHEMBL612743	Felid alphaherpesvirus 1	ORGANISM	Felid alphaherpesvirus 1	14	False
3788	101803	CHEMBL612752	Fusarium culmorum	ORGANISM	Fusarium culmorum	22	False
3789	101807	CHEMBL613188	Fusarium oxysporum f. sp. vasinfectum	ORGANISM	Fusarium oxysporum f. sp. vasinfectum	18	False
3790	101814	CHEMBL612761	Fusarium fujikuroi	ORGANISM	Fusarium fujikuroi	15	False
3791	101819	CHEMBL613192	Gossypium hirsutum	ORGANISM	Gossypium hirsutum	16	False
3792	101821	CHEMBL612765	H2N2 subtype	ORGANISM	H2N2 subtype	15	False
3793	101822	CHEMBL613193	H3N2 subtype	ORGANISM	H3N2 subtype	18	False
3794	101829	CHEMBL612769	HBV genotype D	ORGANISM	hepatitis B virus genotype D	62	False
3795	101832	CHEMBL612771	Helicoverpa zea	ORGANISM	Helicoverpa zea	12	False
3796	101834	CHEMBL612772	Helminthosporium	ORGANISM	Helminthosporium	26	False
3797	101842	CHEMBL612777	Coxsackievirus A24	ORGANISM	Coxsackievirus A24	5	False
3798	101843	CHEMBL613202	Coxsackievirus B2	ORGANISM	Coxsackievirus B2	62	False
3799	101844	CHEMBL612778	Coxsackievirus B6	ORGANISM	Coxsackievirus B6	33	False
3800	101847	CHEMBL613204	enterovirus D68	ORGANISM	enterovirus D68	200	False
3801	101848	CHEMBL612780	Human gammaherpesvirus 8	ORGANISM	Human gammaherpesvirus 8	9	False
3802	101849	CHEMBL613205	Human papillomavirus type 16	ORGANISM	Human papillomavirus type 16	60	False
3803	101850	CHEMBL612781	Trichoderma koningii	ORGANISM	Trichoderma koningii	6	False
3804	101855	CHEMBL612785	Iva	ORGANISM	Iva	6	False
3805	101858	CHEMBL612787	La Crosse virus	ORGANISM	La Crosse virus	45	False
3806	101860	CHEMBL612788	Lasiodiplodia theobromae	ORGANISM	Lasiodiplodia theobromae	39	False
3807	101865	CHEMBL612790	Leishmania chagasi	ORGANISM	Leishmania chagasi	33	False
3808	101870	CHEMBL612793	Leishmania guyanensis	ORGANISM	Leishmania guyanensis	8	False
3809	101873	CHEMBL613215	Leishmania peruviana	ORGANISM	Leishmania peruviana	8	False
3810	101874	CHEMBL612914	Leishmania pifanoi	ORGANISM	Leishmania pifanoi	37	False
3811	101875	CHEMBL612915	Leishmania tarentolae	ORGANISM	Leishmania tarentolae	20	False
3812	101876	CHEMBL613216	Lemna minor	ORGANISM	Lemna minor	18	False
3813	101877	CHEMBL612916	Lemna aequinoctialis	ORGANISM	Lemna aequinoctialis	15	False
3814	101878	CHEMBL613217	Leptinotarsa decemlineata	ORGANISM	Leptinotarsa decemlineata	40	False
3815	101879	CHEMBL612917	Leptomonas seymouri	ORGANISM	Leptomonas seymouri	9	False
3816	101886	CHEMBL612922	Lymantria dispar	ORGANISM	Lymantria dispar	7	False
3817	101887	CHEMBL613220	Lymnaea	ORGANISM	Lymnaea	5	False
3818	101889	CHEMBL613221	Macrophomina phaseolina	ORGANISM	Macrophomina phaseolina	34	False
3819	101892	CHEMBL612925	Pyricularia oryzae	ORGANISM	Pyricularia oryzae	369	False
3820	101896	CHEMBL612927	Mammalian orthoreovirus 1	ORGANISM	Mammalian orthoreovirus 1	14	False
3821	101903	CHEMBL612934	Medicago sativa	ORGANISM	Medicago sativa	88	False
3822	101906	CHEMBL612937	Micrococcus	ORGANISM	Micrococcus	14	False
3823	101907	CHEMBL612938	Micrococcus flavus	ORGANISM	Micrococcus flavus	31	False
3824	101909	CHEMBL612942	Microcystis aeruginosa	ORGANISM	Microcystis aeruginosa	18	False
3825	101913	CHEMBL612946	Modoc virus	ORGANISM	Modoc virus	17	False
3826	101915	CHEMBL612948	Mucor circinelloides	ORGANISM	Mucor circinelloides	25	False
3827	101918	CHEMBL612951	Mycobacteroides abscessus	ORGANISM	Mycobacteroides abscessus	181	False
3828	101919	CHEMBL612952	Mycolicibacterium aurum	ORGANISM	Mycolicibacterium aurum	56	False
3829	101932	CHEMBL613223	Mycolicibacter terrae	ORGANISM	Mycolicibacter terrae	16	False
3830	101933	CHEMBL612965	Mycobacterium ulcerans	ORGANISM	Mycobacterium ulcerans	24	False
3831	101934	CHEMBL613224	Mycolicibacterium vaccae	ORGANISM	Mycolicibacterium vaccae	98	False
3832	101938	CHEMBL613226	Mycosphaerella arachidis	ORGANISM	Mycosphaerella arachidis	67	False
3833	101941	CHEMBL613227	Mytilus edulis	ORGANISM	Mytilus edulis	5	False
3834	101949	CHEMBL612974	Nilaparvata lugens	ORGANISM	Nilaparvata lugens	160	False
3835	101960	CHEMBL613235	Oncopeltus fasciatus	ORGANISM	Oncopeltus fasciatus	8	False
3836	101965	CHEMBL612984	Oryzias latipes	ORGANISM	Oryzias latipes	17	False
3837	101967	CHEMBL612985	Ostrinia nubilalis	ORGANISM	Ostrinia nubilalis	12	False
3838	101973	CHEMBL613240	Paracentrotus lividus	ORGANISM	Paracentrotus lividus	29	False
3839	101976	CHEMBL612990	Pectobacterium carotovorum	ORGANISM	Pectobacterium carotovorum	25	False
3840	101983	CHEMBL612994	Talaromyces marneffei	ORGANISM	Talaromyces marneffei	9	False
3841	101984	CHEMBL612995	Penicillium ochrochloron	ORGANISM	Penicillium ochrochloron	35	False
3842	101985	CHEMBL613245	Penicillium sp.	ORGANISM	Penicillium sp.	22	False
3843	101986	CHEMBL612996	Penicillium verrucosum	ORGANISM	Penicillium verrucosum	14	False
3844	101990	CHEMBL612998	Phaseolus vulgaris	ORGANISM	Phaseolus vulgaris	14	False
3845	101993	CHEMBL613249	Photobacterium leiognathi	ORGANISM	Photobacterium leiognathi	57	False
3846	101996	CHEMBL613250	Phytophthora cactorum	ORGANISM	Phytophthora cactorum	19	False
3847	102006	CHEMBL613254	Pichia norvegensis	ORGANISM	Pichia norvegensis	5	False
3848	102007	CHEMBL613008	Picornaviridae	ORGANISM	Picornaviridae	7	False
3849	102011	CHEMBL613256	Plasmodium chabaudi	ORGANISM	Plasmodium chabaudi	22	False
3850	102012	CHEMBL613011	Plasmodium knowlesi	ORGANISM	Plasmodium knowlesi	20	False
3851	102013	CHEMBL613257	Plasmodium malariae	ORGANISM	Plasmodium malariae	6	False
3852	102014	CHEMBL613012	Plasmodium vinckei petteri	ORGANISM	Plasmodium vinckei petteri	12	False
3853	102015	CHEMBL613013	Plasmodium vivax	ORGANISM	Plasmodium vivax	35	False
3854	102016	CHEMBL613258	Pleurotus ostreatus	ORGANISM	Pleurotus ostreatus	10	False
3855	102020	CHEMBL613016	Porcine endogenous retrovirus	ORGANISM	Porcine endogenous retrovirus	6	False
3856	102022	CHEMBL613017	Potato virus X	ORGANISM	Potato virus X	6	False
3857	102023	CHEMBL613261	Prevotella intermedia	ORGANISM	Prevotella intermedia	16	False
3858	102038	CHEMBL613267	Psoroptes ovis	ORGANISM	Psoroptes ovis	8	False
3859	102040	CHEMBL613268	Pyrenophora graminea	ORGANISM	Pyrenophora graminea	25	False
3860	102042	CHEMBL613269	Pythium aphanidermatum	ORGANISM	Pythium aphanidermatum	13	False
3861	102047	CHEMBL613271	Raoultella planticola	ORGANISM	Raoultella planticola	14	False
3862	102050	CHEMBL613272	Rhizoctonia solani	ORGANISM	Rhizoctonia solani	348	False
3863	102059	CHEMBL613039	Rhynchosporium secalis	ORGANISM	Rhynchosporium secalis	25	False
3864	102070	CHEMBL613046	Sclerotinia	ORGANISM	Sclerotinia	10	False
3865	102071	CHEMBL613280	Sclerotinia sclerotiorum	ORGANISM	Sclerotinia sclerotiorum	160	False
3866	102072	CHEMBL613047	Selenastrum capricornutum	ORGANISM	Selenastrum capricornutum	8	False
3867	102073	CHEMBL613281	Respirovirus muris	ORGANISM	Respirovirus muris	9	False
3868	102076	CHEMBL613049	Setaria faberi	ORGANISM	Setaria faberi	78	False
3869	102079	CHEMBL613051	Simian virus 40	ORGANISM	Betapolyomavirus macacae	20	False
3870	102080	CHEMBL613316	Simplexvirus	ORGANISM	Simplexvirus	5	False
3871	102082	CHEMBL613317	Solanum lycopersicum	ORGANISM	Solanum lycopersicum	17	False
3872	102084	CHEMBL613054	Sordaria fimicola	ORGANISM	Sordaria fimicola	10	False
3873	102086	CHEMBL613055	Sorghum bicolor	ORGANISM	Sorghum bicolor	57	False
3874	102092	CHEMBL613321	Spodoptera exigua	ORGANISM	Spodoptera exigua	164	False
3875	102093	CHEMBL613146	Spodoptera litura	ORGANISM	Spodoptera litura	261	False
3876	102094	CHEMBL613322	Sporobolomyces salmonicolor	ORGANISM	Sporobolomyces salmonicolor	7	False
3877	102099	CHEMBL613303	Staphylococcus lugdunensis	ORGANISM	Staphylococcus lugdunensis	12	False
3878	102100	CHEMBL613150	Mammaliicoccus sciuri	ORGANISM	Mammaliicoccus sciuri	9	False
3879	102101	CHEMBL613151	Streptococcus constellatus	ORGANISM	Streptococcus constellatus	9	False
3880	102102	CHEMBL613304	Streptococcus equinus	ORGANISM	Streptococcus equinus	5	False
3881	102104	CHEMBL613305	Streptococcus oralis	ORGANISM	Streptococcus oralis	11	False
3882	102109	CHEMBL613155	Strongylocentrotus intermedius	ORGANISM	Strongylocentrotus intermedius	5	False
3883	102117	CHEMBL613311	Transmissible gastroenteritis virus	ORGANISM	Transmissible gastroenteritis virus	35	False
3884	102118	CHEMBL613160	Tribolium castaneum	ORGANISM	Tribolium castaneum	21	False
3885	102119	CHEMBL613312	Trichoderma hamatum	ORGANISM	Trichoderma hamatum	6	False
3886	102121	CHEMBL613162	Trichophyton mentagrophytes	ORGANISM	Trichophyton mentagrophytes	151	False
3887	102124	CHEMBL613164	Trichosporon asahii	ORGANISM	Trichosporon asahii	18	False
3888	102129	CHEMBL613165	Herpesviridae sp.	ORGANISM	Herpesviridae sp.	64	False
3889	102133	CHEMBL613169	Valsa mali	ORGANISM	Valsa mali	7	False
3890	102134	CHEMBL613170	Venturia inaequalis	ORGANISM	Venturia inaequalis	9	False
3891	102138	CHEMBL613174	Vibrio harveyi	ORGANISM	Vibrio harveyi	37	False
3892	102139	CHEMBL613175	Vibrio sp.	ORGANISM	Vibrio sp.	5	False
3893	102144	CHEMBL613183	Xanthium strumarium	ORGANISM	Xanthium strumarium	30	False
3894	102146	CHEMBL613185	Yersinia pseudotuberculosis	ORGANISM	Yersinia pseudotuberculosis	9	False
3895	102147	CHEMBL613186	Streptococcus sp. 'group B'	ORGANISM	Streptococcus sp. 'group B'	11	False
3896	102149	CHEMBL613690	Hepatocyte	CELL-LINE	Homo sapiens	152	False
3897	102151	CHEMBL613362	Hepatocyte	CELL-LINE	Rattus norvegicus	425	False
3898	102164	CHEMBL613373	Liver microsomes	SUBCELLULAR	Homo sapiens	1856	False
3899	102178	CHEMBL613694	Liver microsomes	SUBCELLULAR	Rattus norvegicus	1083	False
3900	102190	CHEMBL613396	Hypothalamus	TISSUE	Rana esculenta	19	False
3901	102191	CHEMBL613397	Blood	TISSUE	Saimiri sciureus	5	False
3902	102198	CHEMBL613403	Plasma	TISSUE	Macaca fascicularis	55	False
3903	102204	CHEMBL613408	Blood	TISSUE	Macaca mulatta	9	False
3904	102207	CHEMBL613411	Plasma	TISSUE	Macaca mulatta	58	False
3905	102208	CHEMBL613412	Serum	TISSUE	Macaca mulatta	12	False
3906	102213	CHEMBL613416	Blood	TISSUE	Homo sapiens	1359	False
3907	102214	CHEMBL613417	Brain	TISSUE	Homo sapiens	7	False
3908	102216	CHEMBL613419	Liver	TISSUE	Homo sapiens	592	False
3909	102222	CHEMBL613424	Plasma	TISSUE	Homo sapiens	1490	True
3910	102224	CHEMBL613426	Serum	TISSUE	Homo sapiens	286	False
3911	102229	CHEMBL613430	Liver	TISSUE	Canis lupus familiaris	60	False
3912	102230	CHEMBL613431	Plasma	TISSUE	Canis lupus familiaris	223	False
3913	102231	CHEMBL613432	Serum	TISSUE	Canis lupus familiaris	21	False
3914	102233	CHEMBL613433	Artery	TISSUE	Sus scrofa	6	False
3915	102235	CHEMBL613700	Plasma	TISSUE	Sus scrofa	33	False
3916	102240	CHEMBL613438	Cartilage	TISSUE	Bos taurus	7	False
3917	102242	CHEMBL613440	Serum	TISSUE	Bos taurus	12	False
3918	102248	CHEMBL613444	Blood	TISSUE	Oryctolagus cuniculus	20	False
3919	102253	CHEMBL613448	Gastric gland	TISSUE	Oryctolagus cuniculus	97	False
3920	102254	CHEMBL613689	Heart	TISSUE	Oryctolagus cuniculus	5	False
3921	102256	CHEMBL613450	Plasma	TISSUE	Oryctolagus cuniculus	86	False
3922	102261	CHEMBL613561	Blood	TISSUE	Mus musculus	100	False
3923	102264	CHEMBL613564	Brain	TISSUE	Mus musculus	488	False
3924	102266	CHEMBL613566	Cerebellum	TISSUE	Mus musculus	6	False
3925	102273	CHEMBL613573	Heart	TISSUE	Mus musculus	9	False
3926	102274	CHEMBL613574	Hippocampus	TISSUE	Mus musculus	5	False
3927	102279	CHEMBL613579	Kidney	TISSUE	Mus musculus	15	True
3928	102280	CHEMBL613580	Liver	TISSUE	Mus musculus	1031	False
3929	102281	CHEMBL613581	Lung	TISSUE	Mus musculus	18	False
3930	102283	CHEMBL613583	Muscle	TISSUE	Mus musculus	6	False
3931	102287	CHEMBL613587	Pancreas	TISSUE	Mus musculus	5	False
3932	102289	CHEMBL613589	Plasma	TISSUE	Mus musculus	937	False
3933	102290	CHEMBL613590	Serum	TISSUE	Mus musculus	46	False
3934	102291	CHEMBL613591	Skin	TISSUE	Mus musculus	9	False
3935	102292	CHEMBL613592	Spleen	TISSUE	Mus musculus	14	False
3936	102306	CHEMBL613606	Aorta	TISSUE	Rattus norvegicus	645	False
3937	102308	CHEMBL613608	Aortic ring	TISSUE	Rattus norvegicus	7	False
3938	102312	CHEMBL613612	Atrium	TISSUE	Rattus norvegicus	14	False
3939	102315	CHEMBL613615	Blood	TISSUE	Rattus norvegicus	263	False
3940	102317	CHEMBL613617	Brain	TISSUE	Rattus norvegicus	677	False
3941	102319	CHEMBL613619	Cerebellum	TISSUE	Rattus norvegicus	8	False
3942	102321	CHEMBL613621	Cerebrospinal fluid	TISSUE	Rattus norvegicus	117	False
3943	102322	CHEMBL613622	Cerebrum	TISSUE	Rattus norvegicus	6	False
3944	102324	CHEMBL613624	Cortex	TISSUE	Rattus norvegicus	27	False
3945	102329	CHEMBL613629	Heart	TISSUE	Rattus norvegicus	51	False
3946	102331	CHEMBL613631	Hippocampus	TISSUE	Rattus norvegicus	51	False
3947	102333	CHEMBL613633	Ileum	TISSUE	Rattus norvegicus	12	False
3948	102338	CHEMBL613638	Kidney	TISSUE	Rattus norvegicus	27	True
3949	102342	CHEMBL613642	Liver	TISSUE	Rattus norvegicus	501	False
3950	102343	CHEMBL613643	Lung	TISSUE	Rattus norvegicus	16	False
3951	102352	CHEMBL613652	Plasma	TISSUE	Rattus norvegicus	1848	False
3952	102358	CHEMBL613658	Serum	TISSUE	Rattus norvegicus	159	False
3953	102362	CHEMBL613662	Spleen	TISSUE	Rattus norvegicus	6	False
3954	102363	CHEMBL613663	Striatum	TISSUE	Rattus norvegicus	16	False
3955	102366	CHEMBL613666	Thoracic	TISSUE	Rattus norvegicus	5	False
3956	102372	CHEMBL613672	Aorta	TISSUE	Cavia porcellus	15	False
3957	102378	CHEMBL613678	Heart	TISSUE	Cavia porcellus	23	False
3958	102380	CHEMBL613680	Ileum	TISSUE	Cavia porcellus	222	False
3959	102381	CHEMBL613681	Liver	TISSUE	Cavia porcellus	5	False
3960	102386	CHEMBL6016	D-alanyl-D-alanine carboxypeptidase	SINGLE PROTEIN	Actinomadura sp. R39	5	False
3961	102389	CHEMBL6021	Secreted aspartic protease 2	SINGLE PROTEIN	Candida albicans	29	False
3962	102391	CHEMBL6014	Testis-specific serine/threonine-protein kinase 2	SINGLE PROTEIN	Homo sapiens	239	False
3963	102393	CHEMBL6052	Transforming protein RhoA	SINGLE PROTEIN	Homo sapiens	61	False
3964	102394	CHEMBL6020	Bile salt export pump	SINGLE PROTEIN	Homo sapiens	194	False
3965	102399	CHEMBL6054	PAS domain-containing serine/threonine-protein kinase	SINGLE PROTEIN	Homo sapiens	933	False
3966	102400	CHEMBL6055	Serine/threonine-protein kinase WNK3	SINGLE PROTEIN	Homo sapiens	313	False
3967	102401	CHEMBL6056	Renin	SINGLE PROTEIN	Callithrix jacchus	74	False
3968	102402	CHEMBL6057	Glyoxalase I	SINGLE PROTEIN	Saccharomyces cerevisiae S288c	6	False
3969	102403	CHEMBL6095	DNA (cytosine-5)-methyltransferase 3B	SINGLE PROTEIN	Homo sapiens	56	False
3970	102404	CHEMBL6096	Virulence sensor histidine kinase PhoQ	SINGLE PROTEIN	Salmonella typhimurium (strain LT2 / SGSC1412 / ATCC 700720)	11	False
3971	102406	CHEMBL6098	Carboxypeptidase B	SINGLE PROTEIN	Helicoverpa zea	5	False
3972	102407	CHEMBL6099	Aryl hydrocarbon receptor	SINGLE PROTEIN	Mus musculus	17	False
3973	102408	CHEMBL6100	Autoinducer 2-binding periplasmic protein LuxP	SINGLE PROTEIN	Vibrio harveyi	15	False
3974	102409	CHEMBL6101	Signal transducer and activator of transcription 1-alpha/beta	SINGLE PROTEIN	Homo sapiens	119	False
3975	102412	CHEMBL5643	DnaC helicase	SINGLE PROTEIN	Staphylococcus aureus	6	False
3976	102414	CHEMBL5645	Cysteinyl leukotriene receptor 1	SINGLE PROTEIN	Cavia porcellus	447	False
3977	102415	CHEMBL5646	N-formyl peptide receptor 3	SINGLE PROTEIN	Homo sapiens	400	False
3978	102416	CHEMBL5674	Prostaglandin E2 receptor EP3 subtype	SINGLE PROTEIN	Rattus norvegicus	10	False
3979	102418	CHEMBL5676	Ecdysone receptor	SINGLE PROTEIN	Drosophila melanogaster	8	False
3980	102420	CHEMBL5678	G protein-coupled receptor kinase 5	SINGLE PROTEIN	Homo sapiens	423	False
3981	102421	CHEMBL5679	Serine/threonine-protein kinase Nek3	SINGLE PROTEIN	Homo sapiens	348	False
3982	102422	CHEMBL6017	Histone deacetylase-like amidohydrolase	SINGLE PROTEIN	Alcaligenes sp. (strain DSM 11172) (Bordetella sp. (strain FB188))	29	False
3983	102423	CHEMBL6044	Bcl-2-related protein A1	SINGLE PROTEIN	Homo sapiens	113	False
3984	102424	CHEMBL6015	Neuraminidase	SINGLE PROTEIN	Influenza A virus (A/Memphis/1/1971(H3N2))	91	False
3985	102428	CHEMBL6023	Topoisomerase I	SINGLE PROTEIN	Bos taurus	14	False
3986	102433	CHEMBL6105	BCR/ABL p210 fusion protein	CHIMERIC PROTEIN	Homo sapiens	30	False
3987	102435	CHEMBL6107	Neprilysin	SINGLE PROTEIN	Sus scrofa	9	False
3988	102436	CHEMBL6108	Polyamine oxidase 1	SINGLE PROTEIN	Zea mays	23	False
3989	102438	CHEMBL6135	Neuraminidase	SINGLE PROTEIN	Influenza A virus	429	False
3990	102439	CHEMBL6136	Lysine-specific histone demethylase 1A	SINGLE PROTEIN	Homo sapiens	4335	True
3991	102440	CHEMBL6137	Thymidylate synthase	SINGLE PROTEIN	Escherichia coli	137	False
3992	102441	CHEMBL6138	Lysine-specific demethylase 4D	SINGLE PROTEIN	Homo sapiens	85	False
3993	102443	CHEMBL6140	cAMP and cAMP-inhibited cGMP 3',5'-cyclic phosphodiesterase 10A	SINGLE PROTEIN	Rattus norvegicus	1270	False
3994	102444	CHEMBL6141	Acyl-CoA:cholesterol acyltransferase	SINGLE PROTEIN	Oryctolagus cuniculus	808	True
3995	102445	CHEMBL6142	Protein mono-ADP-ribosyltransferase PARP4	SINGLE PROTEIN	Homo sapiens	18	False
3996	102447	CHEMBL6144	G protein-coupled receptor kinase 6	SINGLE PROTEIN	Homo sapiens	316	False
3997	102448	CHEMBL6145	Inosine-5'-monophosphate dehydrogenase	SINGLE PROTEIN	Cryptosporidium parvum	181	False
3998	102449	CHEMBL6146	Beta-lactamase VIM-4	SINGLE PROTEIN	Pseudomonas aeruginosa	8	False
3999	102451	CHEMBL6148	Eukaryotic translation initiation factor 4E	SINGLE PROTEIN	Mus musculus	22	False
4000	102452	CHEMBL6175	Lysine-specific demethylase 4C	SINGLE PROTEIN	Homo sapiens	1185	False
4001	102454	CHEMBL6177	NAD kinase	SINGLE PROTEIN	Homo sapiens	6	False
4002	102457	CHEMBL6180	Envelope glycoprotein gp160	SINGLE PROTEIN	Human immunodeficiency virus type 1 group M subtype B (isolate YU-2)(HIV-1)	26	False
4003	102459	CHEMBL6182	NADP-dependent malic enzyme, mitochondrial	SINGLE PROTEIN	Homo sapiens	34	False
4004	102461	CHEMBL6184	Transporter	SINGLE PROTEIN	Rattus norvegicus	203	False
4005	102464	CHEMBL6185	Carbonic anhydrase	SINGLE PROTEIN	Candida glabrata CBS 138	85	False
4006	102465	CHEMBL6186	Serine/threonine-protein kinase Sgk3	SINGLE PROTEIN	Homo sapiens	359	False
4007	102466	CHEMBL6187	MecA	SINGLE PROTEIN	Staphylococcus aureus	7	False
4008	102467	CHEMBL6188	Penicillin-binding protein 2x	SINGLE PROTEIN	Streptococcus pneumoniae serotype 4 (strain ATCC BAA-334 / TIGR4)	7	True
4009	102468	CHEMBL5633	Beta-lactamase	SINGLE PROTEIN	Bacillus licheniformis	17	False
4010	102471	CHEMBL5636	Eukaryotic translation initiation factor 4E	SINGLE PROTEIN	Oryctolagus cuniculus	19	False
4011	102473	CHEMBL5638	Serine/threonine-protein kinase Nek11	SINGLE PROTEIN	Homo sapiens	331	False
4012	102474	CHEMBL5639	Serine/threonine-protein kinase WNK2	SINGLE PROTEIN	Homo sapiens	307	False
4013	102475	CHEMBL5642	Activin receptor type-1C	SINGLE PROTEIN	Homo sapiens	12	False
4014	102476	CHEMBL614744	Acanthamoeba castellanii	ORGANISM	Acanthamoeba castellanii	26	False
4015	102481	CHEMBL614749	Bacteroides caccae	ORGANISM	Bacteroides caccae	12	False
4016	102483	CHEMBL614751	Balamuthia mandrillaris	ORGANISM	Balamuthia mandrillaris	5	False
4017	102485	CHEMBL614753	Biomphalaria peregrina	ORGANISM	Biomphalaria peregrina	5	False
4018	102495	CHEMBL615027	Clostridium paraputrificum	ORGANISM	Clostridium paraputrificum	12	False
4019	102502	CHEMBL615034	Corynespora cassiicola	ORGANISM	Corynespora cassiicola	50	False
4020	102503	CHEMBL615035	Cryptococcus bacillisporus	ORGANISM	Cryptococcus gattii	30	False
4021	102519	CHEMBL615051	Lassa virus	ORGANISM	Mammarenavirus lassaense	178	False
4022	102520	CHEMBL615052	Mycobacterium tuberculosis variant bovis BCG	ORGANISM	Mycobacterium tuberculosis variant bovis BCG	919	False
4023	102546	CHEMBL1075040	UDP-3-O-acyl-N-acetylglucosamine deacetylase	SINGLE PROTEIN	Aquifex aeolicus (strain VF5)	8	False
4024	102551	CHEMBL1075043	Guanyl-specific ribonuclease T1	SINGLE PROTEIN	Aspergillus oryzae (strain ATCC 42149 / RIB 40)	6	False
4025	102552	CHEMBL1075044	Enoyl-[acyl-carrier-protein] reductase [NADH] FabI	SINGLE PROTEIN	Bacillus subtilis (strain 168)	14	False
4026	102555	CHEMBL1075045	Dihydropteroate synthase	SINGLE PROTEIN	Bacillus anthracis	19	False
4027	102558	CHEMBL1075048	Protoporphyrinogen oxidase	SINGLE PROTEIN	Bacillus subtilis (strain 168)	25	False
4028	102561	CHEMBL1075060	Arginase-1	SINGLE PROTEIN	Bos taurus	6	False
4029	102564	CHEMBL1075051	Dihydrofolate reductase	SINGLE PROTEIN	Bos taurus	185	False
4030	102576	CHEMBL1075058	Chemoattractant receptor-homologous molecule expressed on Th2 cells	SINGLE PROTEIN	Cavia porcellus	15	False
4031	102580	CHEMBL1075061	Muscarinic receptor 2	SINGLE PROTEIN	Cavia porcellus	20	False
4032	102582	CHEMBL1075062	Thymidine kinase	SINGLE PROTEIN	Macacine herpesvirus 1	10	False
4033	102588	CHEMBL1075067	Endothiapepsin	SINGLE PROTEIN	Cryphonectria parasitica	10	False
4034	102590	CHEMBL1075069	RmtA	SINGLE PROTEIN	Emericella nidulans	8	False
4035	102597	CHEMBL1075074	ATP synthase subunit a	SINGLE PROTEIN	Escherichia coli K-12	5	False
4036	102599	CHEMBL5956	Beta-lactamase SHV-1	SINGLE PROTEIN	Escherichia coli	39	False
4037	102603	CHEMBL1075078	Farnesyl diphosphate synthase	SINGLE PROTEIN	Escherichia coli K-12	5	False
4038	102604	CHEMBL1075079	Cystathionine beta-lyase MetC	SINGLE PROTEIN	Escherichia coli K-12	13	False
4039	102617	CHEMBL1075089	Shikimate kinase	SINGLE PROTEIN	Helicobacter pylori (strain ATCC 700392 / 26695) (Campylobacterpylori)	9	False
4040	102619	CHEMBL1075090	Nicotinic acetylcholine receptor alpha1 subunit	SINGLE PROTEIN	Heliothis virescens	5	False
4041	102620	CHEMBL1075091	Core antigen	SINGLE PROTEIN	Hepatitis B virus	281	True
4042	102621	CHEMBL5957	5'-nucleotidase	SINGLE PROTEIN	Homo sapiens	935	False
4043	102631	CHEMBL5983	Aldo-keto reductase family 1 member B10	SINGLE PROTEIN	Homo sapiens	106	False
4044	102635	CHEMBL5987	ADP-ribosylation factor 6	SINGLE PROTEIN	Homo sapiens	30	False
4045	102638	CHEMBL5989	Baculoviral IAP repeat-containing protein 5	SINGLE PROTEIN	Homo sapiens	34	False
4046	102639	CHEMBL5990	Breast cancer type 1 susceptibility protein	SINGLE PROTEIN	Homo sapiens	76	False
4047	102645	CHEMBL5992	Sterol 26-hydroxylase, mitochondrial	SINGLE PROTEIN	Homo sapiens	5	False
4048	102646	CHEMBL5993	25-hydroxyvitamin D-1 alpha hydroxylase, mitochondrial	SINGLE PROTEIN	Homo sapiens	8	False
4049	102648	CHEMBL5994	C-X-C chemokine receptor type 6	SINGLE PROTEIN	Homo sapiens	50	False
4050	102650	CHEMBL5996	4-hydroxy-2-oxoglutarate aldolase, mitochondrial	SINGLE PROTEIN	Homo sapiens	20	False
4051	102658	CHEMBL5999	3-keto-steroid reductase/17-beta-hydroxysteroid dehydrogenase 7	SINGLE PROTEIN	Homo sapiens	55	False
4052	102660	CHEMBL6024	Dickkopf-related protein 1	SINGLE PROTEIN	Homo sapiens	6	False
4053	102663	CHEMBL6025	DNA polymerase theta	SINGLE PROTEIN	Homo sapiens	486	False
4054	102664	CHEMBL6026	Dual specificity protein phosphatase 1	SINGLE PROTEIN	Homo sapiens	25	False
4055	102667	CHEMBL6029	Eukaryotic translation initiation factor 2-alpha kinase 1	SINGLE PROTEIN	Homo sapiens	215	False
4056	102669	CHEMBL6030	Eukaryotic translation initiation factor 2-alpha kinase 3	SINGLE PROTEIN	Homo sapiens	225	False
4057	102671	CHEMBL6031	Histone-lysine N-methyltransferase EHMT1	SINGLE PROTEIN	Homo sapiens	177	False
4058	102672	CHEMBL6032	Histone-lysine N-methyltransferase EHMT2	SINGLE PROTEIN	Homo sapiens	638	False
4059	102673	CHEMBL6033	Glycerophosphocholine cholinephosphodiesterase ENPP6	SINGLE PROTEIN	Homo sapiens	13	False
4060	102674	CHEMBL6058	Ectonucleotide pyrophosphatase/phosphodiesterase family member 7	SINGLE PROTEIN	Homo sapiens	13	False
4061	102676	CHEMBL5836	Ephrin type-B receptor 6	SINGLE PROTEIN	Homo sapiens	199	False
4062	102678	CHEMBL5838	Receptor tyrosine-protein kinase erbB-3	SINGLE PROTEIN	Homo sapiens	202	False
4063	102680	CHEMBL5840	Acyl-CoA (8-3)-desaturase	SINGLE PROTEIN	Homo sapiens	45	False
4064	102688	CHEMBL5845	Glycine receptor subunit alpha-1	SINGLE PROTEIN	Homo sapiens	82	False
4065	102689	CHEMBL5871	Glycine receptor subunit alpha-2	SINGLE PROTEIN	Homo sapiens	9	False
4066	102690	CHEMBL5872	G-protein coupled estrogen receptor 1	SINGLE PROTEIN	Homo sapiens	107	False
4067	102691	CHEMBL5873	Solute carrier family 2, facilitated glucose transporter member 2	SINGLE PROTEIN	Homo sapiens	149	False
4068	102692	CHEMBL5874	Solute carrier family 2, facilitated glucose transporter member 4	SINGLE PROTEIN	Homo sapiens	126	False
4069	102694	CHEMBL5876	Histone H4	SINGLE PROTEIN	Homo sapiens	61	False
4070	102695	CHEMBL5877	Beta-hexosaminidase subunit beta	SINGLE PROTEIN	Homo sapiens	20	False
4071	102696	CHEMBL5878	Adenosine 5'-monophosphoramidase HINT1	SINGLE PROTEIN	Homo sapiens	23	False
4072	102698	CHEMBL5879	Hematopoietic prostaglandin D synthase	SINGLE PROTEIN	Homo sapiens	343	False
4073	102699	CHEMBL5880	Interleukin-2	SINGLE PROTEIN	Homo sapiens	353	False
4074	102711	CHEMBL5914	Mitogen-activated protein kinase kinase kinase 2	SINGLE PROTEIN	Homo sapiens	207	False
4075	102718	CHEMBL5916	Membrane-bound transcription factor site-1 protease	SINGLE PROTEIN	Homo sapiens	19	False
4076	102719	CHEMBL5917	Malate dehydrogenase, mitochondrial	SINGLE PROTEIN	Homo sapiens	58	False
4077	102723	CHEMBL5918	ATP-binding cassette sub-family C member 3	SINGLE PROTEIN	Homo sapiens	6	False
4078	102728	CHEMBL5921	Protein O-GlcNAcase	SINGLE PROTEIN	Homo sapiens	804	False
4079	102733	CHEMBL5951	Neuropeptide FF receptor 1	SINGLE PROTEIN	Homo sapiens	157	False
4080	102734	CHEMBL5952	Neuropeptide FF receptor 2	SINGLE PROTEIN	Homo sapiens	135	False
4081	102739	CHEMBL5953	RAS guanyl-releasing protein 1	SINGLE PROTEIN	Homo sapiens	11	False
4082	102741	CHEMBL5955	UDP-N-acetylglucosamine--peptide N-acetylglucosaminyltransferase 110 kDa subunit	SINGLE PROTEIN	Homo sapiens	45	False
4083	102744	CHEMBL6111	Protein-arginine deiminase type-4	SINGLE PROTEIN	Homo sapiens	1342	False
4084	102746	CHEMBL6112	Protocadherin-15	SINGLE PROTEIN	Homo sapiens	9	False
4085	102747	CHEMBL6113	Phosphoethanolamine/phosphocholine phosphatase	SINGLE PROTEIN	Homo sapiens	57	False
4086	102748	CHEMBL6114	Phospholipase A-2-activating protein	SINGLE PROTEIN	Homo sapiens	18	False
4087	102753	CHEMBL6115	Lysosomal protective protein	SINGLE PROTEIN	Homo sapiens	745	False
4088	102757	CHEMBL6117	Tyrosine-protein phosphatase non-receptor type 9	SINGLE PROTEIN	Homo sapiens	15	False
4089	102766	CHEMBL6119	Small ribosomal subunit protein uS2	SINGLE PROTEIN	Homo sapiens	14	False
4090	102767	CHEMBL6120	Solute carrier family 22 member 12	SINGLE PROTEIN	Homo sapiens	869	True
4091	102770	CHEMBL6149	Serine/threonine-protein kinase SIK3	SINGLE PROTEIN	Homo sapiens	308	False
4092	102774	CHEMBL6150	Serine/threonine-protein kinase 32A	SINGLE PROTEIN	Homo sapiens	158	False
4093	102780	CHEMBL6152	Alpha-synuclein	SINGLE PROTEIN	Homo sapiens	664	False
4094	102782	CHEMBL6153	Threonine aspartase 1	SINGLE PROTEIN	Homo sapiens	7	False
4095	102783	CHEMBL6154	Poly [ADP-ribose] polymerase tankyrase-2	SINGLE PROTEIN	Homo sapiens	825	False
4096	102791	CHEMBL6158	Ubiquitin carboxyl-terminal hydrolase 5	SINGLE PROTEIN	Homo sapiens	12	False
4097	102792	CHEMBL6159	Ubiquitin carboxyl-terminal hydrolase isozyme L1	SINGLE PROTEIN	Homo sapiens	129	False
4098	102793	CHEMBL6195	Ubiquitin carboxyl-terminal hydrolase isozyme L3	SINGLE PROTEIN	Homo sapiens	9	False
4099	102799	CHEMBL6191	Mitogen-activated protein kinase kinase kinase 19	SINGLE PROTEIN	Homo sapiens	208	False
4100	102802	CHEMBL1075261	Legumain-like protease	SINGLE PROTEIN	Ixodes ricinus	40	False
4101	102804	CHEMBL6193	DNA topoisomerase I	SINGLE PROTEIN	Leishmania donovani donovani	6	False
4102	102805	CHEMBL6194	Pteridine reductase 1	SINGLE PROTEIN	Leishmania major	89	False
4103	102807	CHEMBL1075263	C-C chemokine receptor type 5	SINGLE PROTEIN	Macaca fascicularis	18	False
4104	102808	CHEMBL6197	Transporter	SINGLE PROTEIN	Macaca mulatta	35	False
4105	102815	CHEMBL1075269	Adenosine receptor A3	SINGLE PROTEIN	Mus musculus	159	False
4106	102819	CHEMBL1075272	Methionine aminopeptidase 2	SINGLE PROTEIN	Mus musculus	22	False
4107	102826	CHEMBL1075277	Cathepsin K	SINGLE PROTEIN	Mus musculus	8	False
4108	102829	CHEMBL1075279	B-cell receptor CD22	SINGLE PROTEIN	Mus musculus	7	False
4109	102830	CHEMBL1075280	Dual specificity protein kinase CLK1	SINGLE PROTEIN	Mus musculus	240	False
4110	102831	CHEMBL1075281	Dual specificity protein kinase CLK2	SINGLE PROTEIN	Mus musculus	116	False
4111	102832	CHEMBL1075282	Dual specificity protein kinase CLK3	SINGLE PROTEIN	Mus musculus	84	False
4112	102833	CHEMBL1075283	Dual specificity protein kinase CLK4	SINGLE PROTEIN	Mus musculus	130	False
4113	102835	CHEMBL1075284	Diacylglycerol O-acyltransferase 1	SINGLE PROTEIN	Mus musculus	270	False
4114	102840	CHEMBL1075289	Protein-tyrosine kinase 2-beta	SINGLE PROTEIN	Mus musculus	19	False
4115	102842	CHEMBL1075291	Probable G-protein coupled receptor 34	SINGLE PROTEIN	Mus musculus	79	False
4116	102844	CHEMBL1075293	Epoxide hydrolase 1	SINGLE PROTEIN	Mus musculus	139	False
4117	102845	CHEMBL1075294	Indoleamine 2,3-dioxygenase 1	SINGLE PROTEIN	Mus musculus	119	False
4118	102846	CHEMBL1075295	Protein kinase C theta type	SINGLE PROTEIN	Mus musculus	5	False
4119	102849	CHEMBL1075298	P2Y purinoceptor 2	SINGLE PROTEIN	Mus musculus	11	False
4120	102853	CHEMBL1075301	Small ribosomal subunit protein uS2	SINGLE PROTEIN	Mus musculus	7	False
4121	102854	CHEMBL1075302	Sodium/glucose cotransporter 2	SINGLE PROTEIN	Mus musculus	29	False
4122	102855	CHEMBL1075303	Sodium- and chloride-dependent glycine transporter 1	SINGLE PROTEIN	Mus musculus	7	False
4123	102858	CHEMBL1075305	Sphingosine kinase 2	SINGLE PROTEIN	Mus musculus	75	False
4124	102860	CHEMBL1075307	Tryptophan 2,3-dioxygenase	SINGLE PROTEIN	Mus musculus	24	False
4125	102864	CHEMBL1075310	Transient receptor potential cation channel subfamily A member 1	SINGLE PROTEIN	Mus musculus	28	False
4126	102865	CHEMBL1075311	Urokinase-type plasminogen activator	SINGLE PROTEIN	Mus musculus	10	False
4127	102867	CHEMBL6059	DNA gyrase subunit B	SINGLE PROTEIN	Mycobacterium smegmatis (strain ATCC 700084 / mc(2)155)	15	False
4128	102873	CHEMBL6065	Dihydrofolate reductase	SINGLE PROTEIN	Mycobacterium tuberculosis	22	False
4129	102875	CHEMBL6067	1D-myo-inositol 2-acetamido-2-deoxy-alpha-D-glucopyranoside deacetylase	SINGLE PROTEIN	Mycobacterium tuberculosis	6	False
4130	102876	CHEMBL6068	Carbonic anhydrase 2	SINGLE PROTEIN	Mycobacterium tuberculosis	41	False
4131	102878	CHEMBL6069	Pantothenate synthetase	SINGLE PROTEIN	Mycobacterium tuberculosis	112	False
4132	102879	CHEMBL6070	Serine/threonine-protein kinase PknG	SINGLE PROTEIN	Mycobacterium tuberculosis	7	False
4133	102882	CHEMBL1075198	C-X-C chemokine receptor type 2	SINGLE PROTEIN	Oryctolagus cuniculus	6	False
4134	102888	CHEMBL1075203	Probable flavin-dependent thymidylate synthase	SINGLE PROTEIN	Paramecium bursaria Chlorella virus 1	5	False
4135	102890	CHEMBL6071	Lactate dehydrogenase	SINGLE PROTEIN	Plasmodium falciparum	7	False
4136	102896	CHEMBL6076	Adenosylhomocysteinase	SINGLE PROTEIN	Plasmodium falciparum 3D7	6	False
4137	102899	CHEMBL1075204	Lanosterol synthase	SINGLE PROTEIN	Pneumocystis carinii	5	False
4138	102901	CHEMBL1075205	HTH-type transcriptional regulator ExsA	SINGLE PROTEIN	Pseudomonas aeruginosa (strain ATCC 15692 / PAO1 / 1C / PRS 101 / LMG12228)	13	False
4139	102903	CHEMBL1075207	Transcriptional activator protein LasR	SINGLE PROTEIN	Pseudomonas aeruginosa (strain ATCC 15692 / PAO1 / 1C / PRS 101 / LMG12228)	100	False
4140	102905	CHEMBL1075209	Heme oxygenase	SINGLE PROTEIN	Pseudomonas aeruginosa	28	False
4141	102906	CHEMBL1075210	Metallo-beta-lactamase type 2	SINGLE PROTEIN	Pseudomonas aeruginosa	8	False
4142	102907	CHEMBL1075211	UDP-N-acetylmuramoyl-tripeptide--D-alanyl-D-alanine ligase	SINGLE PROTEIN	Pseudomonas aeruginosa	6	False
4143	102909	CHEMBL1075213	PhzR	SINGLE PROTEIN	Pseudomonas aeruginosa	27	False
4144	102910	CHEMBL1075214	5'-nucleotidase	SINGLE PROTEIN	Rattus norvegicus	114	False
4145	102913	CHEMBL1075217	Cathepsin S	SINGLE PROTEIN	Rattus norvegicus	9	False
4146	102916	CHEMBL1075220	Dehydrogenase/reductase SDR family member 9	SINGLE PROTEIN	Rattus norvegicus	14	False
4147	102921	CHEMBL1075223	G-protein coupled bile acid receptor 1	SINGLE PROTEIN	Rattus norvegicus	5	False
4148	102924	CHEMBL1075225	Tyrosine-protein kinase JAK2	SINGLE PROTEIN	Rattus norvegicus	9	False
4149	102927	CHEMBL1075228	Melanin-concentrating hormone receptor 1	SINGLE PROTEIN	Rattus norvegicus	303	False
4150	102932	CHEMBL1075230	Nitric oxide synthase 3	SINGLE PROTEIN	Rattus norvegicus	17	False
4151	102935	CHEMBL1075232	Orexin/Hypocretin receptor type 1	SINGLE PROTEIN	Rattus norvegicus	926	False
4152	102937	CHEMBL1075234	Phosphoenolpyruvate carboxykinase, cytosolic [GTP]	SINGLE PROTEIN	Rattus norvegicus	9	False
4153	102949	CHEMBL1075244	Thymidine phosphorylase	SINGLE PROTEIN	Rattus norvegicus	10	False
4154	102951	CHEMBL1075246	Xanthine dehydrogenase/oxidase	SINGLE PROTEIN	Rattus norvegicus	22	False
4155	102957	CHEMBL1075251	Geranylgeranyl pyrophosphate synthase BTS1	SINGLE PROTEIN	Saccharomyces cerevisiae S288c	8	False
4156	102962	CHEMBL6110	Thioredoxin glutathione reductase	SINGLE PROTEIN	Schistosoma mansoni	5590	True
4157	102965	CHEMBL1075257	Large T antigen	SINGLE PROTEIN	Simian virus 40	6	False
4158	102971	CHEMBL1075021	DNA gyrase subunit B	SINGLE PROTEIN	Streptococcus pneumoniae serotype 4 (strain ATCC BAA-334 / TIGR4)	35	False
4159	102972	CHEMBL1075022	ParE	SINGLE PROTEIN	Streptococcus pneumoniae	35	False
4160	102974	CHEMBL1075024	Enoyl-(Acyl-carrier-protein) reductase	SINGLE PROTEIN	Streptococcus pneumoniae	25	False
4161	102975	CHEMBL1075025	Isoprenyl transferase	SINGLE PROTEIN	Streptococcus pneumoniae serotype 4 (strain ATCC BAA-334 / TIGR4)	25	False
4162	102979	CHEMBL1075028	Alpha carbonic anhydrase	SINGLE PROTEIN	Stylophora pistillata	42	False
4163	102981	CHEMBL1075029	A1 adenosine receptor	SINGLE PROTEIN	Sus scrofa	31	False
4164	102986	CHEMBL5831	Farnesyl diphosphate synthase	SINGLE PROTEIN	Toxoplasma gondii	49	False
4165	102988	CHEMBL5832	Cathepsin B-like cysteine protease	SINGLE PROTEIN	Trypanosoma brucei	27	False
4166	102989	CHEMBL5833	Farnesyl synthetase, putative	SINGLE PROTEIN	Trypanosoma cruzi	11	False
4167	102990	CHEMBL5834	Triosephosphate isomerase, glycosomal	SINGLE PROTEIN	Trypanosoma cruzi	73	False
4168	102996	CHEMBL5835	Tyrosine-protein phosphatase YopH	SINGLE PROTEIN	Yersinia pseudotuberculosis serotype I (strain IP32953)	9	False
4169	102999	CHEMBL615074	Aspergillus versicolor	ORGANISM	Aspergillus versicolor	33	False
4170	103001	CHEMBL615076	Botryosphaeria berengeriana	ORGANISM	Botryosphaeria berengeriana	124	False
4171	103012	CHEMBL615085	Fusarium proliferatum	ORGANISM	Fusarium proliferatum	18	False
4172	103013	CHEMBL615086	Coxsackievirus A9	ORGANISM	Coxsackievirus A9	7	False
4173	103036	CHEMBL1075110	Sterol 14-alpha demethylase	SINGLE PROTEIN	Trypanosoma cruzi (strain CL Brener)	298	False
4174	103037	CHEMBL1075111	Bombesin receptor subtype-3	SINGLE PROTEIN	Rattus norvegicus	38	False
4175	103039	CHEMBL1075113	Toll-like receptor 3	SINGLE PROTEIN	Homo sapiens	7	False
4176	103042	CHEMBL1075115	Dual specificity tyrosine-phosphorylation-regulated kinase 4	SINGLE PROTEIN	Homo sapiens	302	False
4177	103044	CHEMBL1075117	Microtubule-associated protein tau	SINGLE PROTEIN	Rattus norvegicus	6	False
4178	103046	CHEMBL1075119	Kinesin-like protein KIFC3	SINGLE PROTEIN	Homo sapiens	5	False
4179	103048	CHEMBL1075121	Serine hydrolase RBBP9	SINGLE PROTEIN	Homo sapiens	13	False
4180	103053	CHEMBL1075125	Cytochrome P450 1A2	SINGLE PROTEIN	Rattus norvegicus	11	False
4181	103054	CHEMBL1075126	Pyruvate kinase PKLR	SINGLE PROTEIN	Homo sapiens	574	False
4182	103055	CHEMBL1075127	Baculoviral IAP repeat-containing protein 7	SINGLE PROTEIN	Homo sapiens	13	False
4183	103056	CHEMBL1075128	N1L	SINGLE PROTEIN	Vaccinia virus	11	False
4184	103060	CHEMBL1075323	Endoplasmin	SINGLE PROTEIN	Homo sapiens	229	False
4185	103061	CHEMBL1075132	Heat shock protein 75 kDa, mitochondrial	SINGLE PROTEIN	Homo sapiens	105	False
4186	103062	CHEMBL1075133	Rhodopsin kinase GRK7	SINGLE PROTEIN	Homo sapiens	354	False
4187	103063	CHEMBL1075134	Serine/threonine-protein kinase mTOR	SINGLE PROTEIN	Rattus norvegicus	34	False
4188	103068	CHEMBL1075137	Proteasome assembly chaperone 3	SINGLE PROTEIN	Homo sapiens	10	False
4189	103069	CHEMBL1075138	Tyrosyl-DNA phosphodiesterase 1	SINGLE PROTEIN	Homo sapiens	3488	True
4190	103071	CHEMBL1075140	Bombesin receptor subtype-3	SINGLE PROTEIN	Mus musculus	198	False
4191	103075	CHEMBL1075144	Neuromedin-U receptor 2	SINGLE PROTEIN	Homo sapiens	12	False
4192	103079	CHEMBL1075145	Transitional endoplasmic reticulum ATPase	SINGLE PROTEIN	Homo sapiens	582	False
4193	103081	CHEMBL1075146	Elastase	SINGLE PROTEIN	Pseudomonas aeruginosa (strain ATCC 15692 / PAO1 / 1C / PRS 101 / LMG12228)	44	False
4194	103087	CHEMBL1075148	Nuclear factor erythroid 2-related factor 2	SINGLE PROTEIN	Mus musculus	69	False
4195	103088	CHEMBL1075149	Cystine/glutamate transporter	SINGLE PROTEIN	Homo sapiens	88	False
4196	103090	CHEMBL1075151	Phospho-N-acetylmuramoyl-pentapeptide-transferase	SINGLE PROTEIN	Bacillus subtilis (strain 168)	5	False
4197	103091	CHEMBL1075152	Glucokinase regulatory protein	SINGLE PROTEIN	Homo sapiens	119	False
4198	103095	CHEMBL1075155	Serine/threonine-protein kinase 38	SINGLE PROTEIN	Homo sapiens	157	False
4199	103096	CHEMBL1075158	17-beta-hydroxysteroid dehydrogenase type 3	SINGLE PROTEIN	Rattus norvegicus	46	False
4200	103098	CHEMBL1075159	Beta-lactamase	SINGLE PROTEIN	Acinetobacter baumannii	5	False
4201	103101	CHEMBL1075162	Uracil nucleotide/cysteinyl leukotriene receptor	SINGLE PROTEIN	Homo sapiens	66	False
4202	103102	CHEMBL1075163	Serine/threonine-protein kinase haspin	SINGLE PROTEIN	Homo sapiens	549	False
4203	103104	CHEMBL1075165	Phosphatidylinositol 3-kinase catalytic subunit type 3	SINGLE PROTEIN	Homo sapiens	1027	False
4204	103105	CHEMBL1075166	G protein-coupled receptor kinase 3	SINGLE PROTEIN	Homo sapiens	180	False
4205	103106	CHEMBL1075167	Homeodomain-interacting protein kinase 4	SINGLE PROTEIN	Homo sapiens	526	False
4206	103111	CHEMBL1075172	C-X-C chemokine receptor type 3	SINGLE PROTEIN	Rattus norvegicus	18	False
4207	103112	CHEMBL1075183	Potassium channel subfamily K member 2	SINGLE PROTEIN	Bos taurus	6	False
4208	103114	CHEMBL1075173	Serine/threonine-protein kinase WNK1	SINGLE PROTEIN	Homo sapiens	163	False
4209	103121	CHEMBL1075178	Neuromedin-U receptor 1	SINGLE PROTEIN	Homo sapiens	12	False
4210	103125	CHEMBL1075181	Pyridoxal kinase	SINGLE PROTEIN	Homo sapiens	7	False
4211	103134	CHEMBL1075189	Pyruvate kinase PKM	SINGLE PROTEIN	Homo sapiens	2280	False
4212	103137	CHEMBL1075192	Succinyl-diaminopimelate desuccinylase	SINGLE PROTEIN	Haemophilus influenzae (strain ATCC 51907 / DSM 11121 / KW20 / Rd)	8	False
4213	103138	CHEMBL1075193	Metacaspase-2	SINGLE PROTEIN	Trypanosoma brucei	8	False
4214	103140	CHEMBL1075195	Serine/threonine-protein kinase TAO2	SINGLE PROTEIN	Homo sapiens	371	False
4215	103142	CHEMBL1075092	Glycine receptor subunit alpha-3	SINGLE PROTEIN	Homo sapiens	8	False
4216	103144	CHEMBL1075094	Nuclear factor erythroid 2-related factor 2	SINGLE PROTEIN	Homo sapiens	469	True
4217	103145	CHEMBL1075095	Acetolactate synthase catalytic subunit, mitochondrial	SINGLE PROTEIN	Saccharomyces cerevisiae S288c	9	False
4218	103146	CHEMBL1075096	Galactofuranosyltransferase GlfT2	SINGLE PROTEIN	Mycobacterium tuberculosis	5	False
4219	103147	CHEMBL1075097	Arginase-1	SINGLE PROTEIN	Homo sapiens	13	False
4220	103150	CHEMBL1075100	Sialidase	SINGLE PROTEIN	Vibrio cholerae serotype O1 (strain ATCC 39315 / El Tor Inaba N16961)	8	False
4221	103151	CHEMBL1075101	Hydroxycarboxylic acid receptor 1	SINGLE PROTEIN	Homo sapiens	176	False
4222	103152	CHEMBL1075102	Phosphatidylinositol 4-phosphate 3-kinase C2 domain-containing subunit alpha	SINGLE PROTEIN	Homo sapiens	119	False
4223	103154	CHEMBL1075104	Leucine-rich repeat serine/threonine-protein kinase 2	SINGLE PROTEIN	Homo sapiens	4072	True
4224	103158	CHEMBL1075108	Solute carrier family 12 member 5	SINGLE PROTEIN	Rattus norvegicus	39	False
4225	103160	CHEMBL1075313	Hemagglutinin	SINGLE PROTEIN	Influenza A virus (A/Puerto Rico/8/1934(H1N1))	6	False
4226	103163	CHEMBL1075315	C-X-C chemokine receptor type 5	SINGLE PROTEIN	Homo sapiens	44	False
4227	103165	CHEMBL1075317	WD repeat-containing protein 5	SINGLE PROTEIN	Homo sapiens	1809	False
4228	103167	CHEMBL1075319	Transient receptor potential cation channel subfamily M member 8	SINGLE PROTEIN	Homo sapiens	731	False
4229	103169	CHEMBL1075321	Glycogen synthase kinase-3 beta	SINGLE PROTEIN	Mus musculus	13	False
4230	103170	CHEMBL1075322	G-protein coupled receptor 55	SINGLE PROTEIN	Homo sapiens	596	False
4231	103171	CHEMBL1075341	Streptococcus dysgalactiae	ORGANISM	Streptococcus dysgalactiae	21	False
4232	103175	CHEMBL1075345	Brontispa longissima	ORGANISM	Brontispa longissima	10	False
4233	103178	CHEMBL1075348	Helicoverpa armigera	ORGANISM	Helicoverpa armigera	51	False
4234	103181	CHEMBL1075351	Microdochium nivale	ORGANISM	Microdochium nivale	19	False
4235	103187	CHEMBL1075357	Globisporangium debaryanum	ORGANISM	Globisporangium debaryanum	10	False
4236	103191	CHEMBL1075361	Trichophyton longifusum	ORGANISM	Trichophyton longifusum	34	False
4237	103192	CHEMBL1075362	Trypanosoma evansi	ORGANISM	Trypanosoma evansi	24	False
4238	103193	CHEMBL1075363	Uromyces viciae-fabae	ORGANISM	Uromyces viciae-fabae	16	False
4239	103197	CHEMBL1075382	23132-87	CELL-LINE	Homo sapiens	35	False
4240	103198	CHEMBL1075383	639-V	CELL-LINE	Homo sapiens	50	False
4241	103199	CHEMBL1075384	647-V	CELL-LINE	Homo sapiens	40	False
4242	103200	CHEMBL1075385	769-P	CELL-LINE	Homo sapiens	150	False
4243	103201	CHEMBL1075386	8305C	CELL-LINE	Homo sapiens	57	False
4244	103202	CHEMBL1075387	8505C	CELL-LINE	Homo sapiens	187	False
4245	103206	CHEMBL1075391	ABC-1	CELL-LINE	Homo sapiens	39	False
4246	103207	CHEMBL1075392	AN3-CA	CELL-LINE	Homo sapiens	116	False
4247	103208	CHEMBL1075393	AU565	CELL-LINE	Homo sapiens	97	False
4248	103209	CHEMBL1075394	BCPAP	CELL-LINE	Homo sapiens	49	False
4249	103210	CHEMBL1075395	BEN	CELL-LINE	Homo sapiens	33	False
4250	103211	CHEMBL1075396	BFTC-905	CELL-LINE	Homo sapiens	57	False
4251	103212	CHEMBL1075397	BFTC-909	CELL-LINE	Homo sapiens	40	False
4252	103213	CHEMBL1075398	BHT-101	CELL-LINE	Homo sapiens	50	False
4253	103214	CHEMBL1075399	BHY	CELL-LINE	Homo sapiens	48	False
4254	103215	CHEMBL1075400	C-4-II	CELL-LINE	Homo sapiens	22	False
4255	103216	CHEMBL1075401	C32	CELL-LINE	Homo sapiens	79	False
4256	103217	CHEMBL1075402	C3A	CELL-LINE	Homo sapiens	39	False
4257	103218	CHEMBL1075403	Ca-Ski	CELL-LINE	Homo sapiens	81	False
4258	103219	CHEMBL1075404	Ca9-22	CELL-LINE	Homo sapiens	112	False
4259	103220	CHEMBL1075405	CAL-120	CELL-LINE	Homo sapiens	37	False
4260	103221	CHEMBL1075406	CAL-12T	CELL-LINE	Homo sapiens	51	False
4261	103222	CHEMBL1075407	CAL-148	CELL-LINE	Homo sapiens	28	False
4262	103223	CHEMBL1075408	CAL-27	CELL-LINE	Homo sapiens	191	False
4263	103224	CHEMBL1075409	CAL-33	CELL-LINE	Homo sapiens	63	False
4264	103225	CHEMBL1075410	CAL-39	CELL-LINE	Homo sapiens	48	False
4265	103226	CHEMBL1075411	CAL-51	CELL-LINE	Homo sapiens	159	False
4266	103227	CHEMBL1075412	CAL-54	CELL-LINE	Homo sapiens	48	False
4267	103228	CHEMBL1075413	CAL-62	CELL-LINE	Homo sapiens	48	False
4268	103229	CHEMBL1075414	CAL-72	CELL-LINE	Homo sapiens	31	False
4269	103230	CHEMBL1075415	CAL-85-1	CELL-LINE	Homo sapiens	44	False
4270	103231	CHEMBL1075416	CAMA-1	CELL-LINE	Homo sapiens	52	False
4271	103232	CHEMBL1075417	Capan-2	CELL-LINE	Homo sapiens	130	False
4272	103233	CHEMBL1075418	CaR-1	CELL-LINE	Homo sapiens	33	False
4273	103234	CHEMBL1075419	CCF-STTG1	CELL-LINE	Homo sapiens	35	False
4274	103236	CHEMBL1075421	ChaGo-K-1	CELL-LINE	Homo sapiens	42	False
4275	103237	CHEMBL1075422	CHL-1	CELL-LINE	Homo sapiens	83	False
4276	103238	CHEMBL1075423	CHP-212	CELL-LINE	Homo sapiens	57	False
4277	103240	CHEMBL1075425	COLO-678	CELL-LINE	Homo sapiens	40	False
4278	103241	CHEMBL1075426	COLO-679	CELL-LINE	Homo sapiens	44	False
4279	103242	CHEMBL1075427	COLO-680N	CELL-LINE	Homo sapiens	33	False
4280	103243	CHEMBL1075428	COLO-741	CELL-LINE	Homo sapiens	35	False
4281	103244	CHEMBL1075429	COLO-792	CELL-LINE	Homo sapiens	32	False
4282	103245	CHEMBL1075430	COLO-824	CELL-LINE	Homo sapiens	35	False
4283	103246	CHEMBL1075431	COR-L105	CELL-LINE	Homo sapiens	45	False
4284	103247	CHEMBL1075432	Detroit 562	CELL-LINE	Homo sapiens	56	False
4285	103248	CHEMBL1075433	DK-MG	CELL-LINE	Homo sapiens	37	False
4286	103249	CHEMBL1075434	DMS-53	CELL-LINE	Homo sapiens	27	False
4287	103250	CHEMBL1075435	DOK	CELL-LINE	Homo sapiens	46	False
4288	103251	CHEMBL1075436	DoTc2-4510	CELL-LINE	Homo sapiens	43	False
4289	103252	CHEMBL1075437	DV-90	CELL-LINE	Homo sapiens	18	False
4290	103253	CHEMBL1075438	EFE-184	CELL-LINE	Homo sapiens	17	False
4291	103254	CHEMBL1075439	EFM-19	CELL-LINE	Homo sapiens	45	False
4292	103255	CHEMBL1075440	EFO-21	CELL-LINE	Homo sapiens	37	False
4293	103256	CHEMBL1075441	EFO-27	CELL-LINE	Homo sapiens	47	False
4294	103257	CHEMBL1075442	EGI-1	CELL-LINE	Homo sapiens	35	False
4295	103258	CHEMBL1075443	EPLC-272H	CELL-LINE	Homo sapiens	30	False
4296	103259	CHEMBL1075444	ESS-1	CELL-LINE	Homo sapiens	44	False
4297	103260	CHEMBL1075445	FTC-133	CELL-LINE	Homo sapiens	47	False
4298	103261	CHEMBL1075446	G-402	CELL-LINE	Homo sapiens	57	False
4299	103262	CHEMBL1075447	GAMG	CELL-LINE	Homo sapiens	52	False
4300	103263	CHEMBL1075448	GCT	CELL-LINE	Homo sapiens	68	False
4301	103264	CHEMBL1075449	GMS-10	CELL-LINE	Homo sapiens	34	False
4302	103265	CHEMBL1075450	GP5d	CELL-LINE	Homo sapiens	45	False
4303	103266	CHEMBL1075451	H-EMC-SS	CELL-LINE	Homo sapiens	42	False
4304	103267	CHEMBL1075452	H4	CELL-LINE	Homo sapiens	621	False
4305	103268	CHEMBL1075453	HCC1143	CELL-LINE	Homo sapiens	33	False
4306	103269	CHEMBL1075454	HCC1395	CELL-LINE	Homo sapiens	39	False
4307	103270	CHEMBL1075455	HCC1419	CELL-LINE	Homo sapiens	38	False
4308	103271	CHEMBL1075456	HCC1569	CELL-LINE	Homo sapiens	65	False
4309	103272	CHEMBL1075457	HCC1806	CELL-LINE	Homo sapiens	207	False
4310	103273	CHEMBL1075458	HCC1937	CELL-LINE	Homo sapiens	156	False
4311	103274	CHEMBL1075459	HCC1954	CELL-LINE	Homo sapiens	173	False
4312	103275	CHEMBL1075460	HCC38	CELL-LINE	Homo sapiens	48	False
4313	103276	CHEMBL1075461	HCC70	CELL-LINE	Homo sapiens	203	False
4314	103277	CHEMBL1075462	HEC-1	CELL-LINE	Homo sapiens	35	False
4315	103278	CHEMBL1075463	HGC-27	CELL-LINE	Homo sapiens	484	False
4316	103279	CHEMBL1075464	HLE	CELL-LINE	Homo sapiens	51	False
4317	103280	CHEMBL1075465	HN	CELL-LINE	Homo sapiens	42	False
4318	103281	CHEMBL1075466	HO-1-N-1	CELL-LINE	Homo sapiens	44	False
4319	103282	CHEMBL1075467	HPAF-II	CELL-LINE	Homo sapiens	71	False
4320	103283	CHEMBL1075468	HSC-2	CELL-LINE	Homo sapiens	166	False
4321	103284	CHEMBL1075469	HSC-4	CELL-LINE	Homo sapiens	124	False
4322	103285	CHEMBL1075470	HT-3	CELL-LINE	Homo sapiens	47	False
4323	103286	CHEMBL1075471	HT55	CELL-LINE	Homo sapiens	28	False
4324	103287	CHEMBL1075472	HTC-C3	CELL-LINE	Homo sapiens	44	False
4325	103290	CHEMBL1075475	HuO-3N1	CELL-LINE	Homo sapiens	48	False
4326	103291	CHEMBL1075476	HuO9	CELL-LINE	Homo sapiens	35	False
4327	103292	CHEMBL1075477	HuP-T3	CELL-LINE	Homo sapiens	68	False
4328	103293	CHEMBL1075478	HuP-T4	CELL-LINE	Homo sapiens	55	False
4329	103294	CHEMBL1075479	IGR-1	CELL-LINE	Homo sapiens	45	False
4330	103295	CHEMBL1075480	IPC-298	CELL-LINE	Homo sapiens	18	False
4331	103296	CHEMBL1075481	KOSC-2	CELL-LINE	Homo sapiens	37	False
4332	103297	CHEMBL1075482	KP-4	CELL-LINE	Homo sapiens	65	False
4333	103298	CHEMBL1075483	KU-19-19	CELL-LINE	Homo sapiens	49	False
4334	103299	CHEMBL1075484	KYSE-140	CELL-LINE	Homo sapiens	44	False
4335	103300	CHEMBL1075485	KYSE-180	CELL-LINE	Homo sapiens	45	False
4336	103301	CHEMBL1075486	KYSE-270	CELL-LINE	Homo sapiens	52	False
4337	103302	CHEMBL1075487	KYSE-410	CELL-LINE	Homo sapiens	50	False
4338	103303	CHEMBL1075488	KYSE-450	CELL-LINE	Homo sapiens	145	False
4339	103304	CHEMBL1075489	LCLC-97TM1	CELL-LINE	Homo sapiens	56	False
4340	103305	CHEMBL1075490	LK-2	CELL-LINE	Homo sapiens	38	False
4341	103306	CHEMBL1075491	LN-405	CELL-LINE	Homo sapiens	31	False
4342	103307	CHEMBL1075492	LU-135	CELL-LINE	Homo sapiens	11	False
4343	103308	CHEMBL1075493	LU-99A	CELL-LINE	Homo sapiens	41	False
4344	103309	CHEMBL1075494	M059J	CELL-LINE	Homo sapiens	40	False
4345	103310	CHEMBL1075495	MC-IXC	CELL-LINE	Homo sapiens	50	False
4346	103311	CHEMBL1075496	MDA-MB-157	CELL-LINE	Homo sapiens	62	False
4347	103312	CHEMBL1075497	MDA-MB-175-VII	CELL-LINE	Homo sapiens	40	False
4348	103313	CHEMBL1075498	MDA-MB-415	CELL-LINE	Homo sapiens	39	False
4349	103314	CHEMBL1075499	ME-180	CELL-LINE	Homo sapiens	67	False
4350	103315	CHEMBL1075500	MEL-HO	CELL-LINE	Homo sapiens	54	False
4351	103316	CHEMBL1075501	MEL-JUSO	CELL-LINE	Homo sapiens	80	False
4352	103317	CHEMBL1075502	MFE-280	CELL-LINE	Homo sapiens	37	False
4353	103318	CHEMBL1075503	MFE-296	CELL-LINE	Homo sapiens	54	False
4354	103319	CHEMBL1075504	MFM-223	CELL-LINE	Homo sapiens	33	False
4355	103320	CHEMBL1075505	MHH-ES-1	CELL-LINE	Homo sapiens	44	False
4356	103323	CHEMBL1075508	MOG-G-UVW	CELL-LINE	Homo sapiens	24	False
4357	103324	CHEMBL1075509	MSTO-211H	CELL-LINE	Homo sapiens	139	False
4358	103325	CHEMBL1075510	NB69	CELL-LINE	Homo sapiens	65	False
4359	103326	CHEMBL1075511	NCCIT	CELL-LINE	Homo sapiens	41	False
4360	103327	CHEMBL1075512	NCI-H1048	CELL-LINE	Homo sapiens	32	False
4361	103328	CHEMBL1075513	NCI-H1437	CELL-LINE	Homo sapiens	65	False
4362	103329	CHEMBL1075514	NCI-H1563	CELL-LINE	Homo sapiens	38	False
4363	103330	CHEMBL1075515	NCI-H1573	CELL-LINE	Homo sapiens	37	False
4364	103331	CHEMBL1075516	NCI-H1581	CELL-LINE	Homo sapiens	183	False
4365	103332	CHEMBL1075517	NCI-H1623	CELL-LINE	Homo sapiens	34	False
4366	103333	CHEMBL1075518	NCI-H1650	CELL-LINE	Homo sapiens	276	False
4367	103334	CHEMBL1075519	NCI-H1651	CELL-LINE	Homo sapiens	37	False
4368	103335	CHEMBL1075520	NCI-H1666	CELL-LINE	Homo sapiens	21	False
4369	103336	CHEMBL1075521	NCI-H1693	CELL-LINE	Homo sapiens	36	False
4370	103337	CHEMBL1075522	NCI-H1703	CELL-LINE	Homo sapiens	160	False
4371	103338	CHEMBL1075523	NCI-H1734	CELL-LINE	Homo sapiens	23	False
4372	103339	CHEMBL1075524	NCI-H1755	CELL-LINE	Homo sapiens	36	False
4373	103340	CHEMBL1075525	NCI-H1792	CELL-LINE	Homo sapiens	77	False
4374	103341	CHEMBL1075526	NCI-H1793	CELL-LINE	Homo sapiens	31	False
4375	103342	CHEMBL1075527	NCI-H1993	CELL-LINE	Homo sapiens	182	False
4376	103343	CHEMBL1075528	NCI-H2009	CELL-LINE	Homo sapiens	50	False
4377	103344	CHEMBL1075529	NCI-H2029	CELL-LINE	Homo sapiens	11	False
4378	103345	CHEMBL1075530	NCI-H2030	CELL-LINE	Homo sapiens	51	False
4379	103346	CHEMBL1075531	NCI-H2052	CELL-LINE	Homo sapiens	35	False
4380	103347	CHEMBL1075532	NCI-H2087	CELL-LINE	Homo sapiens	43	False
4381	103348	CHEMBL1075533	NCI-H2122	CELL-LINE	Homo sapiens	136	False
4382	103349	CHEMBL1075534	NCI-H2170	CELL-LINE	Homo sapiens	91	False
4383	103350	CHEMBL1075535	NCI-H2196	CELL-LINE	Homo sapiens	24	False
4384	103351	CHEMBL1075536	NCI-H2228	CELL-LINE	Homo sapiens	579	False
4385	103352	CHEMBL1075537	NCI-H2342	CELL-LINE	Homo sapiens	43	False
4386	103353	CHEMBL1075538	NCI-H2347	CELL-LINE	Homo sapiens	39	False
4387	103354	CHEMBL1075539	NCI-H2405	CELL-LINE	Homo sapiens	37	False
4388	103355	CHEMBL1075540	NCI-H2452	CELL-LINE	Homo sapiens	27	False
4389	103356	CHEMBL1075541	NCI-H28	CELL-LINE	Homo sapiens	48	False
4390	103357	CHEMBL1075542	NCI-H441	CELL-LINE	Homo sapiens	103	False
4391	103358	CHEMBL1075543	NCI-H650	CELL-LINE	Homo sapiens	40	False
4392	103359	CHEMBL1075544	NCI-H661	CELL-LINE	Homo sapiens	138	False
4393	103360	CHEMBL1075545	NCI-H727	CELL-LINE	Homo sapiens	129	False
4394	103361	CHEMBL1075546	NCI-H810	CELL-LINE	Homo sapiens	40	False
4395	103362	CHEMBL1075547	NCI-H838	CELL-LINE	Homo sapiens	27	False
4396	103367	CHEMBL1075552	NY	CELL-LINE	Homo sapiens	38	False
4397	103368	CHEMBL1075553	OAW-28	CELL-LINE	Homo sapiens	37	False
4398	103369	CHEMBL1075554	OAW-42	CELL-LINE	Homo sapiens	44	False
4399	103370	CHEMBL1075555	OE19	CELL-LINE	Homo sapiens	56	False
4400	103371	CHEMBL1075556	OE33	CELL-LINE	Homo sapiens	80	False
4401	103372	CHEMBL1075557	PANC-03-27	CELL-LINE	Homo sapiens	52	False
4402	103373	CHEMBL1075558	PANC-08-13	CELL-LINE	Homo sapiens	35	False
4403	103375	CHEMBL1075560	PFSK-1	CELL-LINE	Homo sapiens	32	False
4404	103376	CHEMBL1075561	PLC-PRF-5	CELL-LINE	Homo sapiens	75	False
4405	103377	CHEMBL1075562	RCM-1	CELL-LINE	Homo sapiens	36	False
4406	103378	CHEMBL1075563	RERF-LC-MS	CELL-LINE	Homo sapiens	38	False
4407	103379	CHEMBL1075564	RMG-I	CELL-LINE	Homo sapiens	32	False
4408	103380	CHEMBL1075565	RO82-W-1	CELL-LINE	Homo sapiens	37	False
4409	103381	CHEMBL1075566	RPMI-2650	CELL-LINE	Homo sapiens	45	False
4410	103382	CHEMBL1075567	RVH-421	CELL-LINE	Homo sapiens	42	False
4411	103383	CHEMBL1075568	S-117	CELL-LINE	Homo sapiens	36	False
4412	103384	CHEMBL1075569	SAS	CELL-LINE	Homo sapiens	73	False
4413	103385	CHEMBL1075570	SCC-4	CELL-LINE	Homo sapiens	63	False
4414	103386	CHEMBL1075571	SCC-9	CELL-LINE	Homo sapiens	59	False
4415	103388	CHEMBL1075573	SCH	CELL-LINE	Homo sapiens	30	False
4416	103389	CHEMBL1075574	SCLC-21H	CELL-LINE	Homo sapiens	25	False
4417	103390	CHEMBL1075575	SJRH30	CELL-LINE	Homo sapiens	92	False
4418	103391	CHEMBL1075576	SK-CO-1	CELL-LINE	Homo sapiens	32	False
4419	103392	CHEMBL1075577	SK-MEL-30	CELL-LINE	Homo sapiens	45	False
4420	103393	CHEMBL1075578	SK-N-AS	CELL-LINE	Homo sapiens	75	False
4421	103394	CHEMBL1075579	SK-N-DZ	CELL-LINE	Homo sapiens	62	False
4422	103395	CHEMBL1075580	SK-NEP-1	CELL-LINE	Homo sapiens	71	False
4423	103396	CHEMBL1075581	SKG-IIIa	CELL-LINE	Homo sapiens	35	False
4424	103397	CHEMBL1075582	SNG-M	CELL-LINE	Homo sapiens	25	False
4425	103398	CHEMBL1075583	SNU-387	CELL-LINE	Homo sapiens	72	False
4426	103399	CHEMBL1075584	SNU-423	CELL-LINE	Homo sapiens	87	False
4427	103400	CHEMBL1075585	SNU-449	CELL-LINE	Homo sapiens	68	False
4428	103401	CHEMBL1075586	SNU-475	CELL-LINE	Homo sapiens	34	False
4429	103402	CHEMBL1075587	SW13	CELL-LINE	Homo sapiens	39	False
4430	103403	CHEMBL1075588	SW1417	CELL-LINE	Homo sapiens	39	False
4431	103404	CHEMBL1075589	SW1463	CELL-LINE	Homo sapiens	27	False
4432	103405	CHEMBL1075590	SW1710	CELL-LINE	Homo sapiens	56	False
4433	103406	CHEMBL1075591	SW1783	CELL-LINE	Homo sapiens	38	False
4434	103407	CHEMBL1075592	SW1990	CELL-LINE	Homo sapiens	223	False
4435	103408	CHEMBL1075593	SW626	CELL-LINE	Homo sapiens	59	False
4436	103409	CHEMBL1075594	SW756	CELL-LINE	Homo sapiens	34	False
4437	103410	CHEMBL1075595	SW780	CELL-LINE	Homo sapiens	93	False
4438	103411	CHEMBL1075596	SW837	CELL-LINE	Homo sapiens	34	False
4439	103412	CHEMBL1075597	SW900	CELL-LINE	Homo sapiens	56	False
4440	103413	CHEMBL1075598	SW948	CELL-LINE	Homo sapiens	35	False
4441	103415	CHEMBL1075600	TGW	CELL-LINE	Homo sapiens	36	False
4442	103416	CHEMBL1075601	TYK-nu	CELL-LINE	Homo sapiens	43	False
4443	103417	CHEMBL1075602	U-118-MG	CELL-LINE	Homo sapiens	74	False
4444	103419	CHEMBL1075604	UACC-812	CELL-LINE	Homo sapiens	18	False
4445	103420	CHEMBL1075605	UACC-893	CELL-LINE	Homo sapiens	27	False
4446	103421	CHEMBL1075606	UMC-11	CELL-LINE	Homo sapiens	29	False
4447	103422	CHEMBL1075607	VM-CUB-1	CELL-LINE	Homo sapiens	42	False
4448	103425	CHEMBL1075610	VMRC-RCZ	CELL-LINE	Homo sapiens	43	False
4449	103426	CHEMBL1075611	WM-115	CELL-LINE	Homo sapiens	41	False
4450	103427	CHEMBL1075612	YKG-1	CELL-LINE	Homo sapiens	50	False
4451	103428	CHEMBL1075613	ZR-75-30	CELL-LINE	Homo sapiens	38	False
4452	103430	CHEMBL1163101	Serine/threonine-protein kinase/endoribonuclease IRE1	SINGLE PROTEIN	Homo sapiens	944	False
4453	103433	CHEMBL1163104	Serine/threonine-protein kinase OSR1	SINGLE PROTEIN	Homo sapiens	154	False
4454	103435	CHEMBL1163106	Serine/threonine-protein kinase MAK	SINGLE PROTEIN	Homo sapiens	155	False
4455	103437	CHEMBL1163108	STE20/SPS1-related proline-alanine-rich protein kinase	SINGLE PROTEIN	Homo sapiens	198	False
4456	103440	CHEMBL1163111	Interleukin-5	SINGLE PROTEIN	Mus musculus	104	False
4457	103441	CHEMBL1163112	Cyclin-dependent kinase-like 5	SINGLE PROTEIN	Homo sapiens	156	False
4458	103445	CHEMBL1163116	Cholesteryl ester transfer protein	SINGLE PROTEIN	Oryctolagus cuniculus	89	False
4459	103446	CHEMBL1163117	Cyclin-dependent kinase-like 3	SINGLE PROTEIN	Homo sapiens	152	False
4460	103449	CHEMBL1163120	Phosphatidylinositol 3-kinase C2 domain-containing subunit gamma	SINGLE PROTEIN	Homo sapiens	222	False
4461	103451	CHEMBL1163122	Angiotensin type II receptor	SINGLE PROTEIN	Sus scrofa	26	False
4462	103452	CHEMBL1163123	Mitogen-activated protein kinase kinase kinase 6	SINGLE PROTEIN	Homo sapiens	174	False
4463	103453	CHEMBL1163124	Mitogen-activated protein kinase kinase kinase 13	SINGLE PROTEIN	Homo sapiens	175	False
4464	103454	CHEMBL1163125	Bromodomain-containing protein 4	SINGLE PROTEIN	Homo sapiens	9991	True
4465	103455	CHEMBL1163126	Serine/threonine-protein kinase ICK	SINGLE PROTEIN	Homo sapiens	181	False
4466	103456	CHEMBL1163127	Mitogen-activated protein kinase kinase kinase 15	SINGLE PROTEIN	Homo sapiens	143	False
4467	103457	CHEMBL1163128	Microtubule-associated serine/threonine-protein kinase 1	SINGLE PROTEIN	Homo sapiens	143	False
4468	103458	CHEMBL1163129	Serine/threonine-protein kinase SBK1	SINGLE PROTEIN	Homo sapiens	162	False
4469	103459	CHEMBL1163130	Bifunctional dihydrofolate reductase-thymidylate synthase	SINGLE PROTEIN	Trypanosoma cruzi	21	False
4470	103462	CHEMBL1169593	Metallo-beta-lactamase type 2	SINGLE PROTEIN	Aeromonas hydrophila	17	False
4471	103463	CHEMBL1169594	Purine nucleoside phosphorylase	SINGLE PROTEIN	Mycobacterium tuberculosis	29	False
4472	103464	CHEMBL1169595	UDP-galactose 4-epimerase	SINGLE PROTEIN	Trypanosoma brucei	14	False
4473	103465	CHEMBL1169596	Serine/threonine-protein kinase A-Raf	SINGLE PROTEIN	Homo sapiens	123	False
4474	103467	CHEMBL1169598	Polymerase acidic protein	SINGLE PROTEIN	Influenza A virus (A/Puerto Rico/8/1934(H1N1))	215	False
4475	103469	CHEMBL1169599	KiSS-1 receptor	SINGLE PROTEIN	Rattus norvegicus	8	False
4476	103476	CHEMBL1250343	Serine palmitoyltransferase 1	SINGLE PROTEIN	Homo sapiens	6	False
4477	103477	CHEMBL1250344	Serine palmitoyltransferase 2	SINGLE PROTEIN	Homo sapiens	10	False
4478	103479	CHEMBL1250346	5'-methylthioadenosine/S-adenosylhomocysteine nucleosidase	SINGLE PROTEIN	Escherichia coli O157:H7	40	False
4479	103481	CHEMBL1250348	Myc proto-oncogene protein	SINGLE PROTEIN	Homo sapiens	656	False
4480	103483	CHEMBL1250350	Prolyl 4-hydroxylase subunit alpha-1	SINGLE PROTEIN	Homo sapiens	5	False
4481	103498	CHEMBL1250365	C-X-C chemokine receptor type 4	SINGLE PROTEIN	Mus musculus	5	False
4482	103501	CHEMBL1250368	Enoyl-acyl carrier reductase	SINGLE PROTEIN	Toxoplasma gondii	33	False
4483	103506	CHEMBL1250373	Falcipain-3	SINGLE PROTEIN	Plasmodium falciparum 3D7	13	False
4484	103507	CHEMBL1250374	5'-methylthioadenosine/S-adenosylhomocysteine nucleosidase	SINGLE PROTEIN	Vibrio cholerae serotype O1 (strain ATCC 39315 / El Tor Inaba N16961)	9	False
4485	103508	CHEMBL1250375	NADPH oxidase 4	SINGLE PROTEIN	Homo sapiens	159	True
4486	103511	CHEMBL1250378	Splicing factor 3B subunit 3	SINGLE PROTEIN	Homo sapiens	13	False
4487	103512	CHEMBL1250379	ELAV-like protein 1	SINGLE PROTEIN	Homo sapiens	21	False
4488	103515	CHEMBL1250401	Potassium/sodium hyperpolarization-activated cyclic nucleotide-gated channel 1	SINGLE PROTEIN	Mus musculus	5	False
4489	103516	CHEMBL1250402	Transient receptor potential cation channel subfamily M member 2	SINGLE PROTEIN	Homo sapiens	31	False
4490	103517	CHEMBL1250403	Ecdysone receptor	SINGLE PROTEIN	Lucilia cuprina	8	False
4491	103518	CHEMBL1250404	Cytochrome c oxidase subunit 2	SINGLE PROTEIN	Ovis aries	14	False
4492	103525	CHEMBL1250411	Short transient receptor potential channel 5	SINGLE PROTEIN	Homo sapiens	147	False
4493	103526	CHEMBL1250412	Transient receptor potential cation channel subfamily M member 7	SINGLE PROTEIN	Homo sapiens	7	False
4494	103527	CHEMBL1250413	CAAX prenyl protease 2	SINGLE PROTEIN	Saccharomyces cerevisiae S288c	133	False
4495	103530	CHEMBL1250416	Myelin-associated glycoprotein	SINGLE PROTEIN	Mus musculus	11	False
4496	103531	CHEMBL1250417	Potassium/sodium hyperpolarization-activated cyclic nucleotide-gated channel 4	SINGLE PROTEIN	Homo sapiens	27	True
4497	103537	CHEMBL1255126	Protein Mdm4	SINGLE PROTEIN	Homo sapiens	254	False
4498	103540	CHEMBL1255129	Proto-oncogene Wnt-1	SINGLE PROTEIN	Homo sapiens	899	False
4499	103541	CHEMBL1255130	Beta-lactamase	SINGLE PROTEIN	Citrobacter freundii	6	False
4500	103542	CHEMBL1255131	Eukaryotic translation initiation factor 2 subunit 1	SINGLE PROTEIN	Homo sapiens	27	False
4501	103545	CHEMBL1255134	Ghrelin O-acyltransferase	SINGLE PROTEIN	Mus musculus	9	False
4502	103548	CHEMBL1255137	Protein Wnt-3a	SINGLE PROTEIN	Homo sapiens	525	False
4503	103560	CHEMBL1255149	Lysosomal Pro-X carboxypeptidase	SINGLE PROTEIN	Mus musculus	156	False
4504	103561	CHEMBL1255150	G-protein coupled bile acid receptor 1	SINGLE PROTEIN	Mus musculus	343	False
4505	103566	CHEMBL1255155	BlaVIM-1	SINGLE PROTEIN	Escherichia coli	24	False
4506	103572	CHEMBL1255161	Proline-rich AKT1 substrate 1	SINGLE PROTEIN	Homo sapiens	32	False
4507	103573	CHEMBL1255162	Malonyl-CoA decarboxylase, mitochondrial	SINGLE PROTEIN	Mus musculus	9	False
4508	103574	CHEMBL1255163	Protein-serine O-palmitoleoyltransferase porcupine	SINGLE PROTEIN	Homo sapiens	58	False
4509	103575	CHEMBL1255164	Protein-serine O-palmitoleoyltransferase porcupine	SINGLE PROTEIN	Mus musculus	134	True
4510	103576	CHEMBL1255165	Serine/threonine-protein kinase mTOR	SINGLE PROTEIN	Mus musculus	93	False
4511	103579	CHEMBL1275209	PH domain leucine-rich repeat-containing protein phosphatase 2	SINGLE PROTEIN	Homo sapiens	12	False
4512	103580	CHEMBL1275214	1,4-dihydroxy-2-naphthoyl-CoA synthase	SINGLE PROTEIN	Mycobacterium tuberculosis	13	False
4513	103581	CHEMBL1275219	Glucosylceramidase	SINGLE PROTEIN	Bos taurus	16	False
4514	103584	CHEMBL1275217	C-C motif chemokine 5	SINGLE PROTEIN	Homo sapiens	30	False
4515	103588	CHEMBL1275223	Heat shock cognate 71 kDa protein	SINGLE PROTEIN	Homo sapiens	34	False
4516	103589	CHEMBL1275220	Protein arginine N-methyltransferase 1	SINGLE PROTEIN	Rattus norvegicus	13	False
4517	103590	CHEMBL1275221	Protein arginine N-methyltransferase 6	SINGLE PROTEIN	Homo sapiens	218	False
4518	103591	CHEMBL1275210	Stearoyl-CoA desaturase 5	SINGLE PROTEIN	Homo sapiens	144	False
4519	103592	CHEMBL1275216	Orexin receptor type 2	SINGLE PROTEIN	Rattus norvegicus	97	False
4520	103593	CHEMBL1275212	Ketohexokinase	SINGLE PROTEIN	Homo sapiens	332	False
4521	103596	CHEMBL1287594	Cell division inhibitor SulA	SINGLE PROTEIN	Escherichia coli K-12	11	False
4522	103612	CHEMBL1287610	Neuraminidase	SINGLE PROTEIN	Influenza A virus (strain A/Wilson-Smith/1933 H1N1) (Influenza A virus(strain A/WS/1933 H1N1))	63	False
4523	103613	CHEMBL1287611	Equilibrative nucleoside transporter 1	SINGLE PROTEIN	Mus musculus	15	False
4524	103616	CHEMBL1287614	Equilibrative nucleoside transporter 2	SINGLE PROTEIN	Rattus norvegicus	5	False
4525	103619	CHEMBL1287617	UDP-glucuronosyltransferase 1A1	SINGLE PROTEIN	Homo sapiens	22	True
4526	103621	CHEMBL1287619	Fructose-bisphosphate aldolase	SINGLE PROTEIN	Candida albicans (strain SC5314 / ATCC MYA-2876) (Yeast)	6	False
4527	103622	CHEMBL1287620	Fructose-bisphosphate aldolase	SINGLE PROTEIN	Mycobacterium tuberculosis	127	False
4528	103624	CHEMBL1287622	Lethal(3)malignant brain tumor-like protein 1	SINGLE PROTEIN	Homo sapiens	5444	True
4529	103625	CHEMBL1287623	Lethal(3)malignant brain tumor-like protein 3	SINGLE PROTEIN	Homo sapiens	91	False
4530	103627	CHEMBL1287625	MBT domain-containing protein 1	SINGLE PROTEIN	Homo sapiens	18	False
4531	103629	CHEMBL1287627	Cytochrome b-245 heavy chain	SINGLE PROTEIN	Homo sapiens	67	False
4532	103630	CHEMBL1287628	NADPH oxidase 1	SINGLE PROTEIN	Homo sapiens	164	True
4533	103638	CHEMBL1293191	Transcriptional regulator ERG	SINGLE PROTEIN	Homo sapiens	9	False
4534	103640	CHEMBL1293193	Natriuretic peptides A	SINGLE PROTEIN	Homo sapiens	12	False
4535	103641	CHEMBL1293194	Carnitine O-palmitoyltransferase 1, liver isoform	SINGLE PROTEIN	Homo sapiens	478	False
4536	103643	CHEMBL1293196	Endochitinase A1	SINGLE PROTEIN	Aspergillus fumigatus	10	False
4537	103644	CHEMBL1293197	Acidic mammalian chitinase	SINGLE PROTEIN	Homo sapiens	243	False
4538	103645	CHEMBL1293198	Prostaglandin G/H synthase 2	SINGLE PROTEIN	Oryctolagus cuniculus	11	False
4539	103646	CHEMBL1293199	Serine/threonine-protein kinase VRK1	SINGLE PROTEIN	Homo sapiens	59	False
4540	103647	CHEMBL1293200	Zn finger protein	SINGLE PROTEIN	Nicotiana tabacum	14	False
4541	103649	CHEMBL1293202	Phospholipase C	SINGLE PROTEIN	Bacillus cereus	9	False
4542	103650	CHEMBL1293203	Major prion protein	SINGLE PROTEIN	Mesocricetus auratus	28	False
4543	103651	CHEMBL1293204	C-C chemokine receptor type 2	SINGLE PROTEIN	Rattus norvegicus	6	False
4544	103655	CHEMBL1293222	Nucleotide-binding oligomerization domain-containing protein 1	SINGLE PROTEIN	Homo sapiens	321	False
4545	103657	CHEMBL1293224	Microtubule-associated protein tau	SINGLE PROTEIN	Homo sapiens	24328	True
4546	103659	CHEMBL1293226	Lysine-specific demethylase 4E	SINGLE PROTEIN	Homo sapiens	3990	True
4547	103660	CHEMBL1293227	Ubiquitin carboxyl-terminal hydrolase 2	SINGLE PROTEIN	Homo sapiens	3316	True
4548	103661	CHEMBL1293228	Streptokinase A	SINGLE PROTEIN	Streptococcus pyogenes serotype M1	2582	False
4549	103662	CHEMBL1293229	Nuclear receptor subfamily 4immunitygroup A member 1	SINGLE PROTEIN	Homo sapiens	105	False
4550	103663	CHEMBL1293230	Polypyrimidine tract-binding protein 1	SINGLE PROTEIN	Homo sapiens	73	False
4551	103664	CHEMBL1293231	Nuclear receptor ROR-gamma	SINGLE PROTEIN	Mus musculus	29595	True
4552	103665	CHEMBL1293232	Survival motor neuron protein	SINGLE PROTEIN	Homo sapiens	15062	True
4553	103667	CHEMBL1293234	Fructose-bisphosphate aldolase	SINGLE PROTEIN	Giardia intestinalis	3514	True
4554	103668	CHEMBL1293235	Prelamin-A/C	SINGLE PROTEIN	Homo sapiens	14632	True
4555	103669	CHEMBL1293236	ATP-dependent DNA helicase Q1	SINGLE PROTEIN	Homo sapiens	1599	False
4556	103670	CHEMBL1293237	RecQ-like DNA helicase BLM	SINGLE PROTEIN	Homo sapiens	797	False
4557	103671	CHEMBL1293238	Inositol monophosphatase 1	SINGLE PROTEIN	Rattus norvegicus	8311	True
4558	103672	CHEMBL1293239	Bcl-2-related protein A1	SINGLE PROTEIN	Mus musculus	87	False
4559	103673	CHEMBL1293240	Plectin	SINGLE PROTEIN	Homo sapiens	55	False
4560	103676	CHEMBL1293243	Mucolipin-3	SINGLE PROTEIN	Homo sapiens	157	False
4561	103677	CHEMBL1293244	Beta-lactamase	SINGLE PROTEIN	Pseudomonas aeruginosa	229	False
4562	103678	CHEMBL1293245	Ion channel NompC	SINGLE PROTEIN	Danio rerio	24	False
4563	103679	CHEMBL1293246	Beta Lactamase	SINGLE PROTEIN	Pseudomonas aeruginosa	282	False
4564	103680	CHEMBL1293247	Luciferase	SINGLE PROTEIN	Photuris pennsylvanica	696	False
4565	103681	CHEMBL1293248	4'-phosphopantetheinyl transferase ffp	SINGLE PROTEIN	Bacillus subtilis	2549	False
4566	103682	CHEMBL1293249	Krueppel-like factor 5	SINGLE PROTEIN	Homo sapiens	118	False
4567	103684	CHEMBL1293251	ATP-dependent molecular chaperone HSP82	SINGLE PROTEIN	Candida albicans (strain WO-1) (Yeast)	1014	False
4568	103686	CHEMBL1293253	4-diphosphocytidyl-2-C-methyl-D-erythritol kinase, chloroplastic	SINGLE PROTEIN	Arabidopsis thaliana	6	False
4569	103687	CHEMBL1293254	Ferritin light chain	SINGLE PROTEIN	Equus caballus	6661	True
4570	103688	CHEMBL1293255	15-hydroxyprostaglandin dehydrogenase [NAD(+)]	SINGLE PROTEIN	Homo sapiens	3316	True
4571	103689	CHEMBL1293256	Thrombopoietin	SINGLE PROTEIN	Homo sapiens	263	False
4572	103690	CHEMBL1293257	Galactokinase	SINGLE PROTEIN	Homo sapiens	284	False
4573	103691	CHEMBL1293258	Mothers against decapentaplegic homolog 3	SINGLE PROTEIN	Homo sapiens	41	False
4574	103692	CHEMBL1293259	Ephrin type-A receptor 4	SINGLE PROTEIN	Mus musculus	46	False
4575	103693	CHEMBL1293260	Beta-lactamase	SINGLE PROTEIN	Salmonella choleraesuis (strain SC-B67)	38	False
4576	103696	CHEMBL1293263	Aspartyl aminopeptidase	SINGLE PROTEIN	Plasmodium falciparum 3D7	122	False
4577	103697	CHEMBL1293264	Beta-galactosidase	SINGLE PROTEIN	Escherichia coli	32	False
4578	103698	CHEMBL1293265	Serine/threonine-protein phosphatase	SINGLE PROTEIN	Homo sapiens	24	False
4579	103699	CHEMBL1293266	Nucleotide-binding oligomerization domain-containing protein 2	SINGLE PROTEIN	Homo sapiens	384	False
4580	103700	CHEMBL1293267	G-protein coupled receptor 35	SINGLE PROTEIN	Homo sapiens	375	False
4581	103702	CHEMBL1293269	NS3	SINGLE PROTEIN	Hepatitis C virus	551	False
4582	103704	CHEMBL1293271	Serine/threonine-protein phosphatase	SINGLE PROTEIN	Candida dubliniensis (strain CD36 / CBS 7987 / NCPF 3949 / NRRLY-17841) (Yeast)	31	False
4583	103707	CHEMBL1293274	Eukaryotic translation initiation factor 4H	SINGLE PROTEIN	Homo sapiens	28	False
4584	103708	CHEMBL1293275	Eyes absent homolog 2	SINGLE PROTEIN	Homo sapiens	6	False
4585	103709	CHEMBL1293276	Regulator of G-protein signaling 12	SINGLE PROTEIN	Homo sapiens	41	False
4586	103710	CHEMBL1293277	NPC intracellular cholesterol transporter 1	SINGLE PROTEIN	Homo sapiens	18394	True
4587	103711	CHEMBL1293278	Geminin	SINGLE PROTEIN	Homo sapiens	99	False
4588	103712	CHEMBL1293279	Thioredoxin peroxidase	SINGLE PROTEIN	Schistosoma mansoni	11	False
4589	103714	CHEMBL1293281	Epstein-Barr nuclear antigen 1	SINGLE PROTEIN	Epstein-Barr virus (strain B95-8) (HHV-4) (Human herpesvirus 4)	54	False
4590	103715	CHEMBL1293282	Protein Rev	SINGLE PROTEIN	Human immunodeficiency virus type 1 group M subtype B (isolate HXB2)(HIV-1)	18	False
4591	103718	CHEMBL1293285	Endonuclease 4	SINGLE PROTEIN	Escherichia coli K-12	194	False
4592	103719	CHEMBL1293286	Polyadenylate-binding protein 1	SINGLE PROTEIN	Homo sapiens	85	False
4593	103720	CHEMBL1293287	Insulin-degrading enzyme	SINGLE PROTEIN	Homo sapiens	103	False
4594	103721	CHEMBL1293288	2-desacetyl-2-hydroxyethyl bacteriochlorophyllide A dehydrogenase	SINGLE PROTEIN	Rhodobacter capsulatus	5	False
4595	103722	CHEMBL1293289	Bromodomain-containing protein 2	SINGLE PROTEIN	Homo sapiens	877	False
4596	103723	CHEMBL1293290	Inward rectifier potassium channel 2	SINGLE PROTEIN	Mus musculus	10	False
4597	103724	CHEMBL1293291	Glutathione-independent formaldehyde dehydrogenase	SINGLE PROTEIN	Pseudomonas putida	16	False
4598	103725	CHEMBL1293292	ATP-sensitive inward rectifier potassium channel 1	SINGLE PROTEIN	Homo sapiens	1083	False
4599	103726	CHEMBL1293293	Neuropeptides B/W receptor type 1	SINGLE PROTEIN	Homo sapiens	214	False
4600	103727	CHEMBL1293294	Ras-related protein Rab-9A	SINGLE PROTEIN	Homo sapiens	21712	True
4601	103728	CHEMBL1293295	Ubiquitin carboxyl-terminal hydrolase 14	SINGLE PROTEIN	Homo sapiens	261	False
4602	103729	CHEMBL1293296	14-3-3 protein gamma	SINGLE PROTEIN	Homo sapiens	14	False
4603	103731	CHEMBL1293298	Peripheral myelin protein 22	SINGLE PROTEIN	Homo sapiens	53	False
4604	103732	CHEMBL1293299	Histone-lysine N-methyltransferase 2A	SINGLE PROTEIN	Homo sapiens	4198	True
4605	103733	CHEMBL1293300	Diphosphomevalonate decarboxylase	SINGLE PROTEIN	Streptococcus pneumoniae serotype 2 (strain D39 / NCTC 7466)	7	False
4606	103734	CHEMBL1293301	Nuclear receptor coactivator 3	SINGLE PROTEIN	Mus musculus	6	False
4607	103735	CHEMBL1293302	Female germline-specific tumor suppressor gld-1	SINGLE PROTEIN	Caenorhabditis elegans	57	False
4608	103736	CHEMBL1293303	Nonstructural protein 1	SINGLE PROTEIN	Influenza A virus	16561	True
4609	103737	CHEMBL1293304	RNA-binding protein pos-1	SINGLE PROTEIN	Caenorhabditis elegans	136	False
4610	103740	CHEMBL1293307	3C-like protease	SINGLE PROTEIN	Infectious bronchitis virus	44	False
4611	103741	CHEMBL1293308	Likely tRNA 2'-phosphotransferase	SINGLE PROTEIN	Candida albicans (strain SC5314 / ATCC MYA-2876) (Yeast)	10	False
4612	103744	CHEMBL1293311	Envelope glycoprotein gp160	SINGLE PROTEIN	Human immunodeficiency virus 1	129	False
4613	103746	CHEMBL1293313	Leucine aminopeptidase	SINGLE PROTEIN	Plasmodium falciparum 3D7	288	False
4614	103749	CHEMBL1293316	Relaxin receptor 1	SINGLE PROTEIN	Homo sapiens	463	True
4615	103750	CHEMBL1293317	Muscleblind-like protein 1	SINGLE PROTEIN	Homo sapiens	5	False
4616	103752	CHEMBL1293319	Zinc finger protein mex-5	SINGLE PROTEIN	Caenorhabditis elegans	251	False
4617	103753	CHEMBL1293320	Protein phosphatase methylesterase 1	SINGLE PROTEIN	Homo sapiens	11	False
4618	103757	CHEMBL1613743	Neutrophil cytosol factor 1	SINGLE PROTEIN	Homo sapiens	49	False
4619	103762	CHEMBL1615321	microRNA 30a	NUCLEIC-ACID	Homo sapiens	69	False
4620	103763	CHEMBL1615322	microRNA 21	NUCLEIC-ACID	Homo sapiens	17784	True
4621	103767	CHEMBL1615381	Menin	SINGLE PROTEIN	Homo sapiens	438	False
4622	103768	CHEMBL1615382	Nuclear receptor coactivator 3	SINGLE PROTEIN	Homo sapiens	167	False
4623	103769	CHEMBL1615383	Solute carrier family 12 member 2	SINGLE PROTEIN	Homo sapiens	5	False
4624	103770	CHEMBL1615384	Solute carrier family 12 member 5	SINGLE PROTEIN	Homo sapiens	12	False
4625	103771	CHEMBL1615385	Runt-related transcription factor 1	SINGLE PROTEIN	Homo sapiens	11	False
4626	103772	CHEMBL1615386	Core-binding factor subunit beta	SINGLE PROTEIN	Homo sapiens	33	False
4627	103773	CHEMBL1615387	Nuclear receptor coactivator 1	SINGLE PROTEIN	Homo sapiens	52	False
4628	103774	CHEMBL1615388	SUMO-activating enzyme subunit 1	SINGLE PROTEIN	Homo sapiens	42	False
4629	103778	CHEMBL1626502	PPC-1	CELL-LINE	Homo sapiens	159	False
4630	103780	CHEMBL1628461	Oxoeicosanoid receptor 1	SINGLE PROTEIN	Homo sapiens	57	False
4631	103784	CHEMBL1628465	Transient receptor potential cation channel subfamily V member 6	SINGLE PROTEIN	Homo sapiens	33	False
4632	103787	CHEMBL1628468	Transient receptor potential cation channel subfamily M member 5	SINGLE PROTEIN	Homo sapiens	133	False
4633	103788	CHEMBL1628469	Transient receptor potential cation channel subfamily M member 4	SINGLE PROTEIN	Homo sapiens	15	False
4634	103789	CHEMBL1628470	Transient receptor potential cation channel subfamily M member 6	SINGLE PROTEIN	Homo sapiens	132	False
4635	103791	CHEMBL1628472	Relaxin-3 receptor 1	SINGLE PROTEIN	Homo sapiens	66	False
4636	103792	CHEMBL1628473	Relaxin-3 receptor 2	SINGLE PROTEIN	Homo sapiens	10	False
4637	103796	CHEMBL1628477	Acid-sensing ion channel 1	SINGLE PROTEIN	Homo sapiens	18	False
4638	103797	CHEMBL1628478	Chloride channel protein 2	SINGLE PROTEIN	Homo sapiens	15	False
4639	103800	CHEMBL1628481	Apelin receptor	SINGLE PROTEIN	Homo sapiens	2665	False
4640	103829	CHEMBL1641347	Solute carrier family 22 member 6	SINGLE PROTEIN	Homo sapiens	42	True
4641	103830	CHEMBL1641348	Organic anion transporter 3	SINGLE PROTEIN	Homo sapiens	35	True
4642	103832	CHEMBL1641350	Beta-lactamase	SINGLE PROTEIN	Pseudomonas aeruginosa	88	False
4643	103837	CHEMBL1641355	Aldehyde oxidase 1	SINGLE PROTEIN	Rattus norvegicus	9	False
4644	103840	CHEMBL1641358	Beta-lactamase	SINGLE PROTEIN	Klebsiella pneumoniae	89	False
4645	103841	CHEMBL1641359	Lipoxygenase	SINGLE PROTEIN	Glycine max	21	False
4646	103845	CHEMBL1649049	Tyrosine-protein kinase JAK2	SINGLE PROTEIN	Mus musculus	71	False
4647	103847	CHEMBL1649051	Growth factor receptor-bound protein 7	SINGLE PROTEIN	Homo sapiens	5	False
4648	103848	CHEMBL1649052	C-C motif chemokine 2	SINGLE PROTEIN	Homo sapiens	56	False
4649	103850	CHEMBL1649054	Peptide deformylase	SINGLE PROTEIN	Pseudomonas aeruginosa (strain ATCC 15692 / PAO1 / 1C / PRS 101 / LMG12228)	44	False
4650	103851	CHEMBL1649055	Carbonic anhydrase	SINGLE PROTEIN	Stylophora pistillata	39	False
4651	103855	CHEMBL1649059	Serine/threonine-protein kinase VRK2	SINGLE PROTEIN	Homo sapiens	322	False
4652	103857	CHEMBL1667665	Transient receptor potential M8 protein	SINGLE PROTEIN	Canis familiaris	1012	False
4653	103858	CHEMBL1667666	Sucrase-isomaltase	SINGLE PROTEIN	Mus musculus	13	False
4654	103860	CHEMBL1667668	Lysosomal alpha-glucosidase	SINGLE PROTEIN	Mus musculus	14	False
4655	103861	CHEMBL1667669	Outer membrane protein MIP	SINGLE PROTEIN	Legionella pneumophila	19	False
4656	103875	CHEMBL1667683	Neuraminidase	SINGLE PROTEIN	Influenza A virus	7	False
4657	103876	CHEMBL1667684	Neuraminidase	SINGLE PROTEIN	Influenza A virus	61	False
4658	103877	CHEMBL1667685	Neuraminidase	SINGLE PROTEIN	Influenza A virus	55	False
4659	103878	CHEMBL1667686	Neuraminidase	SINGLE PROTEIN	Influenza A virus	15	False
4660	103887	CHEMBL1667695	Metallo-beta-lactamase type 2	SINGLE PROTEIN	Klebsiella pneumoniae	26	False
4661	103890	CHEMBL1667698	Telomere resolvase ResT	SINGLE PROTEIN	Borrelia burgdorferi (strain ATCC 35210 / B31 / CIP 102532 / DSM4680)	6	False
4662	103891	CHEMBL1667699	Isocitrate lyase	SINGLE PROTEIN	Mycobacterium tuberculosis	20	False
4663	103895	CHEMBL1671608	Galectin-4	SINGLE PROTEIN	Homo sapiens	10	False
4664	103896	CHEMBL1671609	ERO1-like protein alpha	SINGLE PROTEIN	Homo sapiens	5	False
4665	103900	CHEMBL1671613	Type-1 angiotensin II receptor	SINGLE PROTEIN	Cavia porcellus	73	True
4666	103904	CHEMBL1681611	Prolactin-releasing peptide receptor	SINGLE PROTEIN	Homo sapiens	105	False
4667	103906	CHEMBL1681613	Multidrug resistance protein MdtK	SINGLE PROTEIN	Escherichia coli (strain K12)	5	False
4668	103907	CHEMBL1681614	Multidrug efflux pump subunit AcrB	SINGLE PROTEIN	Escherichia coli (strain K12)	5	False
4669	103908	CHEMBL1681615	Mycocyclosin synthase	SINGLE PROTEIN	Mycobacterium tuberculosis	8	False
4670	103909	CHEMBL1681616	Accessory gene regulator protein A	SINGLE PROTEIN	Staphylococcus aureus	7	False
4671	103910	CHEMBL1681617	Endothelin receptor type B	SINGLE PROTEIN	Mus musculus	13	False
4672	103913	CHEMBL1681620	Dihydrofolate reductase	SINGLE PROTEIN	Staphylococcus aureus	165	False
4673	103914	CHEMBL1681621	Cyclic nucleotide specific phosphodiesterase	SINGLE PROTEIN	Trypanosoma cruzi	31	False
4674	103915	CHEMBL1681622	D-alanyl-D-alanine dipeptidase	SINGLE PROTEIN	Enterococcus faecium	5	False
4675	103917	CHEMBL1681624	14-alpha sterol demethylase	SINGLE PROTEIN	Neosartorya fumigata (Aspergillus fumigatus)	5	False
4676	103924	CHEMBL1681631	Acyl-protein thioesterase 1	SINGLE PROTEIN	Homo sapiens	12	False
4677	103925	CHEMBL1687677	Pancreatic triacylglycerol lipase	SINGLE PROTEIN	Sus scrofa	80	False
4678	103928	CHEMBL1687680	Transcription factor GATA-4	SINGLE PROTEIN	Mus musculus	40	False
4679	103936	CHEMBL1697657	Peptidyl-prolyl cis-trans isomerase D	SINGLE PROTEIN	Homo sapiens	31	False
4680	103937	CHEMBL1697658	Pleiotropic ABC efflux transporter of multiple drugs	SINGLE PROTEIN	Saccharomyces cerevisiae S288c	16	False
4681	103940	CHEMBL1697661	Cysteine protease falcipain-3	SINGLE PROTEIN	Plasmodium falciparum	37	False
4682	103941	CHEMBL1697662	Botulinum neurotoxin type E	SINGLE PROTEIN	Clostridium botulinum	8	False
4683	103946	CHEMBL1697667	AP-2 complex subunit sigma	SINGLE PROTEIN	Rattus norvegicus	10	False
4684	103947	CHEMBL1697668	Solute carrier organic anion transporter family member 1B1	SINGLE PROTEIN	Homo sapiens	1754	False
4685	103955	CHEMBL1697676	Carbonic anhydrase 2	SINGLE PROTEIN	Cryptococcus neoformans var. grubii	70	False
4686	103957	CHEMBL1741161	Acyl-homoserine lactone acylase PvdQ	SINGLE PROTEIN	Pseudomonas aeruginosa (strain LESB58)	92	False
4687	103958	CHEMBL1741162	Phosphomannomutase 2	SINGLE PROTEIN	Homo sapiens	13	False
4688	103959	CHEMBL1741163	ORF 73	SINGLE PROTEIN	Human herpesvirus 8	72	False
4689	103961	CHEMBL1741165	Microphthalmia-associated transcription factor	SINGLE PROTEIN	Homo sapiens	599	False
4690	103966	CHEMBL1741170	Citrate synthase, peroxisomal	SINGLE PROTEIN	Saccharomyces cerevisiae S288c	14	False
4691	103967	CHEMBL1741171	Protein RecA	SINGLE PROTEIN	Mycobacterium tuberculosis	1323	False
4692	103968	CHEMBL1741172	Large ribosomal subunit protein eL19A	SINGLE PROTEIN	Saccharomyces cerevisiae S288c	54	False
4693	103972	CHEMBL1741176	X-box-binding protein 1	SINGLE PROTEIN	Homo sapiens	610	False
4694	103974	CHEMBL1741178	General amino acid permease AGP1	SINGLE PROTEIN	Saccharomyces cerevisiae S288c	19	False
4695	103975	CHEMBL1741179	DNA dC->dU-editing enzyme APOBEC-3A	SINGLE PROTEIN	Homo sapiens	364	False
4696	103976	CHEMBL1741180	Mitochondrial import inner membrane translocase subunit TIM23	SINGLE PROTEIN	Saccharomyces cerevisiae S288c	314	False
4697	103979	CHEMBL1741183	Ammonium transporter MEP2	SINGLE PROTEIN	Saccharomyces cerevisiae S288c	8	False
4698	103981	CHEMBL1741185	CAAX prenyl protease 1	SINGLE PROTEIN	Saccharomyces cerevisiae S288c	69	False
4699	103982	CHEMBL1741186	Nuclear receptor ROR-gamma	SINGLE PROTEIN	Homo sapiens	10089	True
4700	103983	CHEMBL1741187	Importin subunit alpha-1	SINGLE PROTEIN	Homo sapiens	5	False
4701	103985	CHEMBL1741189	FAD-linked sulfhydryl oxidase ALR	SINGLE PROTEIN	Homo sapiens	1289	False
4702	103987	CHEMBL1741191	SUMO-conjugating enzyme UBC9	SINGLE PROTEIN	Homo sapiens	15	False
4703	103988	CHEMBL1741192	Replicative DNA helicase DnaB	SINGLE PROTEIN	Mycobacterium tuberculosis	1124	False
4704	103990	CHEMBL1741194	Mitochondrial import inner membrane translocase subunit TIM10	SINGLE PROTEIN	Saccharomyces cerevisiae S288c	258	False
4705	103991	CHEMBL1741195	Enteropeptidase	SINGLE PROTEIN	Homo sapiens	366	False
4706	103996	CHEMBL1741200	Hexokinase HKDC1	SINGLE PROTEIN	Homo sapiens	135	False
4707	103997	CHEMBL1741201	Hexokinase	SINGLE PROTEIN	Trypanosoma brucei brucei (strain 927/4 GUTat10.1)	71	False
4708	103999	CHEMBL1741203	Scavenger receptor class B member 1	SINGLE PROTEIN	Mus musculus	117	False
4709	104003	CHEMBL1741207	Sentrin-specific protease 8	SINGLE PROTEIN	Homo sapiens	247	False
4710	104004	CHEMBL1741208	NACHT, LRR and PYD domains-containing protein 3	SINGLE PROTEIN	Homo sapiens	770	False
4711	104008	CHEMBL1741212	Glucose-6-phosphate dehydrogenase-6-phosphogluconolactonase	SINGLE PROTEIN	Plasmodium berghei	341	False
4712	104009	CHEMBL1741213	Sentrin-specific protease 7	SINGLE PROTEIN	Homo sapiens	602	False
4713	104010	CHEMBL1741214	NACHT, LRR and PYD domains-containing protein 1	SINGLE PROTEIN	Homo sapiens	5	False
4714	104011	CHEMBL1741215	Sentrin-specific protease 6	SINGLE PROTEIN	Homo sapiens	318	False
4715	104012	CHEMBL1741216	NADPH oxidase 3	SINGLE PROTEIN	Homo sapiens	5	False
4716	104013	CHEMBL1741217	DNA dC->dU-editing enzyme APOBEC-3G	SINGLE PROTEIN	Homo sapiens	622	False
4717	104015	CHEMBL1741219	Short transient receptor potential channel 4	SINGLE PROTEIN	Mus musculus	11	False
4718	104016	CHEMBL1741220	Bromodomain adjacent to zinc finger domain protein 2B	SINGLE PROTEIN	Homo sapiens	90	False
4719	104017	CHEMBL1741221	Cysteine protease ATG4B	SINGLE PROTEIN	Homo sapiens	372	False
4720	104020	CHEMBL1741262	Plasmepsin IV	SINGLE PROTEIN	Plasmodium falciparum 3D7	14	False
4721	104024	CHEMBL1741266	DNA topoisomerase 2	SINGLE PROTEIN	Plasmodium falciparum K1	7	False
4722	104062	CHEMBL1743121	Solute carrier organic anion transporter family member 1B3	SINGLE PROTEIN	Homo sapiens	1784	False
4723	104063	CHEMBL1743122	Solute carrier family 22 member 2	SINGLE PROTEIN	Homo sapiens	57	False
4724	104064	CHEMBL1743123	Solute carrier organic anion transporter family member 1A2	SINGLE PROTEIN	Homo sapiens	17	False
4725	104065	CHEMBL1743124	Solute carrier organic anion transporter family member 2B1	SINGLE PROTEIN	Homo sapiens	69	False
4726	104066	CHEMBL1743125	Solute carrier family 15 member 2	SINGLE PROTEIN	Homo sapiens	21	False
4727	104067	CHEMBL1743126	Multidrug and toxin extrusion protein 1	SINGLE PROTEIN	Homo sapiens	42	False
4728	104068	CHEMBL1743127	Multidrug and toxin extrusion protein 2	SINGLE PROTEIN	Homo sapiens	19	False
4729	104069	CHEMBL1743128	ATP-binding cassette sub-family C member 4	SINGLE PROTEIN	Homo sapiens	51	False
4730	104071	CHEMBL1743183	Leukotriene C4 synthase	SINGLE PROTEIN	Homo sapiens	152	False
4731	104076	CHEMBL1743291	Sulfotransferase 1A1	SINGLE PROTEIN	Homo sapiens	6	False
4732	104097	CHEMBL1744488	Metallo-beta-lactamase type 2	SINGLE PROTEIN	Bacillus cereus	7	False
4733	104103	CHEMBL1744522	Endothelial PAS domain-containing protein 1	SINGLE PROTEIN	Homo sapiens	488	True
4734	104104	CHEMBL1744523	SGLT1 protein	SINGLE PROTEIN	Mus musculus	5	False
4735	104106	CHEMBL1744525	Nicotinamide phosphoribosyltransferase	SINGLE PROTEIN	Homo sapiens	4773	True
4736	104111	CHEMBL1764934	Hemagglutinin-neuraminidase	SINGLE PROTEIN	Human parainfluenza virus 1	12	False
4737	104117	CHEMBL1764940	Replication protein A 70 kDa DNA-binding subunit	SINGLE PROTEIN	Homo sapiens	45	False
4738	104119	CHEMBL1764942	Substance-P receptor	SINGLE PROTEIN	Meriones unguiculatus	55	False
4739	104123	CHEMBL1764946	Chromobox protein homolog 7	SINGLE PROTEIN	Homo sapiens	66	False
4740	104124	CHEMBL1770032	Solute carrier family 22 member 2	SINGLE PROTEIN	Rattus norvegicus	15	False
4741	104125	CHEMBL1770033	Solute carrier family 22 member 3	SINGLE PROTEIN	Rattus norvegicus	5	False
4742	104126	CHEMBL1770034	Phosphatidylinositol 5-phosphate 4-kinase type-2 gamma	SINGLE PROTEIN	Homo sapiens	293	False
4743	104127	CHEMBL1770035	Phospho-N-acetylmuramoyl-pentapeptide-transferase	SINGLE PROTEIN	Staphylococcus aureus	35	False
4744	104129	CHEMBL1770037	fMet-Leu-Phe receptor	SINGLE PROTEIN	Mus musculus	5	False
4745	104135	CHEMBL1770043	6-phosphogluconate dehydrogenase, decarboxylating, putative	SINGLE PROTEIN	Trypanosoma brucei brucei (strain 927/4 GUTat10.1)	5	False
4746	104138	CHEMBL1770046	P2Y purinoceptor 14	SINGLE PROTEIN	Mus musculus	94	False
4747	104140	CHEMBL1772926	Dual specificity protein phosphatase CDC14A	SINGLE PROTEIN	Homo sapiens	12	False
4748	104141	CHEMBL1772927	Serine hydroxymethyltransferase, cytosolic	SINGLE PROTEIN	Homo sapiens	65	False
4749	104143	CHEMBL1772929	HTH-type transcriptional regulator EthR	SINGLE PROTEIN	Mycobacterium tuberculosis	44	False
4750	104146	CHEMBL1772932	Mitotic checkpoint serine/threonine-protein kinase BUB1	SINGLE PROTEIN	Homo sapiens	1156	False
4751	104148	CHEMBL1777665	Solute carrier family 22 member 6	SINGLE PROTEIN	Rattus norvegicus	23	True
4752	104149	CHEMBL1781857	Glycogen synthase kinase 3	SINGLE PROTEIN	Plasmodium falciparum (isolate 3D7)	39	False
4753	104150	CHEMBL1781858	Casein kinase I isoform alpha	SINGLE PROTEIN	Sus scrofa	14	False
4754	104151	CHEMBL1781859	Solute carrier organic anion transporter family member 1A1	SINGLE PROTEIN	Rattus norvegicus	19	True
4755	104152	CHEMBL1781860	Solute carrier organic anion transporter family member 1A4	SINGLE PROTEIN	Rattus norvegicus	6	False
4756	104154	CHEMBL1781862	Calmodulin-domain protein kinase 1	SINGLE PROTEIN	Toxoplasma gondii	449	False
4757	104156	CHEMBL1781864	Transient receptor potential cation channel subfamily V member 1	SINGLE PROTEIN	Mus musculus	6	False
4758	104157	CHEMBL1781865	Endoplasmic reticulum chaperone BiP	SINGLE PROTEIN	Homo sapiens	33	False
4759	104160	CHEMBL1781868	Programmed cell death protein 4	SINGLE PROTEIN	Homo sapiens	12	False
4760	104163	CHEMBL1795081	Short transient receptor potential channel 6	SINGLE PROTEIN	Mus musculus	19	False
4761	104164	CHEMBL1795082	DNA topoisomerase	SINGLE PROTEIN	Yersinia pestis	31	False
4762	104167	CHEMBL1795085	Ataxin-2	SINGLE PROTEIN	Homo sapiens	142	False
4763	104168	CHEMBL1795086	HSP90	SINGLE PROTEIN	Plasmodium falciparum 3D7	829	False
4764	104169	CHEMBL1795087	Ubiquitin carboxyl-terminal hydrolase 1	SINGLE PROTEIN	Homo sapiens	976	False
4765	104170	CHEMBL1795088	Beta-arrestin-1	SINGLE PROTEIN	Homo sapiens	17	False
4766	104171	CHEMBL1795089	Latent membrane protein 1	SINGLE PROTEIN	Human herpesvirus 4 (strain B95-8)	198	False
4767	104173	CHEMBL1795091	Regulator of G-protein signaling 4	SINGLE PROTEIN	Homo sapiens	39	False
4768	104175	CHEMBL1795093	Apoptotic protease-activating factor 1	SINGLE PROTEIN	Homo sapiens	184	False
4769	104176	CHEMBL1795094	Nuclear receptor subfamily 0 group B member 1	SINGLE PROTEIN	Homo sapiens	12	False
4770	104178	CHEMBL1795096	Endoribonuclease toxin MazF	SINGLE PROTEIN	Escherichia coli K-12	34	False
4771	104180	CHEMBL1795098	Carboxy-terminal domain RNA polymerase II polypeptide A small phosphatase 1	SINGLE PROTEIN	Homo sapiens	775	False
4772	104181	CHEMBL1795101	Peptide deformylase	SINGLE PROTEIN	Escherichia coli	170	False
4773	104183	CHEMBL1795103	Matrix metalloproteinase-25	SINGLE PROTEIN	Homo sapiens	9	False
4774	104194	CHEMBL1795114	CD209 antigen	SINGLE PROTEIN	Homo sapiens	18	False
4775	104196	CHEMBL1795116	Protein arginine N-methyltransferase 5	SINGLE PROTEIN	Homo sapiens	1199	False
4776	104197	CHEMBL1795117	Histone-lysine N-methyltransferase, H3 lysine-79 specific	SINGLE PROTEIN	Homo sapiens	179	False
4777	104198	CHEMBL1795118	Histone-lysine N-methyltransferase SUV39H1	SINGLE PROTEIN	Homo sapiens	36	False
4778	104199	CHEMBL1795119	Chitinase	SINGLE PROTEIN	Onchocerca volvulus	41	False
4779	104203	CHEMBL1795123	Hsp90 co-chaperone Cdc37	SINGLE PROTEIN	Homo sapiens	10	False
4780	104205	CHEMBL1795125	Carbonic anhydrase	SINGLE PROTEIN	Dicentrarchus labrax	8	False
4781	104206	CHEMBL1795126	cAMP and cAMP-inhibited cGMP 3',5'-cyclic phosphodiesterase 10A	SINGLE PROTEIN	Mus musculus	100	False
4782	104207	CHEMBL1795127	Thymidine kinase	SINGLE PROTEIN	Human herpesvirus 1	37	False
4783	104209	CHEMBL1795129	Interleukin-6	SINGLE PROTEIN	Homo sapiens	135	True
4784	104215	CHEMBL1795135	3-oxoacyl-[acyl-carrier-protein] synthase 3	SINGLE PROTEIN	Escherichia coli	56	False
4785	104218	CHEMBL1795138	Transmembrane protease serine 11D	SINGLE PROTEIN	Homo sapiens	52	False
4786	104219	CHEMBL1795139	Transmembrane protease serine 6	SINGLE PROTEIN	Homo sapiens	107	False
4787	104220	CHEMBL1795140	Transmembrane protease serine 2	SINGLE PROTEIN	Homo sapiens	40	False
4788	104223	CHEMBL1795143	Poly(ADP-ribose) glycohydrolase	SINGLE PROTEIN	Homo sapiens	835	False
4789	104228	CHEMBL1795148	Arginase-2, mitochondrial	SINGLE PROTEIN	Homo sapiens	21	False
4790	104231	CHEMBL1795151	Bis(5'-adenosyl)-triphosphatase	SINGLE PROTEIN	Homo sapiens	22	False
4791	104233	CHEMBL1795153	Thymidylate synthase (EC 2.1.1.45) (TS) (TSase)	SINGLE PROTEIN	Escherichia coli	7	False
4792	104235	CHEMBL1795155	Epoxide hydrolase B	SINGLE PROTEIN	Mycobacterium tuberculosis	17	False
4793	104236	CHEMBL1795156	Hydrolase, alpha/beta hydrolase fold family	SINGLE PROTEIN	Mycobacterium tuberculosis	28	False
4794	104237	CHEMBL1795157	Acyl-homoserine-lactone synthase	SINGLE PROTEIN	Pseudomonas aeruginosa (strain ATCC 15692 / PAO1 / 1C / PRS 101 / LMG12228)	13	False
4795	104239	CHEMBL1795159	3-(3-hydroxydecanoyloxy)decanoate synthase	SINGLE PROTEIN	Pseudomonas aeruginosa (strain ATCC 15692 / PAO1 / 1C / PRS 101 / LMG12228)	12	False
4796	104241	CHEMBL1795161	Flavin-dependent thymidylate synthase	SINGLE PROTEIN	Mycobacterium tuberculosis	11	False
4797	104243	CHEMBL1795163	Autoinducer 1 sensor kinase/phosphatase LuxN	SINGLE PROTEIN	Vibrio harveyi	10	False
4798	104245	CHEMBL1795165	Hormonally up-regulated neu tumor-associated kinase	SINGLE PROTEIN	Homo sapiens	154	False
4799	104246	CHEMBL1795166	Sterol regulatory element-binding protein 2	SINGLE PROTEIN	Homo sapiens	17	False
4800	104247	CHEMBL1795167	Toll-like receptor 4	SINGLE PROTEIN	Mus musculus	72	False
4801	104248	CHEMBL1795168	CDGSH iron-sulfur domain-containing protein 1	SINGLE PROTEIN	Homo sapiens	62	False
4802	104250	CHEMBL1795170	Macrophage-stimulating protein receptor	SINGLE PROTEIN	Mus musculus	5	False
4803	104251	CHEMBL1795171	Potassium/sodium hyperpolarization-activated cyclic nucleotide-gated channel 1	SINGLE PROTEIN	Homo sapiens	21	False
4804	104254	CHEMBL1795174	Mitogen-activated protein kinase 8	SINGLE PROTEIN	Mus musculus	12	False
4805	104256	CHEMBL1795176	N-lysine methyltransferase KMT5A	SINGLE PROTEIN	Homo sapiens	40	False
4806	104257	CHEMBL1795177	Histone-lysine N-methyltransferase SUV39H2	SINGLE PROTEIN	Homo sapiens	734	False
4807	104258	CHEMBL1795178	Transforming growth factor beta-1 proprotein	SINGLE PROTEIN	Homo sapiens	8	True
4808	104260	CHEMBL1795180	Free fatty acid receptor 1	SINGLE PROTEIN	Rattus norvegicus	215	False
4809	104261	CHEMBL1795181	Thromboxane A2 receptor	SINGLE PROTEIN	Mus musculus	15	False
4810	104262	CHEMBL1795182	Chloroquine resistance transporter	SINGLE PROTEIN	Plasmodium falciparum	23	False
4811	104264	CHEMBL1795184	Protein polybromo-1	SINGLE PROTEIN	Homo sapiens	84	False
4812	104265	CHEMBL1795185	Bromodomain testis-specific protein	SINGLE PROTEIN	Homo sapiens	228	False
4813	104266	CHEMBL1795186	Bromodomain-containing protein 3	SINGLE PROTEIN	Homo sapiens	814	False
4814	104268	CHEMBL1795188	Proton-coupled folate transporter	SINGLE PROTEIN	Homo sapiens	37	False
4815	104269	CHEMBL1795189	Fatty acid synthase	SINGLE PROTEIN	Mus musculus	7	False
4816	104271	CHEMBL1795191	Cyclin-dependent kinase 10	SINGLE PROTEIN	Homo sapiens	11	False
4817	104272	CHEMBL1795192	Cyclin-dependent kinase 13	SINGLE PROTEIN	Homo sapiens	214	False
4818	104274	CHEMBL1795194	Phosphatidylinositol 5-phosphate 4-kinase type-2 alpha	SINGLE PROTEIN	Homo sapiens	175	False
4819	104275	CHEMBL1795195	Serine/threonine-protein kinase SMG1	SINGLE PROTEIN	Homo sapiens	33	False
4820	104276	CHEMBL1795196	Serine/threonine-protein kinase WNK4	SINGLE PROTEIN	Homo sapiens	114	False
4821	104278	CHEMBL1795198	STE20-related kinase adapter protein alpha	SINGLE PROTEIN	Homo sapiens	10	False
4822	104279	CHEMBL1795199	Receptor-interacting serine/threonine-protein kinase 3	SINGLE PROTEIN	Homo sapiens	347	False
4823	104281	CHEMBL1907587	Neuronal acetylcholine receptor; alpha3/beta2	PROTEIN COMPLEX	Rattus norvegicus	163	False
4824	104282	CHEMBL1907588	Acetylcholine receptor; alpha1/beta1/delta/gamma	PROTEIN COMPLEX	Homo sapiens	75	False
4825	104283	CHEMBL1907589	Neuronal acetylcholine receptor; alpha4/beta2	PROTEIN COMPLEX	Homo sapiens	1088	True
4826	104284	CHEMBL1907590	Neuronal acetylcholine receptor; alpha2/beta4	PROTEIN COMPLEX	Rattus norvegicus	111	False
4827	104285	CHEMBL1907591	Neuronal acetylcholine receptor; alpha4/beta4	PROTEIN COMPLEX	Homo sapiens	71	False
4828	104286	CHEMBL1907592	Neuronal acetylcholine receptor; alpha2/beta2	PROTEIN COMPLEX	Rattus norvegicus	117	False
4829	104287	CHEMBL1907593	Neuronal acetylcholine receptor; alpha3/beta4	PROTEIN COMPLEX	Rattus norvegicus	211	False
4830	104288	CHEMBL1907594	Neuronal acetylcholine receptor; alpha3/beta4	PROTEIN COMPLEX	Homo sapiens	626	False
4831	104289	CHEMBL1907595	Neuronal acetylcholine receptor; alpha4/beta4	PROTEIN COMPLEX	Rattus norvegicus	196	False
4832	104290	CHEMBL1907596	Neuronal acetylcholine receptor; alpha4/beta2	PROTEIN COMPLEX	Rattus norvegicus	1474	False
4833	104291	CHEMBL1907597	GABA-A receptor; GABA-A site (alpha1/beta2 interface)	PROTEIN COMPLEX	Homo sapiens	26	False
4834	104292	CHEMBL1907598	Integrin alpha-V/beta-3	PROTEIN COMPLEX	Homo sapiens	1365	True
4835	104293	CHEMBL1907599	Integrin alpha-4/beta-1	PROTEIN COMPLEX	Homo sapiens	1223	False
4836	104294	CHEMBL1907600	Cyclin-dependent kinase 5/CDK5 activator 1	PROTEIN COMPLEX	Homo sapiens	1722	False
4837	104295	CHEMBL1907601	Cyclin-dependent kinase 4/cyclin D1	PROTEIN COMPLEX	Homo sapiens	1852	True
4838	104296	CHEMBL1907602	Cyclin-dependent kinase 1/cyclin B1	PROTEIN COMPLEX	Homo sapiens	824	False
4839	104297	CHEMBL1907603	Glutamate NMDA receptor; GRIN1/GRIN2B	PROTEIN COMPLEX	Homo sapiens	1957	False
4840	104298	CHEMBL1907604	Glutamate NMDA receptor; GRIN1/GRIN2A	PROTEIN COMPLEX	Homo sapiens	256	False
4841	104299	CHEMBL1907605	Cyclin-dependent kinase 2/cyclin E1	PROTEIN COMPLEX	Homo sapiens	2632	False
4842	104300	CHEMBL1907606	Mitogen-activated protein kinase; ERK1/ERK2	PROTEIN FAMILY	Homo sapiens	182	False
4843	104301	CHEMBL1907607	GABA-A receptor; anion channel	PROTEIN COMPLEX GROUP	Rattus norvegicus	1963	False
4844	104302	CHEMBL1907608	Glutamate NMDA receptor	PROTEIN COMPLEX GROUP	Rattus norvegicus	1760	False
4845	104303	CHEMBL1907609	Muscarinic acetylcholine receptor	PROTEIN FAMILY	Rattus norvegicus	836	False
4846	104304	CHEMBL1907610	Adrenergic receptor alpha-1	PROTEIN FAMILY	Rattus norvegicus	2953	True
4847	104305	CHEMBL1907611	Tumour suppressor p53/oncoprotein Mdm2	PROTEIN-PROTEIN INTERACTION	Homo sapiens	1245	False
4848	104312	CHEMBL1908381	Peripheral plasma membrane protein CASK	SINGLE PROTEIN	Homo sapiens	146	False
4849	104313	CHEMBL1908382	Serine/threonine-protein kinase PRP4 homolog	SINGLE PROTEIN	Homo sapiens	156	False
4850	104314	CHEMBL1908383	Phosphatidylinositol 4-phosphate 5-kinase type-1 gamma	SINGLE PROTEIN	Homo sapiens	222	False
4851	104315	CHEMBL1908384	SNF-related serine/threonine-protein kinase	SINGLE PROTEIN	Homo sapiens	150	False
4852	104316	CHEMBL1908385	Serine/threonine-protein kinase PknB	SINGLE PROTEIN	Mycobacterium tuberculosis	239	False
4853	104317	CHEMBL1908386	Dual serine/threonine and tyrosine protein kinase	SINGLE PROTEIN	Homo sapiens	164	False
4854	104318	CHEMBL1908387	Calcium-dependent protein kinase 1	SINGLE PROTEIN	Plasmodium falciparum	147	False
4855	104319	CHEMBL1908388	Cyclin-dependent kinase 2 homolog	SINGLE PROTEIN	Plasmodium falciparum (isolate 3D7)	114	False
4856	104320	CHEMBL1908389	Mitogen-activated protein kinase kinase kinase 12	SINGLE PROTEIN	Homo sapiens	1064	False
4857	104322	CHEMBL1909044	Progesterone receptor	SINGLE PROTEIN	Bos taurus	47	False
4858	104327	CHEMBL1909482	14-3-3 protein sigma	SINGLE PROTEIN	Homo sapiens	10	False
4859	104329	CHEMBL1909484	Sentrin-specific protease 1	SINGLE PROTEIN	Homo sapiens	107	False
4860	104330	CHEMBL1909485	Glycogen synthase kinase 3 beta	SINGLE PROTEIN	Sus scrofa	19	False
4861	104331	CHEMBL1909486	Protein-arginine deiminase type-1	SINGLE PROTEIN	Homo sapiens	30	False
4862	104332	CHEMBL1909487	Protein-arginine deiminase type-2	SINGLE PROTEIN	Homo sapiens	62	False
4863	104333	CHEMBL1909488	Protein-arginine deiminase type-3	SINGLE PROTEIN	Homo sapiens	31	False
4864	104335	CHEMBL1909490	Interleukin-1 beta	SINGLE PROTEIN	Homo sapiens	250	True
4865	104358	CHEMBL1914262	Sphingosine 1-phosphate receptor 1	SINGLE PROTEIN	Mus musculus	21	False
4866	104359	CHEMBL1914263	Sphingosine 1-phosphate receptor 1	SINGLE PROTEIN	Rattus norvegicus	14	False
4867	104362	CHEMBL1914266	Islet amyloid polypeptide	SINGLE PROTEIN	Homo sapiens	17	False
4868	104363	CHEMBL1914267	Estradiol 17-beta-dehydrogenase 1	SINGLE PROTEIN	Rattus norvegicus	11	False
4869	104364	CHEMBL1914268	Estradiol 17-beta-dehydrogenase 2	SINGLE PROTEIN	Rattus norvegicus	10	False
4870	104365	CHEMBL1914269	17-beta-hydroxysteroid dehydrogenase type 1	SINGLE PROTEIN	Mus musculus	18	False
4871	104366	CHEMBL1914270	Estradiol 17-beta-dehydrogenase 2	SINGLE PROTEIN	Mus musculus	44	False
4872	104367	CHEMBL1914271	17-beta-hydroxysteroid dehydrogenase type 1	SINGLE PROTEIN	Callithrix jacchus	5	False
4873	104368	CHEMBL1914272	Scavenger receptor class B member 1	SINGLE PROTEIN	Homo sapiens	53	False
4874	104374	CHEMBL1914278	G protein-activated inward rectifier potassium channel 4	SINGLE PROTEIN	Homo sapiens	29	False
4875	104378	CHEMBL1921662	CAI-1 autoinducer sensor kinase/phosphatase CqsS	SINGLE PROTEIN	Vibrio cholerae serotype O1 (strain ATCC 39315 / El Tor Inaba N16961)	18	False
4876	104382	CHEMBL1921666	DNA gyrase subunit B	SINGLE PROTEIN	Staphylococcus aureus	267	False
4877	104383	CHEMBL1926488	Protoporphyrinogen oxidase	SINGLE PROTEIN	Homo sapiens	66	False
4878	104385	CHEMBL1926490	Alpha-1A adrenergic receptor	SINGLE PROTEIN	Sus scrofa	17	False
4879	104386	CHEMBL1926491	Macrophage migration inhibitory factor	SINGLE PROTEIN	Mus musculus	12	False
4880	104387	CHEMBL1926492	Tau-tubulin kinase 1	SINGLE PROTEIN	Homo sapiens	103	False
4881	104390	CHEMBL1926495	Trace amine-associated receptor 1	SINGLE PROTEIN	Macaca mulatta	8	False
4882	104392	CHEMBL1926497	NADPH oxidase 5	SINGLE PROTEIN	Homo sapiens	23	False
4883	104395	CHEMBL1932891	Acyl-protein thioesterase 2	SINGLE PROTEIN	Homo sapiens	11	False
4884	104396	CHEMBL1932892	Lysozyme C	SINGLE PROTEIN	Gallus gallus	16	False
4885	104397	CHEMBL1932893	Small ribosomal subunit protein eS27	SINGLE PROTEIN	Homo sapiens	9	False
4886	104398	CHEMBL1932894	Matrix protein 2	SINGLE PROTEIN	Influenza A virus	51	False
4887	104399	CHEMBL1932895	Natural resistance-associated macrophage protein 2	SINGLE PROTEIN	Homo sapiens	42	False
4888	104400	CHEMBL1932896	Ezrin	SINGLE PROTEIN	Homo sapiens	8	False
4889	104402	CHEMBL1932898	Syk protein	SINGLE PROTEIN	Mus musculus	30	False
4890	104414	CHEMBL1932910	ATP-dependent Clp protease proteolytic subunit	SINGLE PROTEIN	Staphylococcus aureus (strain NCTC 8325)	54	False
4891	104416	CHEMBL1932912	Histone acetyltransferase KAT8	SINGLE PROTEIN	Homo sapiens	56	False
4892	104419	CHEMBL1938208	Lysine-specific histone demethylase 2	SINGLE PROTEIN	Homo sapiens	32	False
4893	104420	CHEMBL1938209	Lysine-specific demethylase 3A	SINGLE PROTEIN	Homo sapiens	30	False
4894	104421	CHEMBL1938210	Lysine-specific demethylase 2A	SINGLE PROTEIN	Homo sapiens	89	False
4895	104422	CHEMBL1938211	Lysine-specific demethylase 6B	SINGLE PROTEIN	Homo sapiens	150	False
4896	104423	CHEMBL1938212	Histone lysine demethylase PHF8	SINGLE PROTEIN	Homo sapiens	76	False
4897	104426	CHEMBL1938215	Kinase suppressor of Ras 1	SINGLE PROTEIN	Homo sapiens	9	False
4898	104428	CHEMBL1938217	Mixed lineage kinase domain-like protein	SINGLE PROTEIN	Homo sapiens	30	False
4899	104430	CHEMBL1938219	Neuropeptides B/W receptor type 1	SINGLE PROTEIN	Mus musculus	40	False
4900	104433	CHEMBL1938222	1-phosphatidylinositol 3-phosphate 5-kinase	SINGLE PROTEIN	Homo sapiens	194	False
4901	104434	CHEMBL1938223	EKC/KEOPS complex subunit TP53RK	SINGLE PROTEIN	Homo sapiens	11	False
4902	104435	CHEMBL1938224	Protein phosphatase 1D	SINGLE PROTEIN	Homo sapiens	6	False
4903	104437	CHEMBL1938226	Matrix metalloproteinase-20	SINGLE PROTEIN	Homo sapiens	9	False
4904	104438	CHEMBL1938227	Met repressor	SINGLE PROTEIN	Escherichia coli	21	False
4905	104439	CHEMBL1944489	Riboflavin-binding protein	SINGLE PROTEIN	Gallus gallus	5	False
4906	104440	CHEMBL1944490	ATP-binding cassette sub-family C member 8	SINGLE PROTEIN	Rattus norvegicus	17	False
4907	104441	CHEMBL1944491	Proteasome subunit beta type-9	SINGLE PROTEIN	Mus musculus	5	False
4908	104442	CHEMBL1944492	Proteasome subunit beta type-8	SINGLE PROTEIN	Mus musculus	11	False
4909	104444	CHEMBL1944494	Proteasome subunit beta type-5	SINGLE PROTEIN	Mus musculus	18	False
4910	104445	CHEMBL1944495	Proteasome subunit beta type-9	SINGLE PROTEIN	Homo sapiens	113	False
4911	104447	CHEMBL1944497	Soluble acetylcholine receptor	SINGLE PROTEIN	Aplysia californica	26	False
4912	104448	CHEMBL1944498	Carbonic anhydrase 3	SINGLE PROTEIN	Bos taurus	15	False
4913	104449	CHEMBL1944499	Astrosclerin-3	SINGLE PROTEIN	Astrosclera willeyana	43	False
4914	104451	CHEMBL1944501	Trypanothione reductase	SINGLE PROTEIN	Leishmania infantum	45	False
4915	104453	CHEMBL1949483	Glycylpeptide N-tetradecanoyltransferase	SINGLE PROTEIN	Leishmania major	71	False
4916	104457	CHEMBL1949487	Bifunctional protein GlmU	SINGLE PROTEIN	Streptococcus pneumoniae serotype 4 (strain ATCC BAA-334 / TIGR4)	5	False
4917	104458	CHEMBL1949488	m7GpppX diphosphatase	SINGLE PROTEIN	Homo sapiens	39	False
4918	104462	CHEMBL1949492	Legumain	SINGLE PROTEIN	Mus musculus	15	True
4919	104466	CHEMBL1955712	Vasoactive intestinal polypeptide receptor 1	SINGLE PROTEIN	Rattus norvegicus	33	False
4920	104468	CHEMBL1961783	Nuclear receptor subfamily 1 group D member 1	SINGLE PROTEIN	Homo sapiens	111	False
4921	104473	CHEMBL1961788	Nuclear receptor subfamily 2 group E member 1	SINGLE PROTEIN	Homo sapiens	36	False
4922	104475	CHEMBL1961790	COUP transcription factor 2	SINGLE PROTEIN	Homo sapiens	168	False
4923	104477	CHEMBL1961792	Nuclear receptor subfamily 4 group A member 3	SINGLE PROTEIN	Homo sapiens	23	False
4924	104483	CHEMBL2007625	Isocitrate dehydrogenase [NADP] cytoplasmic	SINGLE PROTEIN	Homo sapiens	4136	True
4925	104486	CHEMBL2007628	Tyrosine-protein phosphatase non-receptor type 5	SINGLE PROTEIN	Homo sapiens	101	False
4926	104487	CHEMBL2007629	26S proteasome non-ATPase regulatory subunit 14	SINGLE PROTEIN	Homo sapiens	96	False
4927	104490	CHEMBL2010622	Leucine-rich repeat serine/threonine-protein kinase 2	SINGLE PROTEIN	Mus musculus	33	False
4928	104492	CHEMBL2010624	Thioredoxin	SINGLE PROTEIN	Homo sapiens	13	False
4929	104495	CHEMBL2010627	Pirin	SINGLE PROTEIN	Homo sapiens	10	False
4930	104499	CHEMBL2010631	Atypical chemokine receptor 3	SINGLE PROTEIN	Homo sapiens	1415	False
4931	104503	CHEMBL2010635	Peptide deformylase	SINGLE PROTEIN	Staphylococcus aureus	65	False
4932	104504	CHEMBL2010636	Class 1 phosphodiesterase PDEB1	SINGLE PROTEIN	Trypanosoma brucei	153	False
4933	104508	CHEMBL2016430	NEDD8-activating enzyme E1 catalytic subunit	SINGLE PROTEIN	Homo sapiens	118	False
4934	104509	CHEMBL2016431	NEDD8-activating enzyme E1 regulatory subunit	SINGLE PROTEIN	Homo sapiens	17	False
4935	104512	CHEMBL2021745	2-Hydroxyacid oxidase 2	SINGLE PROTEIN	Rattus norvegicus	52	False
4936	104516	CHEMBL2021749	Sphingolipid delta(4)-desaturase DES1	SINGLE PROTEIN	Homo sapiens	45	False
4937	104517	CHEMBL2021750	TGF-beta receptor type-1	SINGLE PROTEIN	Mus musculus	77	False
4938	104520	CHEMBL2021753	Kinesin-like protein KIF20A	SINGLE PROTEIN	Homo sapiens	8	False
4939	104521	CHEMBL2021754	Neutral ceramidase	SINGLE PROTEIN	Homo sapiens	6	False
4940	104530	CHEMBL2029196	Peptide deformylase	SINGLE PROTEIN	Streptococcus pneumoniae serotype 4 (strain ATCC BAA-334 / TIGR4)	40	False
4941	104531	CHEMBL2029197	Rap guanine nucleotide exchange factor 3	SINGLE PROTEIN	Homo sapiens	109	False
4942	104532	CHEMBL2029198	Rap guanine nucleotide exchange factor 4	SINGLE PROTEIN	Homo sapiens	81	False
4943	104533	CHEMBL2034793	Cytoplasmic tyrosine-protein kinase BMX	SINGLE PROTEIN	Mus musculus	5	False
4944	104534	CHEMBL2034794	Ephrin type-A receptor 3	SINGLE PROTEIN	Mus musculus	9	False
4945	104536	CHEMBL2034796	Receptor-type tyrosine-protein kinase FLT3	SINGLE PROTEIN	Mus musculus	10	False
4946	104537	CHEMBL2034797	Mitogen-activated protein kinase 9	SINGLE PROTEIN	Mus musculus	6	False
4947	104538	CHEMBL2034798	Mast/stem cell growth factor receptor Kit	SINGLE PROTEIN	Mus musculus	44	False
4948	104539	CHEMBL2034799	Proto-oncogene tyrosine-protein kinase receptor Ret	SINGLE PROTEIN	Mus musculus	7	False
4949	104540	CHEMBL2034800	Tyrosine-protein kinase receptor Tie-1	SINGLE PROTEIN	Mus musculus	6	False
4950	104542	CHEMBL2034802	Proto-oncogene tyrosine-protein kinase ROS	SINGLE PROTEIN	Mus musculus	6	False
4951	104543	CHEMBL2034803	Regulator of G-protein signaling 8	SINGLE PROTEIN	Homo sapiens	10	False
4952	104544	CHEMBL2034804	Taste receptor type 2 member 31	SINGLE PROTEIN	Homo sapiens	7	False
4953	104545	CHEMBL2034805	N-acylethanolamine-hydrolyzing acid amidase	SINGLE PROTEIN	Rattus norvegicus	123	False
4954	104547	CHEMBL2034807	DNA repair protein RAD51 homolog 1	SINGLE PROTEIN	Homo sapiens	162	False
4955	104558	CHEMBL2040705	Chondroitin sulfate N-acetylgalactosaminyltransferase 1	SINGLE PROTEIN	Homo sapiens	24	False
4956	104559	CHEMBL2046258	ATP-binding cassette sub-family C member 5	SINGLE PROTEIN	Homo sapiens	11	False
4957	104560	CHEMBL2046259	Kynurenine/alpha-aminoadipate aminotransferase, mitochondrial	SINGLE PROTEIN	Homo sapiens	333	False
4958	104562	CHEMBL2046261	Prostaglandin E synthase	SINGLE PROTEIN	Mus musculus	22	False
4959	104564	CHEMBL2046263	Neuraminidase	SINGLE PROTEIN	Influenza A virus (strain A/Udorn/307/1972 H3N2)	7	False
4960	104565	CHEMBL2046264	Renin	SINGLE PROTEIN	Macaca fascicularis	93	False
4961	104566	CHEMBL2046265	Hepatocyte growth factor receptor	SINGLE PROTEIN	Canis familiaris	5	False
4962	104567	CHEMBL2046266	Acetylcholinesterase	SINGLE PROTEIN	Anopheles gambiae	55	False
4963	104568	CHEMBL2046267	Anoctamin-1	SINGLE PROTEIN	Homo sapiens	314	False
4964	104569	CHEMBL2052027	Acidic mammalian chitinase	SINGLE PROTEIN	Mus musculus	76	False
4965	104570	CHEMBL2052028	Eukaryotic initiation factor 4A-I	SINGLE PROTEIN	Homo sapiens	38	False
4966	104573	CHEMBL2052031	Peptidyl-prolyl cis-trans isomerase FKBP5	SINGLE PROTEIN	Homo sapiens	149	False
4967	104577	CHEMBL2052035	Subtilisin-like protease 1	SINGLE PROTEIN	Plasmodium falciparum	62	False
4968	104578	CHEMBL2052036	Free fatty acid receptor 4	SINGLE PROTEIN	Mus musculus	67	False
4969	104580	CHEMBL2052038	Long-chain fatty acid transport protein 1	SINGLE PROTEIN	Homo sapiens	38	False
4970	104581	CHEMBL2052039	Long-chain fatty acid transport protein 1	SINGLE PROTEIN	Mus musculus	40	False
4971	104583	CHEMBL2062348	Heat shock-related 70 kDa protein 2	SINGLE PROTEIN	Homo sapiens	12	False
4972	104589	CHEMBL2062354	Biotin--protein ligase	SINGLE PROTEIN	Homo sapiens	8	False
4973	104591	CHEMBL2062356	Pro-adrenomedullin	SINGLE PROTEIN	Homo sapiens	32	False
4974	104592	CHEMBL2062357	Max-like protein X	SINGLE PROTEIN	Homo sapiens	8	False
4975	104593	CHEMBL2069156	Kelch-like ECH-associated protein 1	SINGLE PROTEIN	Homo sapiens	253	True
4976	104598	CHEMBL2069161	Probable G-protein coupled receptor 142	SINGLE PROTEIN	Homo sapiens	195	False
4977	104599	CHEMBL2069162	Probable G-protein coupled receptor 142	SINGLE PROTEIN	Mus musculus	42	False
4978	104600	CHEMBL2069163	Dual specificity testis-specific protein kinase 2	SINGLE PROTEIN	Homo sapiens	14	False
4979	104601	CHEMBL2069164	Lysine-specific demethylase 6A	SINGLE PROTEIN	Homo sapiens	7	False
4980	104604	CHEMBL2073663	Monocarboxylate transporter 4	SINGLE PROTEIN	Homo sapiens	330	False
4981	104605	CHEMBL2073664	Solute carrier family 22 member 1	SINGLE PROTEIN	Mus musculus	6	False
4982	104606	CHEMBL2073665	Organic cation/carnitine transporter 2	SINGLE PROTEIN	Mus musculus	13	False
4983	104607	CHEMBL2073666	Organic anion transporter 3	SINGLE PROTEIN	Rattus norvegicus	6	True
4984	104609	CHEMBL2073668	Solute carrier family 22 member 4	SINGLE PROTEIN	Homo sapiens	8	False
4985	104610	CHEMBL2073669	Multidrug resistance associated protein	SINGLE PROTEIN	Homo sapiens	8	True
4986	104611	CHEMBL2073670	Solute carrier family 22 member 1	SINGLE PROTEIN	Rattus norvegicus	16	False
4987	104613	CHEMBL2073672	Organic anion transporter 3	SINGLE PROTEIN	Mus musculus	8	False
4988	104614	CHEMBL2073673	Solute carrier family 22 member 3	SINGLE PROTEIN	Homo sapiens	37	False
4989	104615	CHEMBL2073674	Bile salt export pump	SINGLE PROTEIN	Rattus norvegicus	9	False
4990	104617	CHEMBL2073676	ATP-binding cassette sub-family C member 2	SINGLE PROTEIN	Rattus norvegicus	20	True
4991	104618	CHEMBL2073677	Solute carrier family 22 member 11	SINGLE PROTEIN	Homo sapiens	19	True
4992	104621	CHEMBL2073680	Solute carrier organic anion transporter family member 2A1	SINGLE PROTEIN	Rattus norvegicus	36	False
4993	104627	CHEMBL2073686	Ileal sodium/bile acid cotransporter	SINGLE PROTEIN	Rattus norvegicus	5	False
4994	104628	CHEMBL2073687	ATP-binding cassette sub-family C member 10	SINGLE PROTEIN	Homo sapiens	9	False
4995	104634	CHEMBL2073693	Organic cation/carnitine transporter 2	SINGLE PROTEIN	Homo sapiens	19	False
4996	104643	CHEMBL2073702	ATP-binding cassette sub-family C member 11	SINGLE PROTEIN	Homo sapiens	9	False
4997	104649	CHEMBL2073708	Ileal sodium/bile acid cotransporter	SINGLE PROTEIN	Mus musculus	6	False
4998	104650	CHEMBL2073709	Monocarboxylate transporter 1	SINGLE PROTEIN	Rattus norvegicus	60	False
4999	104658	CHEMBL2073717	Monocarboxylate transporter 10	SINGLE PROTEIN	Rattus norvegicus	7	False
5000	104659	CHEMBL2073718	Monocarboxylate transporter 2	SINGLE PROTEIN	Rattus norvegicus	11	False
5001	104660	CHEMBL2073719	SLC16A10 protein	SINGLE PROTEIN	Homo sapiens	10	False
5002	104661	CHEMBL2073720	Monocarboxylate transporter 8	SINGLE PROTEIN	Rattus norvegicus	6	False
5003	104666	CHEMBL2079845	GTPase NRas	SINGLE PROTEIN	Homo sapiens	226	False
5004	104667	CHEMBL2079846	Son of sevenless homolog 1	SINGLE PROTEIN	Homo sapiens	900	False
5005	104669	CHEMBL2079848	Activated CDC42 kinase 1	SINGLE PROTEIN	Mus musculus	39	False
5006	104670	CHEMBL2079849	Serine protease hepsin	SINGLE PROTEIN	Homo sapiens	182	False
5007	104672	CHEMBL2079851	Snake venom metalloproteinase BaP1	SINGLE PROTEIN	Bothrops asper	5	False
5008	104675	CHEMBL2093135	Onchocerca ochengi	ORGANISM	Onchocerca ochengi	388	False
5009	104676	CHEMBL2093136	Onchocerca lienalis	ORGANISM	Onchocerca lienalis	28	False
5010	104677	CHEMBL2093861	Menin/Histone-lysine N-methyltransferase MLL	PROTEIN-PROTEIN INTERACTION	Homo sapiens	11513	True
5011	104678	CHEMBL2093862	Runt-related transcription factor 1/Core-binding factor subunit beta	PROTEIN-PROTEIN INTERACTION	Homo sapiens	46	False
5012	104679	CHEMBL2093863	Phosphodiesterase 4	PROTEIN FAMILY	Homo sapiens	1340	True
5013	104680	CHEMBL2093864	Adrenergic receptor alpha-2	PROTEIN FAMILY	Rattus norvegicus	1362	True
5014	104681	CHEMBL2093865	Histone deacetylase	PROTEIN FAMILY	Homo sapiens	2777	True
5015	104682	CHEMBL2093866	Estrogen receptor	PROTEIN FAMILY	Homo sapiens	330	False
5016	104683	CHEMBL2093867	Protein kinase C (PKC)	PROTEIN FAMILY	Homo sapiens	195	True
5017	104684	CHEMBL2093868	Dopamine receptor	PROTEIN FAMILY	Rattus norvegicus	388	False
5018	104685	CHEMBL2093869	Integrin alpha-IIb/beta-3	PROTEIN COMPLEX	Homo sapiens	1451	False
5019	104686	CHEMBL2093870	Serotonin 2 (5-HT2) receptor	PROTEIN FAMILY	Rattus norvegicus	1140	False
5020	104687	CHEMBL2093871	Glutamate receptor ionotropic, AMPA	PROTEIN COMPLEX GROUP	Rattus norvegicus	673	False
5021	104688	CHEMBL2093872	GABA-A receptor; anion channel	PROTEIN COMPLEX GROUP	Homo sapiens	436	True
5022	104689	CHEMBL2094107	GABA-A receptor; anion channel	PROTEIN COMPLEX GROUP	Bos taurus	283	False
5023	104690	CHEMBL2094108	Protein farnesyltransferase	PROTEIN COMPLEX	Homo sapiens	1704	True
5024	104691	CHEMBL2094109	Muscarinic acetylcholine receptor	PROTEIN FAMILY	Homo sapiens	207	False
5025	104692	CHEMBL2094110	Neuronal acetylcholine receptor	PROTEIN COMPLEX GROUP	Rattus norvegicus	295	False
5026	104693	CHEMBL2094111	Adrenergic receptor alpha	PROTEIN FAMILY	Rattus norvegicus	100	False
5027	104694	CHEMBL2094112	Angiotensin II receptor	PROTEIN FAMILY	Rattus norvegicus	545	True
5028	104695	CHEMBL2094113	Estrogen receptor	PROTEIN FAMILY	Mus musculus	68	False
5029	104696	CHEMBL2094114	Estrogen receptor	PROTEIN FAMILY	Rattus norvegicus	79	False
5030	104697	CHEMBL2094115	MAP kinase p38	PROTEIN FAMILY	Homo sapiens	563	False
5031	104698	CHEMBL2094116	Serotonin 3 (5-HT3) receptor	PROTEIN COMPLEX	Rattus norvegicus	744	False
5032	104699	CHEMBL2094117	Adenosine A2 receptor	PROTEIN FAMILY	Rattus norvegicus	779	False
5033	104700	CHEMBL2094118	Adrenergic receptor beta	PROTEIN FAMILY	Homo sapiens	217	True
5034	104701	CHEMBL2094119	Glutamate receptor ionotropic, kainate	PROTEIN COMPLEX GROUP	Rattus norvegicus	93	False
5035	104702	CHEMBL2094120	GABA-A receptor; alpha-3/beta-3/gamma-2	PROTEIN COMPLEX	Homo sapiens	598	False
5036	104703	CHEMBL2094121	GABA-A receptor; alpha-1/beta-3/gamma-2	PROTEIN COMPLEX	Homo sapiens	609	False
5037	104704	CHEMBL2094122	GABA-A receptor; alpha-5/beta-3/gamma-2	PROTEIN COMPLEX	Homo sapiens	681	False
5038	104705	CHEMBL2094123	Serotonin (5-HT) receptor	PROTEIN FAMILY	Rattus norvegicus	77	False
5039	104706	CHEMBL2094124	Glutamate [NMDA] receptor	PROTEIN COMPLEX GROUP	Homo sapiens	311	True
5040	104707	CHEMBL2094125	Phosphodiesterase 3	PROTEIN FAMILY	Homo sapiens	620	True
5041	104708	CHEMBL2094126	Cyclin-dependent kinase 2/cyclin E	PROTEIN COMPLEX	Homo sapiens	806	False
5042	104709	CHEMBL2094127	Cyclin-dependent kinase 1/cyclin B	PROTEIN COMPLEX	Homo sapiens	468	False
5043	104710	CHEMBL2094128	Cyclin-dependent kinase 2/cyclin A	PROTEIN COMPLEX	Homo sapiens	1148	False
5044	104711	CHEMBL2094129	Opioid receptor	PROTEIN FAMILY	Rattus norvegicus	301	False
5045	104712	CHEMBL2094130	GABA-A receptor; alpha-2/beta-3/gamma-2	PROTEIN COMPLEX	Homo sapiens	480	False
5046	104714	CHEMBL2094132	Serotonin 3 (5-HT3) receptor	PROTEIN COMPLEX GROUP	Homo sapiens	235	False
5047	104715	CHEMBL2094133	GABA-A receptor; anion channel	PROTEIN COMPLEX GROUP	Mus musculus	41	False
5048	104716	CHEMBL2094134	Tubulin	PROTEIN FAMILY	Bos taurus	578	False
5049	104717	CHEMBL2094135	Gamma-secretase	PROTEIN COMPLEX	Homo sapiens	2171	True
5050	104720	CHEMBL2094138	cAMP-dependent protein kinase (PKA)	PROTEIN FAMILY	Homo sapiens	227	False
5051	104721	CHEMBL2094139	DNA gyrase	PROTEIN COMPLEX	Escherichia coli	596	False
5052	104722	CHEMBL2094250	Angiotensin II receptor (AT-1) type-1	PROTEIN FAMILY	Rattus norvegicus	859	True
5053	104723	CHEMBL2094251	Adrenergic receptor alpha-1	PROTEIN FAMILY	Homo sapiens	394	True
5054	104725	CHEMBL2094253	Cyclooxygenase	PROTEIN FAMILY	Homo sapiens	110	True
5055	104726	CHEMBL2094254	Cysteinyl leukotriene receptor	PROTEIN FAMILY	Homo sapiens	464	False
5056	104727	CHEMBL2094255	DNA topoisomerase II	PROTEIN FAMILY	Homo sapiens	156	True
5057	104728	CHEMBL2094256	Angiotensin II receptor	PROTEIN FAMILY	Homo sapiens	442	True
5058	104729	CHEMBL2094257	Adenosine A2 receptor	PROTEIN FAMILY	Homo sapiens	239	True
5059	104730	CHEMBL2094258	Nuclear factor NF-kappa-B complex	PROTEIN COMPLEX GROUP	Homo sapiens	1089	False
5060	104731	CHEMBL2094266	Protein kinase C (PKC)	PROTEIN FAMILY	Rattus norvegicus	163	False
5061	104732	CHEMBL2094267	Phosphodiesterase 4	PROTEIN FAMILY	Rattus norvegicus	213	False
5062	104733	CHEMBL2094268	Melatonin receptor	PROTEIN FAMILY	Homo sapiens	158	True
5063	104734	CHEMBL2095149	Opioid receptors; mu & delta	SELECTIVITY GROUP	Homo sapiens	167	False
5064	104735	CHEMBL2095150	Phosphodiesterase 1	PROTEIN FAMILY	Homo sapiens	167	False
5065	104736	CHEMBL2095151	Opioid receptors; delta & kappa	SELECTIVITY GROUP	Homo sapiens	14	False
5066	104737	CHEMBL2095152	Sulfonylurea receptors; K-ATP channels	PROTEIN COMPLEX GROUP	Homo sapiens	215	False
5067	104738	CHEMBL2095153	Phosphodiesterase; PDE3 & PDE4	SELECTIVITY GROUP	Homo sapiens	27	False
5068	104739	CHEMBL2095154	Melatonin receptor	PROTEIN FAMILY	Gallus gallus	260	False
5069	104740	CHEMBL2095155	Opioid receptors; mu & delta	SELECTIVITY GROUP	Rattus norvegicus	13	False
5070	104741	CHEMBL2095156	Opioid receptors; mu & kappa	SELECTIVITY GROUP	Homo sapiens	9	False
5071	104742	CHEMBL2095157	Cyclooxygenase	PROTEIN FAMILY	Rattus norvegicus	315	True
5072	104743	CHEMBL2095158	Adrenergic receptor alpha-2	PROTEIN FAMILY	Homo sapiens	223	True
5073	104744	CHEMBL2095159	Serotonin 1 (5-HT1) receptor	PROTEIN FAMILY	Rattus norvegicus	242	False
5074	104745	CHEMBL2095160	Leukotriene B4 receptor	PROTEIN FAMILY	Homo sapiens	286	False
5075	104746	CHEMBL2095161	Peroxisome proliferator-activated receptor gamma/Nuclear receptor coactivator 3	PROTEIN-PROTEIN INTERACTION	Homo sapiens	16	False
5076	104747	CHEMBL2095162	Peroxisome proliferator-activated receptor gamma/Nuclear receptor coactivator 1	PROTEIN-PROTEIN INTERACTION	Homo sapiens	86	False
5077	104748	CHEMBL2095163	Peroxisome proliferator-activated receptor gamma/Nuclear receptor coactivator 2	PROTEIN-PROTEIN INTERACTION	Homo sapiens	94	False
5078	104749	CHEMBL2095164	Geranylgeranyl transferase type I	PROTEIN COMPLEX	Homo sapiens	412	False
5079	104750	CHEMBL2095165	Heat shock protein HSP90	PROTEIN FAMILY	Homo sapiens	923	True
5080	104751	CHEMBL2095166	Adrenergic receptor beta	PROTEIN FAMILY	Rattus norvegicus	107	False
5081	104752	CHEMBL2095167	GABA-A receptor; alpha-1/beta-2/gamma-2	PROTEIN COMPLEX	Rattus norvegicus	88	False
5082	104753	CHEMBL2095168	Hemoglobin HbA	PROTEIN COMPLEX	Homo sapiens	20	True
5083	104756	CHEMBL2095171	Sodium channel alpha subunits; brain (Types I, II, III)	PROTEIN FAMILY	Rattus norvegicus	112	False
5084	104757	CHEMBL2095172	GABA-A receptor; alpha-1/beta-2/gamma-2	PROTEIN COMPLEX	Homo sapiens	284	False
5085	104758	CHEMBL2095173	Potassium-transporting ATPase	PROTEIN COMPLEX	Homo sapiens	240	False
5086	104759	CHEMBL2095174	SUMO-activating enzyme	PROTEIN COMPLEX	Homo sapiens	279	False
5087	104761	CHEMBL2095177	Voltage-gated L-type calcium channel	PROTEIN FAMILY	Rattus norvegicus	288	False
5088	104762	CHEMBL2095178	Protein farnesyltransferase	PROTEIN COMPLEX	Bos taurus	403	False
5089	104763	CHEMBL2095179	Adenylate cyclase	PROTEIN FAMILY	Rattus norvegicus	12	False
5090	104764	CHEMBL2095180	Carbonic anhydrase	PROTEIN FAMILY	Homo sapiens	43	False
5091	104765	CHEMBL2095181	Opioid receptors; mu/kappa/delta	PROTEIN FAMILY	Homo sapiens	97	True
5092	104766	CHEMBL2095182	Tubulin	PROTEIN COMPLEX GROUP	Homo sapiens	1110	True
5093	104767	CHEMBL2095183	Shiga toxin	PROTEIN COMPLEX	Escherichia coli O157:H7	265	False
5094	104768	CHEMBL2095184	Integrin alpha-4/beta-7	PROTEIN COMPLEX	Homo sapiens	407	False
5095	104769	CHEMBL2095185	Cholecystokinin receptor	PROTEIN FAMILY	Homo sapiens	73	False
5096	104770	CHEMBL2095186	Sodium/potassium-transporting ATPase	PROTEIN COMPLEX GROUP	Homo sapiens	166	False
5097	104771	CHEMBL2095187	Muscarinic acetylcholine receptors; M2 & M3	SELECTIVITY GROUP	Homo sapiens	9	False
5098	104772	CHEMBL2095188	Glycogen synthase kinase-3	PROTEIN FAMILY	Homo sapiens	448	False
5099	104773	CHEMBL2095189	Platelet-derived growth factor receptor	PROTEIN COMPLEX	Homo sapiens	252	True
5100	104774	CHEMBL2095190	GABA-A receptor; alpha-6/beta-3/gamma-2	PROTEIN COMPLEX	Homo sapiens	101	False
5101	104775	CHEMBL2095191	Casein kinase II	PROTEIN COMPLEX GROUP	Homo sapiens	557	False
5102	104776	CHEMBL2095192	Opioid receptor	PROTEIN FAMILY	Mus musculus	37	False
5103	104777	CHEMBL2095193	Tryptase	PROTEIN FAMILY	Homo sapiens	219	False
5104	104778	CHEMBL2095194	Coagulation factor VII/tissue factor	PROTEIN COMPLEX	Homo sapiens	374	False
5105	104780	CHEMBL2095196	Monoamine oxidase	PROTEIN FAMILY	Rattus norvegicus	50	False
5106	104781	CHEMBL2095197	Protein farnesyltransferase	PROTEIN COMPLEX	Rattus norvegicus	221	False
5107	104782	CHEMBL2095198	Sulfonylurea receptor 2, Kir6.2	PROTEIN COMPLEX	Homo sapiens	82	False
5108	104783	CHEMBL2095199	Potassium-transporting ATPase	PROTEIN COMPLEX	Rattus norvegicus	111	False
5109	104784	CHEMBL2095200	Serotonin 2 (5-HT2) receptor	PROTEIN FAMILY	Homo sapiens	126	False
5110	104786	CHEMBL2095202	Troponin, cardiac muscle	PROTEIN COMPLEX	Homo sapiens	80	True
5111	104787	CHEMBL2095203	Adrenergic receptor alpha	PROTEIN FAMILY	Homo sapiens	15	True
5112	104788	CHEMBL2095204	Trypsin	PROTEIN FAMILY	Homo sapiens	783	False
5113	104789	CHEMBL2095205	Monoamine oxidase	PROTEIN FAMILY	Homo sapiens	65	True
5114	104791	CHEMBL2095215	Ribonucleoside-diphosphate reductase RR1	PROTEIN COMPLEX GROUP	Homo sapiens	65	True
5115	104792	CHEMBL2095216	Collagenase	PROTEIN FAMILY	Homo sapiens	113	False
5116	104793	CHEMBL2095217	Fibroblast growth factor receptor	PROTEIN FAMILY	Homo sapiens	149	True
5117	104795	CHEMBL2095219	Muscarinic acetylcholine receptors; M1 & M2	SELECTIVITY GROUP	Homo sapiens	253	False
5118	104797	CHEMBL2095221	Vasopressin V1 receptor	PROTEIN FAMILY	Rattus norvegicus	147	False
5119	104798	CHEMBL2095226	Integrin alpha-5/beta-1	PROTEIN COMPLEX	Homo sapiens	363	True
5120	104799	CHEMBL2095227	Vascular endothelial growth factor receptor	PROTEIN FAMILY	Homo sapiens	206	True
5121	104800	CHEMBL2095228	Potassium-transporting ATPase	PROTEIN COMPLEX	Sus scrofa	243	False
5122	104801	CHEMBL2095229	Voltage-gated L-type calcium channel	PROTEIN FAMILY	Homo sapiens	199	True
5123	104803	CHEMBL2095231	Hepatitis C virus serine protease, NS3/NS4A	PROTEIN COMPLEX	Hepatitis C virus	699	True
5124	104807	CHEMBL2095396	Dopamine receptors; D2 & D4	SELECTIVITY GROUP	Homo sapiens	31	False
5125	104808	CHEMBL2095942	Cyclin-dependent kinase 4/cyclin D	PROTEIN COMPLEX GROUP	Homo sapiens	143	False
5126	104809	CHEMBL2095943	Histone deacetylase	PROTEIN FAMILY	Rattus norvegicus	107	False
5127	104810	CHEMBL2096617	Glutamate receptor ionotropic, AMPA	PROTEIN COMPLEX GROUP	Mus musculus	36	False
5128	104811	CHEMBL2096618	Bcr/Abl fusion protein	CHIMERIC PROTEIN	Homo sapiens	598	True
5129	104812	CHEMBL2096619	Phosphatidylinositol 4-kinase, PI4K	PROTEIN FAMILY	Homo sapiens	15	False
5130	104813	CHEMBL2096620	Protein kinase C, PKC; classical/novel	PROTEIN FAMILY	Homo sapiens	7	False
5131	104814	CHEMBL2096621	Nitric oxide sythases; iNOS & nNOS	SELECTIVITY GROUP	Homo sapiens	21	False
5132	104815	CHEMBL2096622	Vasopressin receptor	PROTEIN FAMILY	Rattus norvegicus	22	True
5133	104816	CHEMBL2096661	Intercellular adhesion molecule (ICAM-1), Integrin alpha-L/beta-2	PROTEIN COMPLEX	Homo sapiens	419	False
5134	104817	CHEMBL2096662	Serotonin 2 receptors; 5-HT2a & 5-HT2c	SELECTIVITY GROUP	Homo sapiens	28	False
5135	104818	CHEMBL2096663	Pyruvate dehydrogenase kinase	PROTEIN FAMILY	Rattus norvegicus	42	False
5136	104819	CHEMBL2096664	Steroid 5-alpha-reductase	PROTEIN FAMILY	Rattus norvegicus	219	False
5137	104820	CHEMBL2096665	Pyruvate dehydrogenase kinase	PROTEIN FAMILY	Homo sapiens	353	False
5138	104821	CHEMBL2096666	Glutamate NMDA receptor; Grin1/Grin2b	PROTEIN COMPLEX	Rattus norvegicus	413	False
5139	104822	CHEMBL2096667	c-Jun N-terminal kinase, JNK	PROTEIN FAMILY	Homo sapiens	223	False
5140	104824	CHEMBL2096669	Glutamate receptors; NMDA/AMPA	PROTEIN COMPLEX GROUP	Rattus norvegicus	27	False
5141	104825	CHEMBL2096670	Glutamate receptor ionotropic AMPA	PROTEIN COMPLEX GROUP	Homo sapiens	128	False
5142	104826	CHEMBL2096671	Serotonin 2 (5-HT2) receptor	PROTEIN FAMILY	Mus musculus	142	False
5143	104828	CHEMBL2096673	Small conductance calcium-activated potassium channel	PROTEIN FAMILY	Rattus norvegicus	113	False
5144	104829	CHEMBL2096674	Cyclooxygenase	PROTEIN FAMILY	Bos taurus	90	False
5145	104830	CHEMBL2096675	Integrin alpha-V/beta-5	PROTEIN COMPLEX	Homo sapiens	311	True
5146	104832	CHEMBL2096677	Phosphoglycerate kinase	PROTEIN FAMILY	Homo sapiens	21	False
5147	104833	CHEMBL2096678	Endothelin receptor, ET-A/ET-B	PROTEIN FAMILY	Homo sapiens	5	True
5148	104835	CHEMBL2096680	Glutamate NMDA receptor; Grin1/Grin2a	PROTEIN COMPLEX	Rattus norvegicus	209	False
5149	104837	CHEMBL2096682	Sodium channel alpha subunits; brain (Types I, II, III)	PROTEIN FAMILY	Homo sapiens	105	False
5150	104839	CHEMBL2096684	Vanilloid receptor	PROTEIN FAMILY	Rattus norvegicus	136	False
5151	104841	CHEMBL2096904	Serotonin (5-HT) receptor	PROTEIN FAMILY	Homo sapiens	13	True
5152	104842	CHEMBL2096905	Dopamine receptor	PROTEIN FAMILY	Homo sapiens	42	False
5153	104844	CHEMBL2096907	AMP-activated protein kinase, AMPK	PROTEIN COMPLEX GROUP	Homo sapiens	576	False
5154	104846	CHEMBL2096909	Interleukin-8 receptors, CXCR1/CXCR2	PROTEIN FAMILY	Homo sapiens	77	False
5155	104848	CHEMBL2096911	Glutamate NMDA receptor; Grin1/Grin2c	PROTEIN COMPLEX	Rattus norvegicus	383	False
5156	104849	CHEMBL2096912	Protein farnesyltransferase	PROTEIN COMPLEX	Mus musculus	127	False
5157	104850	CHEMBL2096970	Dopamine receptor	PROTEIN FAMILY	Bos taurus	50	False
5158	104851	CHEMBL2096971	Carbonic anhydrase	PROTEIN FAMILY	Bos taurus	43	False
5159	104852	CHEMBL2096972	Sulfonylurea receptor 1, Kir6.2	PROTEIN COMPLEX	Homo sapiens	93	True
5160	104853	CHEMBL2096973	Peptide N-myristoyltransferase	PROTEIN FAMILY	Homo sapiens	74	False
5161	104855	CHEMBL2096975	Acetylcholine receptor	PROTEIN COMPLEX	Torpedo californica	22	False
5162	104856	CHEMBL2096976	Peroxisome proliferator-activated receptor gamma/Nuclear receptor corepressor 2	PROTEIN-PROTEIN INTERACTION	Homo sapiens	172	False
5163	104857	CHEMBL2096977	Somatostatin receptor	PROTEIN FAMILY	Rattus norvegicus	10	False
5164	104858	CHEMBL2096978	Thioredoxin reductase	PROTEIN FAMILY	Homo sapiens	23	False
5165	104859	CHEMBL2096979	Phosphodiesterase 6	PROTEIN FAMILY	Bos taurus	64	False
5166	104860	CHEMBL2096980	Platelet-derived growth factor receptor	PROTEIN COMPLEX	Mus musculus	130	False
5167	104861	CHEMBL2096981	Cannabinoid receptor	PROTEIN FAMILY	Homo sapiens	16	False
5168	104864	CHEMBL2096984	Pancreatic elastase	PROTEIN FAMILY	Sus scrofa	40	False
5169	104865	CHEMBL2096985	Sodium/hydrogen exchanger	PROTEIN FAMILY	Oryctolagus cuniculus	149	False
5170	104866	CHEMBL2096986	Cholecystokinin receptor	PROTEIN FAMILY	Rattus norvegicus	60	False
5171	104867	CHEMBL2096987	Geranylgeranyl transferase type I	PROTEIN COMPLEX	Bos taurus	131	False
5172	104869	CHEMBL2096989	Angiotensin-converting enzyme	PROTEIN FAMILY	Homo sapiens	31	False
5173	104870	CHEMBL2096990	Monoamine transporters; Norepinephrine & dopamine	SELECTIVITY GROUP	Homo sapiens	5	False
5174	104871	CHEMBL2096991	Protein farnesyl/geranylgeranyl transferase	PROTEIN COMPLEX GROUP	Homo sapiens	8	False
5175	104874	CHEMBL2097163	Phosphodiesterase 6	PROTEIN FAMILY	Homo sapiens	79	False
5176	104875	CHEMBL2097164	CaM kinase II	PROTEIN FAMILY	Homo sapiens	46	False
5177	104877	CHEMBL2097166	Phosphodiesterase 1	PROTEIN FAMILY	Bos taurus	87	False
5178	104878	CHEMBL2097167	Adenylate cyclase	PROTEIN FAMILY	Homo sapiens	14	True
5179	104879	CHEMBL2097168	Protein kinase C, PKC; classical	PROTEIN FAMILY	Rattus norvegicus	44	False
5180	104881	CHEMBL2097170	Voltage-gated N-type calcium channel alpha-1B subunit/Amyloid beta A4 precursor protein-binding family A member 1	PROTEIN-PROTEIN INTERACTION	Homo sapiens	232	False
5181	104890	CHEMBL2107838	Calcitonin-gene-related peptide receptor, CALCRL/RAMP1	PROTEIN COMPLEX	Homo sapiens	104	False
5182	104891	CHEMBL2109230	Neuronal acetylcholine receptor; alpha2/beta4	PROTEIN COMPLEX	Homo sapiens	12	False
5183	104894	CHEMBL2109233	Neuronal acetylcholine receptor; alpha3/alpha6/beta2/beta3	PROTEIN COMPLEX	Homo sapiens	25	False
5184	104895	CHEMBL2109234	Neuronal acetylcholine receptor; alpha3/beta2	PROTEIN COMPLEX	Homo sapiens	45	False
5185	104897	CHEMBL2109236	Neuronal acetylcholine receptor; alpha2/beta2	PROTEIN COMPLEX	Homo sapiens	10	False
5186	104898	CHEMBL2109237	Neuronal acetylcholine receptor; alpha6/beta2	PROTEIN COMPLEX	Homo sapiens	6	False
5187	104899	CHEMBL2109238	Neuronal acetylcholine receptor; alpha9/alpha10	PROTEIN COMPLEX	Homo sapiens	53	False
5188	104902	CHEMBL2109241	Glutamate receptor ionotropic kainate	PROTEIN COMPLEX GROUP	Homo sapiens	26	False
5189	104905	CHEMBL2109244	GABA-A receptor; agonist GABA site	PROTEIN COMPLEX GROUP	Homo sapiens	33	False
5190	104907	CHEMBL2111188	Mycobacterium tuberculosis H37Rv	ORGANISM	Mycobacterium tuberculosis H37Rv	260	False
5191	104911	CHEMBL2111288	Cyclin-dependent kinase 7/ cyclin H	PROTEIN COMPLEX	Homo sapiens	444	False
5192	104912	CHEMBL2111289	Dual specificity mitogen-activated protein kinase kinase; MEK1/2	PROTEIN FAMILY	Homo sapiens	119	False
5193	104918	CHEMBL2111411	Phosphodiesterase 7	PROTEIN FAMILY	Homo sapiens	51	False
5194	104921	CHEMBL2111413	GABA A receptor alpha-2/beta-2/gamma-2	PROTEIN COMPLEX	Homo sapiens	84	False
5195	104922	CHEMBL2111414	Tyrosine-protein kinase ABL	PROTEIN FAMILY	Homo sapiens	82	False
5196	104923	CHEMBL2111415	Cannabinoid receptor	PROTEIN FAMILY	Mus musculus	23	False
5197	104924	CHEMBL2111416	Integrin alpha-V/beta-6	PROTEIN COMPLEX	Homo sapiens	687	False
5198	104929	CHEMBL2111420	Cerebral cortex alpha adrenergic receptor	PROTEIN FAMILY	Bos taurus	11	False
5199	104930	CHEMBL2111421	Transcription factor AP1	PROTEIN COMPLEX	Homo sapiens	54	False
5200	104933	CHEMBL2111423	Melanocortin receptor (M1 and M4)	SELECTIVITY GROUP	Homo sapiens	8	False
5201	104936	CHEMBL2111425	Fibronectin receptor (Integrin alpha-5/beta-1 and alpha-V/beta-3)	PROTEIN COMPLEX GROUP	Homo sapiens	31	False
5202	104938	CHEMBL2111427	Somatostatin receptor	PROTEIN FAMILY	Mus musculus	10	False
5203	104940	CHEMBL2111429	Histone deacetylase (HDAC1 and HDAC2)	PROTEIN FAMILY	Homo sapiens	329	False
5204	104941	CHEMBL2111430	MIF/CD74 (Macrophage migration inhibitory factor and HLA-DR antigens-associated invariant chain)	PROTEIN-PROTEIN INTERACTION	Homo sapiens	16	False
5205	104942	CHEMBL2111431	Epidermal growth factor receptor and ErbB2 (HER1 and HER2)	PROTEIN FAMILY	Homo sapiens	71	False
5206	104943	CHEMBL2111432	PI3-kinase p110-delta/p85-alpha	PROTEIN COMPLEX	Homo sapiens	1155	False
5207	104944	CHEMBL2111433	Muscarinic receptor M1 and M2	SELECTIVITY GROUP	Rattus norvegicus	20	False
5208	104950	CHEMBL2111435	Annexin A2/S100-A10	PROTEIN-PROTEIN INTERACTION	Homo sapiens	36	False
5209	104951	CHEMBL2111436	Somatostatin receptor	PROTEIN FAMILY	Homo sapiens	5	True
5210	104952	CHEMBL2111437	Melanin-concentrating hormone receptor	PROTEIN FAMILY	Homo sapiens	37	False
5211	104953	CHEMBL2111438	Neurotensin receptor	PROTEIN FAMILY	Homo sapiens	5	False
5212	104959	CHEMBL2111442	Monoamine oxidase	PROTEIN FAMILY	Mus musculus	5	False
5213	104960	CHEMBL2111443	Integrin alpha-V/beta-3 and alpha-IIb/beta 3	SELECTIVITY GROUP	Homo sapiens	12	False
5214	104961	CHEMBL2111444	CDK3/cyclin E	PROTEIN COMPLEX GROUP	Homo sapiens	143	False
5215	104963	CHEMBL2111446	cAMP-dependent protein kinase A	PROTEIN COMPLEX GROUP	Bos taurus	6	False
5216	104965	CHEMBL2111448	CDK6/cyclin D3	PROTEIN COMPLEX	Homo sapiens	739	False
5217	104971	CHEMBL2111450	S-adenosylmethionine synthetase (MAT 1 and MAT 2)	PROTEIN FAMILY	Rattus norvegicus	9	False
5218	104973	CHEMBL2111451	Inositol 1,4,5-trisphosphate receptor	PROTEIN FAMILY	Homo sapiens	5	False
5219	104974	CHEMBL2111452	Alpha-1 adrenergic receptor	PROTEIN FAMILY	Mus musculus	10	False
5220	104975	CHEMBL2111453	Endothelin receptor	PROTEIN FAMILY	Rattus norvegicus	72	False
5221	104977	CHEMBL2111455	CDK6/cyclin D1	PROTEIN COMPLEX	Homo sapiens	419	True
5222	104978	CHEMBL2111456	Vasopressin V1 receptor	PROTEIN FAMILY	Homo sapiens	31	True
5223	104979	CHEMBL2111457	Carbonic anhydrase V	PROTEIN FAMILY	Homo sapiens	15	False
5224	104980	CHEMBL2111458	Casein kinase I	PROTEIN FAMILY	Homo sapiens	37	False
5225	104981	CHEMBL2111459	Rho-associated protein kinase	PROTEIN FAMILY	Homo sapiens	86	True
5226	104985	CHEMBL2111461	Integrin alpha-2/beta-3	PROTEIN COMPLEX	Homo sapiens	18	False
5227	104987	CHEMBL2111462	Thyroid hormone receptor	PROTEIN COMPLEX	Homo sapiens	34	False
5228	104988	CHEMBL2111463	GABA-B receptor	PROTEIN COMPLEX	Homo sapiens	56	False
5229	104990	CHEMBL2111464	Tubulin	PROTEIN COMPLEX	Bos taurus	70	False
5230	104999	CHEMBL2111472	Cytochrome P450 3A4/3A5	PROTEIN FAMILY	Homo sapiens	38	False
5231	105000	CHEMBL2111473	MAP kinase p38	PROTEIN FAMILY	Mus musculus	36	False
5232	105001	CHEMBL2111474	GABA B receptor	PROTEIN COMPLEX	Rattus norvegicus	33	False
5233	105004	CHEMBL2111476	Alpha adrenergic receptor 1A and 1B	SELECTIVITY GROUP	Rattus norvegicus	13	False
5234	105006	CHEMBL2111477	Thrombin and coagulation factor VII	SELECTIVITY GROUP	Homo sapiens	7	False
5235	105007	CHEMBL2111478	GABA transporter	PROTEIN FAMILY	Rattus norvegicus	29	False
5236	105015	CHEMBL2111322	Phosphodiesterase 1	PROTEIN FAMILY	Rattus norvegicus	34	False
5237	105018	CHEMBL2111324	Phosphorylase kinase	PROTEIN COMPLEX GROUP	Homo sapiens	16	False
5238	105019	CHEMBL2111325	PPAR alpha/gamma	SELECTIVITY GROUP	Homo sapiens	21	False
5239	105021	CHEMBL2111327	GABA A receptor alpha-2/beta-2/gamma-2	PROTEIN COMPLEX	Rattus norvegicus	31	False
5240	105023	CHEMBL2111328	Inhibitor of NF-kappa-B kinase (IKK)	PROTEIN COMPLEX	Homo sapiens	19	False
5241	105025	CHEMBL2111330	Ribosomal protein S6 kinase (P70S6K)	PROTEIN COMPLEX	Homo sapiens	10	False
5242	105028	CHEMBL2111331	KinA/Spo0F (sporulation kinase A/sporulation initiation phosphotransferase F)	PROTEIN FAMILY	Bacillus subtilis (strain 168)	13	False
5243	105029	CHEMBL2111332	Serotonin 3 (5-HT3) receptor	PROTEIN COMPLEX	Homo sapiens	5	False
5244	105030	CHEMBL2111333	Serotonin 3 receptor (5HT3)	PROTEIN FAMILY	Mus musculus	23	False
5245	105037	CHEMBL2111338	Alpha-2 adrenergic receptor	PROTEIN FAMILY	Mus musculus	12	False
5246	105038	CHEMBL2111339	GABA A receptor alpha-3/beta-2/gamma-2	PROTEIN COMPLEX	Homo sapiens	48	False
5247	105041	CHEMBL2111342	Dopamine receptor D2 and D3	SELECTIVITY GROUP	Rattus norvegicus	24	False
5248	105042	CHEMBL2111343	GABA A receptor alpha-3/beta-2/gamma-2	PROTEIN COMPLEX	Rattus norvegicus	20	False
5249	105043	CHEMBL2111344	Platelet-derived growth factor receptor (PDGFr)	PROTEIN FAMILY	Rattus norvegicus	45	False
5250	105044	CHEMBL2111345	AMP-activated protein kinase (AMPK) alpha-1/beta-1/gamma-1	PROTEIN COMPLEX	Homo sapiens	329	False
5251	105045	CHEMBL2111346	Serotonin and norepinephrine transporters (SERT/NET)	SELECTIVITY GROUP	Homo sapiens	5	False
5252	105048	CHEMBL2111348	Soluble guanylate cyclase	PROTEIN COMPLEX GROUP	Homo sapiens	436	True
5253	105051	CHEMBL2111349	Prostaglandin G/H synthase (cyclooxygenase)	PROTEIN FAMILY	Mus musculus	31	False
5254	105055	CHEMBL2111367	PI3-kinase p110-alpha/p85-alpha	PROTEIN COMPLEX	Homo sapiens	1588	False
5255	105058	CHEMBL2111369	Inosine-5'-monophosphate dehydrogenase (IMPDH)	PROTEIN FAMILY	Homo sapiens	21	True
5256	105059	CHEMBL2111370	GABA A receptor alpha-6/beta-2/gamma-2	PROTEIN COMPLEX	Homo sapiens	11	False
5257	105061	CHEMBL2111372	Alcohol dehydrogenase	PROTEIN FAMILY	Equus caballus	35	False
5258	105062	CHEMBL2111373	Phosphodiesterase 4	PROTEIN FAMILY	Mus musculus	18	False
5259	105064	CHEMBL2111374	GABA A receptor alpha-5/beta-3/gamma-2	PROTEIN COMPLEX	Rattus norvegicus	60	False
5260	105066	CHEMBL2111376	Spermidine/spermine N(1)-acetyltransferase (SAT)	PROTEIN FAMILY	Mus musculus	17	False
5261	105067	CHEMBL2111377	CDC7/DBF4 (Cell division cycle 7-related protein kinase/Activator of S phase kinase)	PROTEIN COMPLEX	Homo sapiens	267	False
5262	105072	CHEMBL2111381	Protein farnesyltransferase (PFT)	PROTEIN COMPLEX	Plasmodium falciparum	55	False
5263	105074	CHEMBL2111382	Ca2+/calmodulin-dependent protein kinase II (CaM kinase II)	PROTEIN FAMILY	Rattus norvegicus	7	False
5264	105075	CHEMBL2111383	Serotonin receptor 2a and 2c (5HT2A and 5HT2C)	SELECTIVITY GROUP	Rattus norvegicus	9	False
5265	105076	CHEMBL2111384	Nicotinic acetylcholine receptor alpha3/betaX	PROTEIN COMPLEX GROUP	Homo sapiens	27	False
5266	105077	CHEMBL2111385	Cannabinoid receptor	PROTEIN FAMILY	Rattus norvegicus	62	False
5267	105078	CHEMBL2111386	Adenosine receptor	PROTEIN FAMILY	Rattus norvegicus	15	False
5268	105079	CHEMBL2111387	NPM/ALK (Nucleophosmin/ALK tyrosine kinase receptor)	CHIMERIC PROTEIN	Homo sapiens	61	True
5269	105083	CHEMBL2111389	CDK9/cyclin T1	PROTEIN COMPLEX	Homo sapiens	3178	True
5270	105085	CHEMBL2111390	Beta-secretase (BACE)	PROTEIN FAMILY	Homo sapiens	39	False
5271	105086	CHEMBL2111391	Fibroblast growth factor receptor	PROTEIN FAMILY	Mus musculus	25	False
5272	105087	CHEMBL2111392	GABA A receptor alpha-1/beta-1/gamma-2	PROTEIN COMPLEX	Homo sapiens	17	False
5273	105088	CHEMBL2111393	Farnesyltransferase	PROTEIN COMPLEX	Saccharomyces cerevisiae S288c	55	False
5274	105089	CHEMBL2111394	RXR alpha/PPAR gamma	PROTEIN COMPLEX	Homo sapiens	38	False
5275	105097	CHEMBL2111402	5-lipoxygenase/FLAP	PROTEIN COMPLEX	Homo sapiens	29	False
5276	105102	CHEMBL2111406	Dopamine D2 receptor and Serotonin 2a receptor (D2 and 5HT2a)	SELECTIVITY GROUP	Rattus norvegicus	11	False
5277	105103	CHEMBL2111407	Integrin alpha-V/beta-1	PROTEIN COMPLEX	Homo sapiens	179	False
5278	105104	CHEMBL2111351	Serine/threonine-protein kinase RAF and Dual specificity mitogen-activated protein kinase kinase 1 (Raf/MEK)	PROTEIN FAMILY	Homo sapiens	122	False
5279	105106	CHEMBL2111353	Serine/threonine-protein kinase AKT	PROTEIN FAMILY	Homo sapiens	79	True
5280	105107	CHEMBL2111354	Tubulin	PROTEIN FAMILY	Sus scrofa	301	False
5281	105111	CHEMBL2111357	Calpain 1	PROTEIN COMPLEX	Homo sapiens	69	False
5282	105112	CHEMBL2111358	Prostaglandin G/H synthase (cyclooxygenase)	PROTEIN FAMILY	Ovis aries	12	False
5283	105114	CHEMBL2111360	Corticotropin releasing factor receptor	PROTEIN FAMILY	Rattus norvegicus	107	False
5284	105116	CHEMBL2111362	Integrin alpha-M/beta-2	PROTEIN COMPLEX	Homo sapiens	5	False
5285	105117	CHEMBL2111363	Histone deacetylase 3/Nuclear receptor corepressor 2 (HDAC3/NCoR2)	PROTEIN COMPLEX	Homo sapiens	392	False
5286	105119	CHEMBL2111364	Large conductance calcium-activated potassium channel	PROTEIN COMPLEX	Bos taurus	7	False
5287	105120	CHEMBL2111365	GABA A receptor alpha-6/beta-2/gamma-2	PROTEIN COMPLEX	Rattus norvegicus	10	False
5288	105121	CHEMBL2111366	GABA A receptor alpha-4/beta-3/gamma-2	PROTEIN COMPLEX	Homo sapiens	39	False
5289	105126	CHEMBL2146298	Protein skinhead-1	SINGLE PROTEIN	Caenorhabditis elegans	70	False
5290	105130	CHEMBL2146302	Glutaminase kidney isoform, mitochondrial	SINGLE PROTEIN	Homo sapiens	1624	True
5291	105132	CHEMBL2146304	DNA damage-inducible transcript 3 protein	SINGLE PROTEIN	Mus musculus	569	False
5292	105135	CHEMBL2146307	ADP-ribosylation factor GTPase-activating protein 1	SINGLE PROTEIN	Rattus norvegicus	23	False
5293	105140	CHEMBL2146312	Bifunctional 3'-5' exonuclease/ATP-dependent helicase WRN	SINGLE PROTEIN	Homo sapiens	14	False
5294	105141	CHEMBL2146313	Heat shock protein hsp-16.2	SINGLE PROTEIN	Caenorhabditis elegans	8	False
5295	105143	CHEMBL2146315	Nuclear receptor subfamily 1 group I member 2	SINGLE PROTEIN	Rattus norvegicus	35	False
5296	105169	CHEMBL2146342	PTPsigma-(Brain)	SINGLE PROTEIN	Homo sapiens	7	False
5297	105173	CHEMBL2146346	Neurogenic locus notch homolog protein 1	SINGLE PROTEIN	Homo sapiens	106	False
5298	105177	CHEMBL2146350	ATP-sensitive inward rectifier potassium channel 1	SINGLE PROTEIN	Rattus norvegicus	102	False
5299	105183	CHEMBL2150832	Farnesyl pyrophosphate synthase	SINGLE PROTEIN	Leishmania major	6	False
5300	105186	CHEMBL2150835	Enoyl-[acyl-carrier-protein] reductase [NADH]	SINGLE PROTEIN	Francisella tularensis subsp. tularensis (strain SCHU S4 / Schu 4)	6	False
5301	105188	CHEMBL2150837	ATPase family AAA domain-containing protein 2	SINGLE PROTEIN	Homo sapiens	146	False
5302	105189	CHEMBL2150838	Succinate receptor 1	SINGLE PROTEIN	Homo sapiens	94	False
5303	105190	CHEMBL2150839	Succinate receptor 1	SINGLE PROTEIN	Rattus norvegicus	7	False
5304	105192	CHEMBL2150841	DNA topoisomerase 4 subunit B	SINGLE PROTEIN	Staphylococcus aureus	7	False
5305	105194	CHEMBL2150843	Alpha-1A adrenergic receptor	SINGLE PROTEIN	Cavia porcellus	6	False
5306	105195	CHEMBL2150844	Methionine synthase	SINGLE PROTEIN	Homo sapiens	12	False
5307	105196	CHEMBL2157850	Ubiquitin carboxyl-terminal hydrolase 7	SINGLE PROTEIN	Homo sapiens	597	False
5308	105197	CHEMBL2157851	Ubiquitin carboxyl-terminal hydrolase 47	SINGLE PROTEIN	Homo sapiens	35	False
5309	105198	CHEMBL2157852	Ubiquitin carboxyl-terminal hydrolase 21	SINGLE PROTEIN	Homo sapiens	15	False
5310	105199	CHEMBL2157853	Ubiquitin carboxyl-terminal hydrolase 28	SINGLE PROTEIN	Homo sapiens	238	False
5311	105200	CHEMBL2157854	Ubiquitin carboxyl-terminal hydrolase 8	SINGLE PROTEIN	Homo sapiens	83	False
5312	105210	CHEMBL2163170	UDP-3-O-acyl-N-acetylglucosamine deacetylase	SINGLE PROTEIN	Pseudomonas aeruginosa	27	False
5313	105211	CHEMBL2163171	Urea transporter 1	SINGLE PROTEIN	Mus musculus	38	False
5314	105212	CHEMBL2163172	N-acyl-phosphatidylethanolamine-hydrolyzing phospholipase D	SINGLE PROTEIN	Mus musculus	5	False
5315	105214	CHEMBL2163174	Platelet glycoprotein 4	SINGLE PROTEIN	Rattus norvegicus	49	False
5316	105215	CHEMBL2163175	Gamma-butyrobetaine dioxygenase	SINGLE PROTEIN	Homo sapiens	24	False
5317	105216	CHEMBL2163176	Lysine-specific demethylase 5C	SINGLE PROTEIN	Homo sapiens	156	False
5318	105217	CHEMBL2163177	Lysine-specific demethylase 7A	SINGLE PROTEIN	Homo sapiens	10	False
5319	105221	CHEMBL2163181	DNA ligase	SINGLE PROTEIN	Staphylococcus aureus	47	False
5320	105222	CHEMBL2163182	NAD-dependent protein deacylase sirtuin-6	SINGLE PROTEIN	Homo sapiens	144	False
5321	105223	CHEMBL2163183	NAD-dependent protein deacylase sirtuin-5, mitochondrial	SINGLE PROTEIN	Homo sapiens	182	False
5322	105225	CHEMBL2163185	NAD-dependent protein lipoamidase sirtuin-4, mitochondrial	SINGLE PROTEIN	Homo sapiens	16	False
5323	105227	CHEMBL2169716	N-lysine methyltransferase SMYD2	SINGLE PROTEIN	Homo sapiens	118	False
5324	105229	CHEMBL2169718	Histone-lysine N-methyltransferase EHMT2	SINGLE PROTEIN	Mus musculus	8	False
5325	105233	CHEMBL2169722	Glycylpeptide N-tetradecanoyltransferase	SINGLE PROTEIN	Plasmodium falciparum (isolate 3D7)	82	False
5326	105234	CHEMBL2169723	Cdc2-related kinase	SINGLE PROTEIN	Leishmania major	8	False
5327	105235	CHEMBL2169724	cGMP-dependent protein kinase	SINGLE PROTEIN	Plasmodium falciparum	52	False
5328	105236	CHEMBL2169725	Calcium-dependent protein kinase 4	SINGLE PROTEIN	Plasmodium falciparum (isolate 3D7)	6	False
5329	105237	CHEMBL2169726	Glucose-6-phosphate 1-dehydrogenase	SINGLE PROTEIN	Plasmodium falciparum	19	False
5330	105238	CHEMBL2169727	Gastric triacylglycerol lipase	SINGLE PROTEIN	Canis familiaris	11	False
5331	105240	CHEMBL2169729	Pancreatic lipase-related protein 2	SINGLE PROTEIN	Cavia porcellus	11	False
5332	105243	CHEMBL2169732	2-Hydroxyacid oxidase 2	SINGLE PROTEIN	Homo sapiens	8	False
5333	105246	CHEMBL2169735	7-dehydrocholesterol reductase	SINGLE PROTEIN	Homo sapiens	11	False
5334	105247	CHEMBL2169736	Tyrosyl-DNA phosphodiesterase 2	SINGLE PROTEIN	Homo sapiens	221	False
5335	105346	CHEMBL2176771	Complement factor D	SINGLE PROTEIN	Homo sapiens	3848	True
5336	105347	CHEMBL2176772	E3 ubiquitin-protein ligase TRIM33	SINGLE PROTEIN	Homo sapiens	48	False
5337	105349	CHEMBL2176774	Bromodomain-containing protein 1	SINGLE PROTEIN	Homo sapiens	90	False
5338	105350	CHEMBL2176775	ATPase family AAA domain-containing protein 2B	SINGLE PROTEIN	Homo sapiens	17	False
5339	105351	CHEMBL2176776	Sentrin-specific protease 2	SINGLE PROTEIN	Homo sapiens	51	False
5340	105352	CHEMBL2176777	Protein mono-ADP-ribosyltransferase PARP14	SINGLE PROTEIN	Homo sapiens	452	False
5341	105353	CHEMBL2176778	Protein mono-ADP-ribosyltransferase PARP15	SINGLE PROTEIN	Homo sapiens	64	False
5342	105388	CHEMBL2176813	Trace amine-associated receptor 7b	SINGLE PROTEIN	Rattus norvegicus	157	False
5343	105412	CHEMBL2176837	Catechol O-methyltransferase	SINGLE PROTEIN	Sus scrofa	9	False
5344	105415	CHEMBL2176840	Trypanothione reductase	SINGLE PROTEIN	Leishmania donovani	11	False
5345	105420	CHEMBL2176845	Platelet glycoprotein 4	SINGLE PROTEIN	Mus musculus	14	False
5346	105421	CHEMBL2176846	Advanced glycosylation end product-specific receptor	SINGLE PROTEIN	Homo sapiens	87	True
5347	105424	CHEMBL2176849	P2X purinoceptor 4	SINGLE PROTEIN	Mus musculus	9	False
5348	105426	CHEMBL2176851	Replicative DNA helicase	SINGLE PROTEIN	Bacillus anthracis	16	False
5349	105433	CHEMBL2176858	C-type lectin domain family 4 member M	SINGLE PROTEIN	Homo sapiens	11	False
5350	105439	CHEMBL2176864	Macrophage migration inhibitory factor homologue	SINGLE PROTEIN	Plasmodium falciparum (isolate 3D7)	17	False
5351	105440	CHEMBL2189110	Histone-lysine N-methyltransferase EZH2	SINGLE PROTEIN	Homo sapiens	1089	False
5352	105443	CHEMBL2189113	Histone-lysine N-methyltransferase 2C	SINGLE PROTEIN	Homo sapiens	25	False
5353	105446	CHEMBL2189116	Histone-lysine N-methyltransferase EZH1	SINGLE PROTEIN	Homo sapiens	69	False
5354	105447	CHEMBL2189117	Polycomb protein EED	SINGLE PROTEIN	Homo sapiens	551	False
5355	105451	CHEMBL2189121	GTPase KRas	SINGLE PROTEIN	Homo sapiens	2210	False
5356	105457	CHEMBL2189127	Monoacylglycerol lipase ABHD6	SINGLE PROTEIN	Homo sapiens	178	False
5357	105468	CHEMBL2189138	Protein phosphatase methylesterase 1	SINGLE PROTEIN	Mus musculus	11	False
5358	105469	CHEMBL2189139	Aspartate aminotransferase, cytoplasmic	SINGLE PROTEIN	Homo sapiens	7	False
5359	105470	CHEMBL2189140	Aminopeptidase N	SINGLE PROTEIN	Mus musculus	7	False
5360	105475	CHEMBL2189145	Cyclin-dependent kinase 2 homolog	SINGLE PROTEIN	Plasmodium falciparum (isolate K1 / Thailand)	14	False
5361	105488	CHEMBL2189158	Phosphatidylinositol 4,5-bisphosphate 3-kinase catalytic subunit gamma isoform	SINGLE PROTEIN	Mus musculus	83	False
5362	105489	CHEMBL2189159	Indoleamine 2,3-dioxygenase 2	SINGLE PROTEIN	Mus musculus	62	False
5363	105490	CHEMBL2189160	Serine/threonine-protein kinase TBK1	SINGLE PROTEIN	Mus musculus	22	False
5364	105491	CHEMBL2189161	Advanced glycosylation end product-specific receptor	SINGLE PROTEIN	Mus musculus	11	False
5365	105492	CHEMBL2189162	Pyruvate kinase	SINGLE PROTEIN	Staphylococcus aureus (strain MRSA252)	92	False
5366	105493	CHEMBL2189163	Cytochrome c	SINGLE PROTEIN	Homo sapiens	17	False
5367	105495	CHEMBL2216739	Carnitine O-palmitoyltransferase 1, muscle isoform	SINGLE PROTEIN	Homo sapiens	167	False
5368	105501	CHEMBL2216745	Phosphatidylinositol 4,5-bisphosphate 3-kinase catalytic subunit delta isoform	SINGLE PROTEIN	Mus musculus	49	False
5369	105503	CHEMBL2221341	FKBP12A/mTOR	PROTEIN COMPLEX	Homo sapiens	11	False
5370	105505	CHEMBL2221343	Opioid receptors; mu and delta	PROTEIN FAMILY	Mus musculus	15	False
5371	105506	CHEMBL2221344	Tumour suppressor protein p53/Mdm4	PROTEIN-PROTEIN INTERACTION	Homo sapiens	69	False
5372	105507	CHEMBL2221345	Hypoxia inducible factors; HIF-1-alpha, HIF-2-alpha	PROTEIN FAMILY	Homo sapiens	269	False
5373	105508	CHEMBL2221346	Neuronal acetylcholine receptors; alpha-3/beta-4, alpha-5, beta-2	PROTEIN COMPLEX GROUP	Homo sapiens	5	False
5374	105509	CHEMBL2221347	Voltage-gated potassium channel, IKs; KCNQ1(Kv7.1)/KCNE1(MinK)	PROTEIN COMPLEX	Homo sapiens	27	False
5375	105510	CHEMBL2221348	Voltage-gated potassium channel, KQT; KCNQ2(Kv7.2)/KCNQ3(Kv7.3)	PROTEIN COMPLEX	Homo sapiens	168	False
5376	105520	CHEMBL2242730	Pyrroline-5-carboxylate reductase	SINGLE PROTEIN	Arabidopsis thaliana	26	False
5377	105521	CHEMBL2242731	Protoporphyrinogen IX oxidase	SINGLE PROTEIN	Zea mays	32	False
5378	105530	CHEMBL2242740	4-hydroxyphenylpyruvate dioxygenase	SINGLE PROTEIN	Arabidopsis thaliana	26	False
5379	105533	CHEMBL2242743	Acetylcholinesterase	SINGLE PROTEIN	Musca domestica	22	False
5380	105534	CHEMBL2242744	Acetylcholinesterase	SINGLE PROTEIN	Drosophila melanogaster	12	False
5381	105536	CHEMBL2259247	Probable L-lysine-epsilon aminotransferase	SINGLE PROTEIN	Mycobacterium tuberculosis	12	False
5382	105539	CHEMBL2268003	Photosystem II protein D1	SINGLE PROTEIN	Chlamydomonas reinhardtii	21	False
5383	105541	CHEMBL2268005	Trans-cinnamate 4-monooxygenase	SINGLE PROTEIN	Populus kitakamiensis	23	False
5384	105545	CHEMBL2268009	Collagenase ColG	SINGLE PROTEIN	Clostridium histolyticum	6	False
5385	105546	CHEMBL2268010	Allene oxide synthase, chloroplastic	SINGLE PROTEIN	Arabidopsis thaliana	8	False
5386	105550	CHEMBL2285348	Ecdysone receptor	SINGLE PROTEIN	Spodoptera littoralis	37	False
5387	105558	CHEMBL2285356	Lycopene beta-cyclase	SINGLE PROTEIN	Pantoea ananas	5	False
5388	105559	CHEMBL2285357	Glutamine synthetase, chloroplastic	SINGLE PROTEIN	Zea mays	8	False
5389	105560	CHEMBL2295561	Lactoperoxidase	SINGLE PROTEIN	Bos taurus	10	False
5390	105563	CHEMBL2303641	Coelenterazine h 2-monooxygenase	SINGLE PROTEIN	Renilla reniformis	11	False
5391	105564	CHEMBL2304401	Cytosolic phospholipase A2	SINGLE PROTEIN	Bos taurus	45	False
5392	105565	CHEMBL2304402	cGMP-specific 3',5'-cyclic phosphodiesterase	SINGLE PROTEIN	Canis lupus familiaris	144	False
5393	105567	CHEMBL2304404	Adenosine receptor A1	SINGLE PROTEIN	Cavia porcellus	183	False
5394	105568	CHEMBL2304405	Substance-K receptor	SINGLE PROTEIN	Mesocricetus auratus	57	False
5395	105569	CHEMBL2304406	D(3) dopamine receptor	SINGLE PROTEIN	Chlorocebus aethiops	14	False
5396	105570	CHEMBL2304407	5-hydroxytryptamine receptor 1D	SINGLE PROTEIN	Cavia porcellus	17	False
5397	105572	CHEMBL2304421	Estrogen receptor	PROTEIN FAMILY	Ovis aries	11	False
5398	105574	CHEMBL2311221	DNA	NUCLEIC-ACID	Homo sapiens	8	True
5399	105588	CHEMBL2311235	Threonine--tRNA ligase	SINGLE PROTEIN	Yersinia pestis	19	False
5400	105589	CHEMBL2311236	High mobility group protein B1	SINGLE PROTEIN	Homo sapiens	34	False
5401	105590	CHEMBL2311237	High mobility group protein B1	SINGLE PROTEIN	Mus musculus	18	False
5402	105593	CHEMBL2311240	Putative silent information regulator 2	SINGLE PROTEIN	Leishmania infantum	14	False
5403	105596	CHEMBL2311243	D-3-phosphoglycerate dehydrogenase	SINGLE PROTEIN	Homo sapiens	429	False
5404	105601	CHEMBL2321612	O-acetylserine sulfhydrylase	SINGLE PROTEIN	Mycobacterium tuberculosis	78	False
5405	105602	CHEMBL2321613	Potassium channel subfamily K member 3	SINGLE PROTEIN	Homo sapiens	777	True
5406	105603	CHEMBL2321614	Potassium channel subfamily K member 9	SINGLE PROTEIN	Homo sapiens	335	True
5407	105604	CHEMBL2321615	Potassium channel subfamily K member 2	SINGLE PROTEIN	Homo sapiens	52	True
5408	105608	CHEMBL2321619	Non-receptor tyrosine-protein kinase TYK2	SINGLE PROTEIN	Mus musculus	26	False
5409	105610	CHEMBL2321621	Ubiquitin-like modifier-activating enzyme ATG7	SINGLE PROTEIN	Homo sapiens	198	False
5410	105611	CHEMBL2321622	Ubiquitin-like modifier-activating enzyme 6	SINGLE PROTEIN	Homo sapiens	17	False
5411	105616	CHEMBL2321627	C-C chemokine receptor-like 2	SINGLE PROTEIN	Homo sapiens	151	False
5412	105617	CHEMBL2321628	C-C chemokine receptor type 10	SINGLE PROTEIN	Homo sapiens	118	False
5413	105619	CHEMBL2321630	Alpha-1,6-mannosyl-glycoprotein 2-beta-N-acetylglucosaminyltransferase	SINGLE PROTEIN	Homo sapiens	1212	False
5414	105632	CHEMBL2321643	Histone-lysine N-methyltransferase SMYD3	SINGLE PROTEIN	Homo sapiens	872	False
5415	105633	CHEMBL2321644	Histone-lysine N-methyltransferase KMT5C	SINGLE PROTEIN	Homo sapiens	29	False
5416	105634	CHEMBL2321645	Histone-lysine N-methyltransferase KMT5B	SINGLE PROTEIN	Homo sapiens	29	False
5417	105635	CHEMBL2321646	Histone-lysine N-methyltransferase SETDB1	SINGLE PROTEIN	Homo sapiens	33	False
5418	105637	CHEMBL2331041	Potassium channel subfamily K member 10	SINGLE PROTEIN	Homo sapiens	11	True
5419	105639	CHEMBL2331043	Sodium channel alpha subunit	PROTEIN FAMILY	Homo sapiens	11	True
5420	105640	CHEMBL2331044	Myelin transcription factor 1	SINGLE PROTEIN	Homo sapiens	32	False
5421	105641	CHEMBL2331045	Carbonic anhydrase 2, isoform A	SINGLE PROTEIN	Drosophila melanogaster	25	False
5422	105642	CHEMBL2331046	Carbonic anhydrase 1	SINGLE PROTEIN	Drosophila melanogaster	25	False
5423	105643	CHEMBL2331047	Sodium/iodide cotransporter	SINGLE PROTEIN	Rattus norvegicus	58	False
5424	105644	CHEMBL2331048	Transmembrane protease serine 4	SINGLE PROTEIN	Homo sapiens	56	False
5425	105645	CHEMBL2331049	Vascular endothelial growth factor receptor 2	SINGLE PROTEIN	Danio rerio	8	False
5426	105649	CHEMBL2331053	6-phosphofructo-2-kinase/fructose-2,6-bisphosphatase 3	SINGLE PROTEIN	Homo sapiens	314	False
5427	105654	CHEMBL2331058	Lysophosphatidic acid receptor 6	SINGLE PROTEIN	Homo sapiens	8	False
5428	105655	CHEMBL2331059	Delta(24)-sterol reductase	SINGLE PROTEIN	Homo sapiens	13	False
5429	105657	CHEMBL2331061	Serine/threonine-protein kinase B-raf	SINGLE PROTEIN	Mus musculus	68	False
5430	105660	CHEMBL2331064	Phosphatidylinositol 3,4,5-trisphosphate 5-phosphatase 2	SINGLE PROTEIN	Homo sapiens	72	False
5431	105661	CHEMBL2331065	Alpha-ketoglutarate-dependent dioxygenase FTO	SINGLE PROTEIN	Homo sapiens	261	False
5432	105662	CHEMBL2331066	Beta-secretase 2	SINGLE PROTEIN	Rattus norvegicus	8	False
5433	105664	CHEMBL2331068	D-amino-acid oxidase	SINGLE PROTEIN	Mus musculus	51	False
5434	105666	CHEMBL2331070	Acid ceramidase	SINGLE PROTEIN	Rattus norvegicus	37	False
5435	105673	CHEMBL2346485	Streptokinase	SINGLE PROTEIN	Streptococcus pyogenes	11	False
5436	105674	CHEMBL2346486	Nicotinamide N-methyltransferase	SINGLE PROTEIN	Homo sapiens	137	False
5437	105676	CHEMBL2346488	Proliferating cell nuclear antigen	SINGLE PROTEIN	Homo sapiens	23	False
5438	105688	CHEMBL2362976	Protein S100-A4	SINGLE PROTEIN	Homo sapiens	47	False
5439	105690	CHEMBL2362978	DNA repair protein RAD52 homolog	SINGLE PROTEIN	Homo sapiens	396	False
5440	105691	CHEMBL2362979	Probable global transcription activator SNF2L2	SINGLE PROTEIN	Homo sapiens	67	False
5441	105692	CHEMBL2362980	Paired box protein Pax-8	SINGLE PROTEIN	Homo sapiens	938	False
5442	105702	CHEMBL2362990	Carbamoyl-phosphate synthase [ammonia], mitochondrial	SINGLE PROTEIN	Homo sapiens	19	False
5443	105712	CHEMBL2363000	Potassium voltage-gated channel subfamily B member 1	SINGLE PROTEIN	Homo sapiens	38	False
5444	105729	CHEMBL2363017	Voltage-gated inwardly rectifying potassium channel KCNH3	SINGLE PROTEIN	Homo sapiens	73	False
5445	105734	CHEMBL2363032	Voltage-gated calcium channel	PROTEIN COMPLEX GROUP	Homo sapiens	59	True
5446	105744	CHEMBL2363049	Epidermal growth factor receptor	PROTEIN FAMILY	Homo sapiens	84	True
5447	105747	CHEMBL2363052	Glycine receptor (alpha-1/beta)	PROTEIN COMPLEX	Homo sapiens	36	True
5448	105750	CHEMBL2363055	Hydroxyapatite	MACROMOLECULE	Homo sapiens	47	False
5449	105757	CHEMBL2363062	Janus Kinase (JAK)	PROTEIN FAMILY	Homo sapiens	109	True
5450	105761	CHEMBL2363066	3',5'-cyclic phosphodiesterase	PROTEIN FAMILY	Homo sapiens	13	True
5451	105765	CHEMBL2363070	Retinoid X receptor	PROTEIN FAMILY	Homo sapiens	14	False
5452	105830	CHEMBL2363135	Bacterial 70S ribosome	PROTEIN NUCLEIC-ACID COMPLEX	Bacteria	85	True
5453	106010	CHEMBL2364031	Cell membrane	SUBCELLULAR	Bacteria	30	True
5454	106020	CHEMBL2364041	DNA	NUCLEIC-ACID	Bacteria	21	False
5455	106141	CHEMBL2364162	Tumor necrosis factor ligand superfamily member 11	SINGLE PROTEIN	Homo sapiens	31	True
5456	106142	CHEMBL2364163	Complement C5	SINGLE PROTEIN	Homo sapiens	8	True
5457	106144	CHEMBL2364165	Fusion glycoprotein F0	SINGLE PROTEIN	Human respiratory syncytial virus	192	False
5458	106145	CHEMBL2364166	ATP synthase	PROTEIN COMPLEX	Mycobacterium tuberculosis	17	False
5459	106151	CHEMBL2364172	Integrin alpha-L/beta-2 (LFA-1)	PROTEIN COMPLEX	Homo sapiens	8	True
5460	106168	CHEMBL2364668	Dihydropteroate synthase	SINGLE PROTEIN	Bacteria	9	True
5461	106169	CHEMBL2364669	Dihydrofolate reductase	SINGLE PROTEIN	Bacteria	16	True
5462	106170	CHEMBL2364670	Beta-lactamase TEM	SINGLE PROTEIN	Bacteria	40	True
5463	106172	CHEMBL2364672	Bacterial DNA-directed RNA polymerase	PROTEIN COMPLEX	Bacteria	6	True
5464	106175	CHEMBL2364675	Cytochrome P450 3A	PROTEIN FAMILY	Homo sapiens	52	True
5465	106197	CHEMBL2364701	26S proteasome	PROTEIN COMPLEX	Homo sapiens	16	True
5466	106208	CHEMBL2364712	Heparin	OLIGOSACCHARIDE	Homo sapiens	6	False
5467	106230	CHEMBL2366061	CPC-N	CELL-LINE	Homo sapiens	25	False
5468	106231	CHEMBL2366062	MONO-MAC-6	CELL-LINE	Homo sapiens	125	False
5469	106232	CHEMBL2366063	HCC1599	CELL-LINE	Homo sapiens	35	False
5470	106233	CHEMBL2366064	NB17	CELL-LINE	Homo sapiens	42	False
5471	106234	CHEMBL2366065	KP-N-YS	CELL-LINE	Homo sapiens	46	False
5472	106235	CHEMBL2366066	LP-1	CELL-LINE	Homo sapiens	63	False
5473	106236	CHEMBL2366067	SIMA	CELL-LINE	Homo sapiens	30	False
5474	106237	CHEMBL2366068	ONS-76	CELL-LINE	Homo sapiens	79	False
5475	106238	CHEMBL2366069	ES8	CELL-LINE	Homo sapiens	67	False
5476	106239	CHEMBL2366070	MN-60	CELL-LINE	Homo sapiens	47	False
5477	106240	CHEMBL2366071	no-10	CELL-LINE	Homo sapiens	44	False
5478	106241	CHEMBL2366072	LS-1034	CELL-LINE	Homo sapiens	49	False
5479	106242	CHEMBL2366073	NCI-H1155	CELL-LINE	Homo sapiens	54	False
5480	106243	CHEMBL2366074	GI-ME-N	CELL-LINE	Homo sapiens	65	False
5481	106244	CHEMBL2366075	NCI-H1963	CELL-LINE	Homo sapiens	45	False
5482	106245	CHEMBL2366076	CP50-MEL-B	CELL-LINE	Homo sapiens	32	False
5483	106246	CHEMBL2366077	NCI-H82	CELL-LINE	Homo sapiens	74	False
5484	106247	CHEMBL2366078	RH-1	CELL-LINE	Homo sapiens	48	False
5485	106248	CHEMBL2366079	DSH1	CELL-LINE	Homo sapiens	54	False
5486	106249	CHEMBL2366080	CRO-AP2	CELL-LINE	Homo sapiens	7	False
5487	106250	CHEMBL2366081	SCC-3	CELL-LINE	Homo sapiens	31	False
5488	106251	CHEMBL2366082	NCI-H2081	CELL-LINE	Homo sapiens	23	False
5489	106252	CHEMBL2366083	TT	CELL-LINE	Homo sapiens	28	False
5490	106253	CHEMBL2366084	MEG-01	CELL-LINE	Homo sapiens	109	False
5491	106254	CHEMBL2366085	SKM-1	CELL-LINE	Homo sapiens	97	False
5492	106255	CHEMBL2366086	TE-15	CELL-LINE	Homo sapiens	49	False
5493	106256	CHEMBL2366087	NCI-H747	CELL-LINE	Homo sapiens	68	False
5494	106258	CHEMBL2366089	TGBC1TKB	CELL-LINE	Homo sapiens	49	False
5495	106259	CHEMBL2366090	LAMA-84	CELL-LINE	Homo sapiens	95	False
5496	106260	CHEMBL2366091	LC4-1	CELL-LINE	Homo sapiens	39	False
5497	106261	CHEMBL2366092	TE-1	CELL-LINE	Homo sapiens	224	False
5498	106262	CHEMBL2366093	TGBC24TKB	CELL-LINE	Homo sapiens	46	False
5499	106263	CHEMBL2366094	IST-MEL1	CELL-LINE	Homo sapiens	59	False
5500	106264	CHEMBL2366095	CP67-MEL	CELL-LINE	Homo sapiens	12	False
5501	106265	CHEMBL2366096	SK-LMS-1	CELL-LINE	Homo sapiens	55	False
5502	106266	CHEMBL2366097	EW-18	CELL-LINE	Homo sapiens	41	False
5503	106267	CHEMBL2366098	U-698-M	CELL-LINE	Homo sapiens	27	False
5504	106268	CHEMBL2366099	LB771-HNC	CELL-LINE	Homo sapiens	47	False
5505	106269	CHEMBL2366100	CAS-1	CELL-LINE	Homo sapiens	48	False
5506	106270	CHEMBL2366101	IST-SL2	CELL-LINE	Homo sapiens	41	False
5507	106271	CHEMBL2366102	NCI-H526	CELL-LINE	Homo sapiens	93	False
5508	106272	CHEMBL2366103	MOLT-13	CELL-LINE	Homo sapiens	26	False
5509	106273	CHEMBL2366104	IST-SL1	CELL-LINE	Homo sapiens	49	False
5510	106274	CHEMBL2366105	NCI-H720	CELL-LINE	Homo sapiens	43	False
5511	106275	CHEMBL2366106	NCI-H716	CELL-LINE	Homo sapiens	55	False
5512	106276	CHEMBL2366107	KP-N-RT-BM-1	CELL-LINE	Homo sapiens	11	False
5513	106277	CHEMBL2366108	SK-PN-DW	CELL-LINE	Homo sapiens	51	False
5514	106278	CHEMBL2366109	BOKU	CELL-LINE	Homo sapiens	27	False
5515	106279	CHEMBL2366110	LB996-RCC	CELL-LINE	Homo sapiens	53	False
5516	106280	CHEMBL2366111	GR-ST	CELL-LINE	Homo sapiens	56	False
5517	106281	CHEMBL2366112	EW-7	CELL-LINE	Homo sapiens	22	False
5518	106282	CHEMBL2366113	D-336MG	CELL-LINE	Homo sapiens	40	False
5519	106283	CHEMBL2366114	YT	CELL-LINE	Homo sapiens	31	False
5520	106284	CHEMBL2366115	8-MG-BA	CELL-LINE	Homo sapiens	67	False
5521	106285	CHEMBL2366116	ETK-1	CELL-LINE	Homo sapiens	69	False
5522	106286	CHEMBL2366117	ECC10	CELL-LINE	Homo sapiens	26	False
5523	106287	CHEMBL2366118	ES4	CELL-LINE	Homo sapiens	68	False
5524	106288	CHEMBL2366119	KURAMOCHI	CELL-LINE	Homo sapiens	62	False
5525	106289	CHEMBL2366120	SK-N-FI	CELL-LINE	Homo sapiens	55	False
5526	106290	CHEMBL2366121	OCUB-M	CELL-LINE	Homo sapiens	63	False
5527	106291	CHEMBL2366122	NCI-H2107	CELL-LINE	Homo sapiens	10	False
5528	106292	CHEMBL2366123	LAN-6	CELL-LINE	Homo sapiens	43	False
5529	106293	CHEMBL2366124	EW-13	CELL-LINE	Homo sapiens	52	False
5530	106294	CHEMBL2366125	MS-1	CELL-LINE	Homo sapiens	54	False
5531	106295	CHEMBL2366126	HCC2157	CELL-LINE	Homo sapiens	40	False
5532	106296	CHEMBL2366127	MHH-PREB-1	CELL-LINE	Homo sapiens	64	False
5533	106297	CHEMBL2366128	CHP-134	CELL-LINE	Homo sapiens	40	False
5534	106299	CHEMBL2366130	HT	CELL-LINE	Homo sapiens	100	False
5535	106300	CHEMBL2366131	BPH-1	CELL-LINE	Homo sapiens	53	False
5536	106301	CHEMBL2366132	LU-165	CELL-LINE	Homo sapiens	23	False
5537	106302	CHEMBL2366133	NKM-1	CELL-LINE	Homo sapiens	78	False
5538	106303	CHEMBL2366134	D-423MG	CELL-LINE	Homo sapiens	61	False
5539	106304	CHEMBL2366135	ES3	CELL-LINE	Homo sapiens	47	False
5540	106305	CHEMBL2366136	LB1047-RCC	CELL-LINE	Homo sapiens	79	False
5541	106306	CHEMBL2366137	CHP-126	CELL-LINE	Homo sapiens	30	False
5542	106307	CHEMBL2366138	MZ7-mel	CELL-LINE	Homo sapiens	53	False
5543	106308	CHEMBL2366139	HCE-T	CELL-LINE	Homo sapiens	53	False
5544	106309	CHEMBL2366140	LB647-SCLC	CELL-LINE	Homo sapiens	31	False
5545	106310	CHEMBL2366141	NOS-1	CELL-LINE	Homo sapiens	82	False
5546	106311	CHEMBL2366142	HAL-01	CELL-LINE	Homo sapiens	94	False
5547	106312	CHEMBL2366143	SW684	CELL-LINE	Homo sapiens	34	False
5548	106313	CHEMBL2366144	TE-6	CELL-LINE	Homo sapiens	50	False
5549	106314	CHEMBL2366145	BV-173	CELL-LINE	Homo sapiens	113	False
5550	106315	CHEMBL2366146	ES1	CELL-LINE	Homo sapiens	65	False
5551	106316	CHEMBL2366147	TE-9	CELL-LINE	Homo sapiens	58	False
5552	106317	CHEMBL2366148	GT3TKB	CELL-LINE	Homo sapiens	58	False
5553	106318	CHEMBL2366149	NCI-H1417	CELL-LINE	Homo sapiens	61	False
5554	106319	CHEMBL2366150	NBsusSR	CELL-LINE	Homo sapiens	31	False
5555	106321	CHEMBL2366152	K5	CELL-LINE	Homo sapiens	55	False
5556	106322	CHEMBL2366153	L-540	CELL-LINE	Homo sapiens	60	False
5557	106323	CHEMBL2366154	KGN	CELL-LINE	Homo sapiens	70	False
5558	106324	CHEMBL2366155	KALS-1	CELL-LINE	Homo sapiens	51	False
5559	106325	CHEMBL2366156	KARPAS-299	CELL-LINE	Homo sapiens	618	False
5560	106326	CHEMBL2366157	GDM-1	CELL-LINE	Homo sapiens	47	False
5561	106327	CHEMBL2366158	TI-73	CELL-LINE	Homo sapiens	26	False
5562	106328	CHEMBL2366159	RS4-11	CELL-LINE	Homo sapiens	586	False
5563	106329	CHEMBL2366160	NCI-H2126	CELL-LINE	Homo sapiens	50	False
5564	106330	CHEMBL2366161	D-392MG	CELL-LINE	Homo sapiens	39	False
5565	106331	CHEMBL2366162	EW-22	CELL-LINE	Homo sapiens	25	False
5566	106332	CHEMBL2366163	NCI-H748	CELL-LINE	Homo sapiens	22	False
5567	106333	CHEMBL2366164	YH-13	CELL-LINE	Homo sapiens	24	False
5568	106334	CHEMBL2366165	P30-OHK	CELL-LINE	Homo sapiens	53	False
5569	106335	CHEMBL2366166	TE-11	CELL-LINE	Homo sapiens	57	False
5570	106336	CHEMBL2366167	DMS-153	CELL-LINE	Homo sapiens	25	False
5571	106337	CHEMBL2366168	RL95-2	CELL-LINE	Homo sapiens	42	False
5572	106338	CHEMBL2366169	NCI-H889	CELL-LINE	Homo sapiens	26	False
5573	106339	CHEMBL2366170	Ramos-2G6-4C10	CELL-LINE	Homo sapiens	59	False
5574	106340	CHEMBL2366171	NCI-H1770	CELL-LINE	Homo sapiens	53	False
5575	106341	CHEMBL2366172	LNCaP-Clone-FGC	CELL-LINE	Homo sapiens	45	False
5576	106342	CHEMBL2366173	BL-41	CELL-LINE	Homo sapiens	44	False
5577	106343	CHEMBL2366174	CW-2	CELL-LINE	Homo sapiens	20	False
5578	106344	CHEMBL2366175	RL	CELL-LINE	Homo sapiens	72	False
5579	106345	CHEMBL2366176	COLO-684	CELL-LINE	Homo sapiens	48	False
5580	106346	CHEMBL2366177	CMK	CELL-LINE	Homo sapiens	56	False
5581	106347	CHEMBL2366178	NCI-H1522	CELL-LINE	Homo sapiens	23	False
5582	106348	CHEMBL2366179	GOTO	CELL-LINE	Homo sapiens	84	False
5583	106349	CHEMBL2366180	ECC12	CELL-LINE	Homo sapiens	15	False
5584	106350	CHEMBL2366181	DOHH-2	CELL-LINE	Homo sapiens	188	False
5585	106351	CHEMBL2366182	TE-8	CELL-LINE	Homo sapiens	70	False
5586	106352	CHEMBL2366183	D-263MG	CELL-LINE	Homo sapiens	53	False
5587	106353	CHEMBL2366184	NCI-H719	CELL-LINE	Homo sapiens	22	False
5588	106354	CHEMBL2366185	MHH-NB-11	CELL-LINE	Homo sapiens	50	False
5589	106355	CHEMBL2366186	DEL	CELL-LINE	Homo sapiens	84	False
5590	106356	CHEMBL2366187	RPMI-6666	CELL-LINE	Homo sapiens	44	False
5591	106357	CHEMBL2366188	OS-RC-2	CELL-LINE	Homo sapiens	159	False
5592	106358	CHEMBL2366189	LS-411N	CELL-LINE	Homo sapiens	60	False
5593	106359	CHEMBL2366190	KY821	CELL-LINE	Homo sapiens	47	False
5594	106360	CHEMBL2366191	RCC10RGB	CELL-LINE	Homo sapiens	41	False
5595	106361	CHEMBL2366192	AM-38	CELL-LINE	Homo sapiens	36	False
5596	106362	CHEMBL2366193	WSU-NHL	CELL-LINE	Homo sapiens	30	False
5597	106363	CHEMBL2366194	IST-MES1	CELL-LINE	Homo sapiens	49	False
5598	106364	CHEMBL2366195	ACN	CELL-LINE	Homo sapiens	71	False
5599	106365	CHEMBL2366196	MMAC-SF	CELL-LINE	Homo sapiens	46	False
5600	106366	CHEMBL2366197	NCI-H2291	CELL-LINE	Homo sapiens	17	False
5601	106367	CHEMBL2366198	NOMO-1	CELL-LINE	Homo sapiens	121	False
5602	106368	CHEMBL2366199	DG-75	CELL-LINE	Homo sapiens	37	False
5603	106369	CHEMBL2366200	SU-DHL-1	CELL-LINE	Homo sapiens	50	False
5604	106370	CHEMBL2366201	NCI-H1395	CELL-LINE	Homo sapiens	35	False
5605	106371	CHEMBL2366202	HCC1187	CELL-LINE	Homo sapiens	43	False
5606	106372	CHEMBL2366203	KNS-81-FD	CELL-LINE	Homo sapiens	42	False
5607	106373	CHEMBL2366204	MZ1-PC	CELL-LINE	Homo sapiens	66	False
5608	106374	CHEMBL2366205	NCI-H1436	CELL-LINE	Homo sapiens	25	False
5609	106375	CHEMBL2366206	EW-24	CELL-LINE	Homo sapiens	32	False
5610	106376	CHEMBL2366207	HCE-4	CELL-LINE	Homo sapiens	56	False
5611	106377	CHEMBL2366208	D-542MG	CELL-LINE	Homo sapiens	31	False
5612	106378	CHEMBL2366209	IMR-5	CELL-LINE	Homo sapiens	34	False
5613	106379	CHEMBL2366210	NCI-H1882	CELL-LINE	Homo sapiens	28	False
5614	106380	CHEMBL2366211	MLMA	CELL-LINE	Homo sapiens	60	False
5615	106381	CHEMBL2366212	NB14	CELL-LINE	Homo sapiens	39	False
5616	106382	CHEMBL2366213	NCI-H2171	CELL-LINE	Homo sapiens	356	False
5617	106383	CHEMBL2366214	NCI-H1648	CELL-LINE	Homo sapiens	57	False
5618	106384	CHEMBL2366215	COLO-668	CELL-LINE	Homo sapiens	46	False
5619	106385	CHEMBL2366216	LC-1F	CELL-LINE	Homo sapiens	26	False
5620	106386	CHEMBL2366217	NCI-H2227	CELL-LINE	Homo sapiens	12	False
5621	106387	CHEMBL2366218	TUR	CELL-LINE	Homo sapiens	24	False
5622	106388	CHEMBL2366219	J-RT3-T3-5	CELL-LINE	Homo sapiens	59	False
5623	106389	CHEMBL2366220	OCI-AML2	CELL-LINE	Homo sapiens	169	False
5624	106390	CHEMBL2366221	HCC2218	CELL-LINE	Homo sapiens	51	False
5625	106391	CHEMBL2366222	LB831-BLC	CELL-LINE	Homo sapiens	56	False
5626	106392	CHEMBL2366223	EW-11	CELL-LINE	Homo sapiens	42	False
5627	106393	CHEMBL2366224	COLO-800	CELL-LINE	Homo sapiens	43	False
5628	106394	CHEMBL2366225	NB13	CELL-LINE	Homo sapiens	59	False
5629	106395	CHEMBL2366226	MZ2-MEL	CELL-LINE	Homo sapiens	60	False
5630	106396	CHEMBL2366227	NCI-H1355	CELL-LINE	Homo sapiens	74	False
5631	106397	CHEMBL2366228	KS-1	CELL-LINE	Homo sapiens	78	False
5632	106398	CHEMBL2366229	KINGS-1	CELL-LINE	Homo sapiens	49	False
5633	106399	CHEMBL2366230	Becker	CELL-LINE	Homo sapiens	60	False
5634	106400	CHEMBL2366231	HDLM-2	CELL-LINE	Homo sapiens	40	False
5635	106401	CHEMBL2366232	SK-MM-2	CELL-LINE	Homo sapiens	29	False
5636	106402	CHEMBL2366233	L-428	CELL-LINE	Homo sapiens	60	False
5637	106403	CHEMBL2366234	GCIY	CELL-LINE	Homo sapiens	69	False
5638	106404	CHEMBL2366235	PF-382	CELL-LINE	Homo sapiens	44	False
5639	106405	CHEMBL2366236	LU-134-A	CELL-LINE	Homo sapiens	53	False
5640	106406	CHEMBL2366237	D-247MG	CELL-LINE	Homo sapiens	42	False
5641	106407	CHEMBL2366238	SW982	CELL-LINE	Homo sapiens	89	False
5642	106408	CHEMBL2366239	KLE	CELL-LINE	Homo sapiens	64	False
5643	106409	CHEMBL2366240	EC-GI-10	CELL-LINE	Homo sapiens	26	False
5644	106410	CHEMBL2366241	ARH-77	CELL-LINE	Homo sapiens	37	False
5645	106411	CHEMBL2366242	MDA-MB-134-VI	CELL-LINE	Homo sapiens	21	False
5646	106412	CHEMBL2366243	NB10	CELL-LINE	Homo sapiens	53	False
5647	106413	CHEMBL2366244	KNS-62	CELL-LINE	Homo sapiens	25	False
5648	106414	CHEMBL2366245	TE-5	CELL-LINE	Homo sapiens	53	False
5649	106415	CHEMBL2366246	DU-4475	CELL-LINE	Homo sapiens	128	False
5650	106416	CHEMBL2366247	BB65-RCC	CELL-LINE	Homo sapiens	67	False
5651	106417	CHEMBL2366248	LU-139	CELL-LINE	Homo sapiens	45	False
5652	106419	CHEMBL2366250	KM-H2	CELL-LINE	Homo sapiens	46	False
5653	106420	CHEMBL2366251	SIG-M5	CELL-LINE	Homo sapiens	51	False
5654	106421	CHEMBL2366252	LOUCY	CELL-LINE	Homo sapiens	35	False
5655	106422	CHEMBL2366253	697	CELL-LINE	Homo sapiens	98	False
5656	106423	CHEMBL2366254	TALL-1	CELL-LINE	Homo sapiens	40	False
5657	106425	CHEMBL2366256	MC116	CELL-LINE	Homo sapiens	57	False
5658	106426	CHEMBL2366257	KMS-12-PE	CELL-LINE	Homo sapiens	43	False
5659	106427	CHEMBL2366258	EHEB	CELL-LINE	Homo sapiens	31	False
5660	106428	CHEMBL2366259	VA-ES-BJ	CELL-LINE	Homo sapiens	63	False
5661	106429	CHEMBL2366260	LC-2-ad	CELL-LINE	Homo sapiens	94	False
5662	106430	CHEMBL2366261	KNS-42	CELL-LINE	Homo sapiens	52	False
5663	106431	CHEMBL2366262	MFH-ino	CELL-LINE	Homo sapiens	48	False
5664	106432	CHEMBL2366263	NH-12	CELL-LINE	Homo sapiens	53	False
5665	106433	CHEMBL2366264	DJM-1	CELL-LINE	Homo sapiens	43	False
5666	106434	CHEMBL2366265	COLO-320-HSR	CELL-LINE	Homo sapiens	45	False
5667	106435	CHEMBL2366266	NCI-H1304	CELL-LINE	Homo sapiens	38	False
5668	106436	CHEMBL2366267	L-363	CELL-LINE	Homo sapiens	87	False
5669	106437	CHEMBL2366268	TE-441-T	CELL-LINE	Homo sapiens	28	False
5670	106438	CHEMBL2366269	BALL-1	CELL-LINE	Homo sapiens	13	False
5671	106440	CHEMBL2366271	BB30-HNC	CELL-LINE	Homo sapiens	74	False
5672	106441	CHEMBL2366272	GI-1	CELL-LINE	Homo sapiens	64	False
5673	106442	CHEMBL2366273	A3-KAW	CELL-LINE	Homo sapiens	69	False
5674	106443	CHEMBL2366274	MC-CAR	CELL-LINE	Homo sapiens	38	False
5675	106444	CHEMBL2366275	COLO-829	CELL-LINE	Homo sapiens	74	False
5676	106445	CHEMBL2366276	NCI-H187	CELL-LINE	Homo sapiens	106	False
5677	106446	CHEMBL2366277	ATN-1	CELL-LINE	Homo sapiens	55	False
5678	106447	CHEMBL2366278	TE-12	CELL-LINE	Homo sapiens	70	False
5679	106448	CHEMBL2366279	SNU-C2B	CELL-LINE	Homo sapiens	48	False
5680	106449	CHEMBL2366280	KP-N-YN	CELL-LINE	Homo sapiens	21	False
5681	106450	CHEMBL2366281	EM-2	CELL-LINE	Homo sapiens	69	False
5682	106452	CHEMBL2366283	C2BBe1	CELL-LINE	Homo sapiens	54	False
5683	106453	CHEMBL2366284	NB1	CELL-LINE	Homo sapiens	80	False
5684	106454	CHEMBL2366285	NB12	CELL-LINE	Homo sapiens	38	False
5685	106455	CHEMBL2366286	MHH-CALL-2	CELL-LINE	Homo sapiens	25	False
5686	106456	CHEMBL2366287	KE-37	CELL-LINE	Homo sapiens	59	False
5687	106457	CHEMBL2366288	OC-314	CELL-LINE	Homo sapiens	24	False
5688	106459	CHEMBL2366290	NCI-H1618	CELL-LINE	Homo sapiens	15	False
5689	106460	CHEMBL2366291	HT-144	CELL-LINE	Homo sapiens	78	False
5690	106461	CHEMBL2366292	GB-1	CELL-LINE	Homo sapiens	64	False
5691	106462	CHEMBL2366293	ST486	CELL-LINE	Homo sapiens	60	False
5692	106463	CHEMBL2366294	ALL-PO	CELL-LINE	Homo sapiens	71	False
5693	106464	CHEMBL2366295	BB49-HNC	CELL-LINE	Homo sapiens	47	False
5694	106465	CHEMBL2366296	LB373-MEL-D	CELL-LINE	Homo sapiens	35	False
5695	106466	CHEMBL2366297	ES7	CELL-LINE	Homo sapiens	50	False
5696	106467	CHEMBL2366298	SJSA-1	CELL-LINE	Homo sapiens	518	False
5697	106468	CHEMBL2366299	HC-1	CELL-LINE	Homo sapiens	51	False
5698	106469	CHEMBL2366300	CGTH-W-1	CELL-LINE	Homo sapiens	67	False
5699	106470	CHEMBL2366301	GAK	CELL-LINE	Homo sapiens	40	False
5700	106471	CHEMBL2366302	SW872	CELL-LINE	Homo sapiens	70	False
5701	106472	CHEMBL2366303	BE-13	CELL-LINE	Homo sapiens	60	False
5702	106473	CHEMBL2366304	SNU-C1	CELL-LINE	Homo sapiens	21	False
5703	106474	CHEMBL2366305	KARPAS-45	CELL-LINE	Homo sapiens	70	False
5704	106475	CHEMBL2366306	A101D	CELL-LINE	Homo sapiens	79	False
5705	106476	CHEMBL2366307	EW-3	CELL-LINE	Homo sapiens	56	False
5706	106477	CHEMBL2366308	TE-10	CELL-LINE	Homo sapiens	64	False
5707	106478	CHEMBL2366309	SH-4	CELL-LINE	Homo sapiens	70	False
5708	106479	CHEMBL2366310	HH	CELL-LINE	Homo sapiens	68	False
5709	106480	CHEMBL2366311	LS-513	CELL-LINE	Homo sapiens	52	False
5710	106481	CHEMBL2366312	ES5	CELL-LINE	Homo sapiens	47	False
5711	106482	CHEMBL2366313	C-33-A	CELL-LINE	Homo sapiens	79	False
5712	106483	CHEMBL2366314	SK-MEL-24	CELL-LINE	Homo sapiens	38	False
5713	106484	CHEMBL2366315	U-266	CELL-LINE	Homo sapiens	197	False
5714	106485	CHEMBL2366316	SK-UT-1	CELL-LINE	Homo sapiens	64	False
5715	106486	CHEMBL2366317	BL-70	CELL-LINE	Homo sapiens	45	False
5716	106487	CHEMBL2366318	NB6	CELL-LINE	Homo sapiens	48	False
5717	106488	CHEMBL2366319	NCI-H64	CELL-LINE	Homo sapiens	26	False
5718	106489	CHEMBL2366320	REH	CELL-LINE	Homo sapiens	64	False
5719	106491	CHEMBL2366322	HD-MY-Z	CELL-LINE	Homo sapiens	55	False
5720	106492	CHEMBL2366323	NCI-H2141	CELL-LINE	Homo sapiens	25	False
5721	106494	CHEMBL2366325	MRK-nu-1	CELL-LINE	Homo sapiens	46	False
5722	106495	CHEMBL2366326	no-11	CELL-LINE	Homo sapiens	53	False
5723	106496	CHEMBL2366327	SBC-1	CELL-LINE	Homo sapiens	48	False
5724	106497	CHEMBL2366328	NB5	CELL-LINE	Homo sapiens	53	False
5725	106498	CHEMBL2366329	COR-L88	CELL-LINE	Homo sapiens	40	False
5726	106499	CHEMBL2366330	LB2241-RCC	CELL-LINE	Homo sapiens	70	False
5727	106500	CHEMBL2366331	DB	CELL-LINE	Homo sapiens	74	False
5728	106501	CHEMBL2366332	NCI-H510A	CELL-LINE	Homo sapiens	37	False
5729	106502	CHEMBL2366333	NCI-H1694	CELL-LINE	Homo sapiens	24	False
5730	106503	CHEMBL2366334	LS-123	CELL-LINE	Homo sapiens	57	False
5731	106504	CHEMBL2366335	LB2518-MEL	CELL-LINE	Homo sapiens	50	False
5732	106505	CHEMBL2366336	D-566MG	CELL-LINE	Homo sapiens	30	False
5733	106506	CHEMBL2366337	QIMR-WIL	CELL-LINE	Homo sapiens	77	False
5734	106507	CHEMBL2366338	EB2	CELL-LINE	Homo sapiens	32	False
5735	106508	CHEMBL2366339	OMC-1	CELL-LINE	Homo sapiens	43	False
5736	106509	CHEMBL2366340	NEC8	CELL-LINE	Homo sapiens	64	False
5737	106510	CHEMBL2366341	RPMI-8866	CELL-LINE	Homo sapiens	40	False
5738	106511	CHEMBL2366342	NCI-H524	CELL-LINE	Homo sapiens	23	False
5739	106512	CHEMBL2366343	D-502MG	CELL-LINE	Homo sapiens	48	False
5740	106513	CHEMBL2366344	CTB-1	CELL-LINE	Homo sapiens	67	False
5741	106514	CHEMBL2366345	NB7	CELL-LINE	Homo sapiens	35	False
5742	106515	CHEMBL2366346	NCI-H1838	CELL-LINE	Homo sapiens	26	False
5743	106516	CHEMBL2366347	KMOE-2	CELL-LINE	Homo sapiens	47	False
5744	106517	CHEMBL2366348	JEG-3	CELL-LINE	Homo sapiens	36	False
5745	106518	CHEMBL2366349	NMC-G1	CELL-LINE	Homo sapiens	60	False
5746	106519	CHEMBL2366350	RH-18	CELL-LINE	Homo sapiens	18	False
5747	106520	CHEMBL2366351	NCI-H1092	CELL-LINE	Homo sapiens	44	False
5748	106521	CHEMBL2366352	COR-L279	CELL-LINE	Homo sapiens	31	False
5749	106522	CHEMBL2366353	OPM-2	CELL-LINE	Homo sapiens	133	False
5750	106523	CHEMBL2366354	K052	CELL-LINE	Homo sapiens	27	False
5751	106524	CHEMBL2366355	A388	CELL-LINE	Homo sapiens	64	False
5752	106525	CHEMBL2366356	A4-Fuk	CELL-LINE	Homo sapiens	69	False
5753	106526	CHEMBL2366357	MPP-89	CELL-LINE	Homo sapiens	53	False
5754	106527	CHEMBL2366358	EW-16	CELL-LINE	Homo sapiens	78	False
5755	106528	CHEMBL2366359	JVM-2	CELL-LINE	Homo sapiens	43	False
5756	106529	CHEMBL2366360	CTV-1	CELL-LINE	Homo sapiens	77	False
5757	106530	CHEMBL2366361	CESS	CELL-LINE	Homo sapiens	51	False
5758	106531	CHEMBL2366362	MOLT-16	CELL-LINE	Homo sapiens	70	False
5759	106532	CHEMBL2366363	CP66-MEL	CELL-LINE	Homo sapiens	39	False
5760	106533	CHEMBL2366364	EW-1	CELL-LINE	Homo sapiens	58	False
5761	106534	CHEMBL2366365	NCI-H209	CELL-LINE	Homo sapiens	60	False
5762	106535	CHEMBL2366366	IA-LM	CELL-LINE	Homo sapiens	58	False
5763	106536	CHEMBL2366367	ECC4	CELL-LINE	Homo sapiens	24	False
5764	106537	CHEMBL2366368	KARPAS-422	CELL-LINE	Homo sapiens	319	False
5765	106538	CHEMBL2366369	EB-3	CELL-LINE	Homo sapiens	33	False
5766	106539	CHEMBL2366370	P31-FUJ	CELL-LINE	Homo sapiens	11	False
5767	106540	CHEMBL2366371	BC-3	CELL-LINE	Homo sapiens	39	False
5768	106541	CHEMBL2366372	JVM-3	CELL-LINE	Homo sapiens	45	False
5769	106542	CHEMBL2366373	ES6	CELL-LINE	Homo sapiens	61	False
5770	106543	CHEMBL2366374	TGBC11TKB	CELL-LINE	Homo sapiens	24	False
5771	106545	CHEMBL2366401	Cytochrome P450 14alpha-demethylase	SINGLE PROTEIN	Penicillium digitatum	20	False
5772	106552	CHEMBL2366408	Nicotinic acetylcholine receptor alpha 5 subunit	SINGLE PROTEIN	Musca domestica	49	False
5773	106555	CHEMBL2366411	Delta(14)-sterol reductase	SINGLE PROTEIN	Zea mays	8	False
5774	106557	CHEMBL2366413	Cycloeucalenol cycloisomerase	SINGLE PROTEIN	Zea mays	7	False
5775	106559	CHEMBL2366415	Acetolactate synthase	SINGLE PROTEIN	Nicotiana tabacum	9	False
5776	106569	CHEMBL2366425	Cytochrome b	SINGLE PROTEIN	Sus scrofa	11	False
5777	106577	CHEMBL2366433	Cytochrome b-c1 complex subunit Rieske, mitochondrial	SINGLE PROTEIN	Botryotinia fuckeliana (strain T4) (Noble rot fungus) (Botrytiscinerea)	20	False
5778	106581	CHEMBL2366437	Nicotinic acetylcholine receptor alpha8 subunit	SINGLE PROTEIN	Periplaneta americana	18	False
5779	106583	CHEMBL2366439	Ryanodien receptor	SINGLE PROTEIN	Spodoptera exigua	9	False
5780	106587	CHEMBL2366443	Acetolactate synthase	SINGLE PROTEIN	Raphanus raphanistrum	7	False
5781	106594	CHEMBL2366450	Casein kinase 1, delta tv1	SINGLE PROTEIN	Sus scrofa	32	False
5782	106596	CHEMBL2366452	Histidine biosynthesis bifunctional protein HisB	SINGLE PROTEIN	Escherichia coli O26:H11 str. CFSAN001629	7	False
5783	106599	CHEMBL2366455	Protoporphyrinogen oxidase, chloroplastic	SINGLE PROTEIN	Nicotiana tabacum	20	False
5784	106600	CHEMBL2366456	Voltage-dependent L-type calcium channel subunit alpha-1C	SINGLE PROTEIN	Cavia porcellus	124	False
5785	106601	CHEMBL2366457	Cytochrome b-245 light chain	SINGLE PROTEIN	Bos taurus	5	False
5786	106605	CHEMBL2366461	Cytochrome b6-f complex subunit 4	SINGLE PROTEIN	Spinacia oleracea	49	False
5787	106607	CHEMBL2366463	Photosystem II protein D1	SINGLE PROTEIN	Marchantia polymorpha	9	False
5788	106611	CHEMBL2366467	Muscarinic acetylcholine receptor DM1	SINGLE PROTEIN	Drosophila melanogaster	16	False
5789	106612	CHEMBL2366468	G2/mitotic-specific cyclin-B	SINGLE PROTEIN	Asterina pectinifera	6	False
5790	106614	CHEMBL2366470	Acetylcholine receptor subunit beta-like 2	SINGLE PROTEIN	Drosophila melanogaster	21	False
5791	106616	CHEMBL2366472	15-cis-phytoene desaturase	SINGLE PROTEIN	Synechococcus elongatus (strain PCC 7942) (Anacystis nidulans R2)	44	False
5792	106617	CHEMBL2366473	Probable glutathione reductase 2	SINGLE PROTEIN	Caenorhabditis elegans	20	False
5793	106619	CHEMBL2366475	Glutathione S-transferase	SINGLE PROTEIN	Dirofilaria immitis	41	False
5794	106623	CHEMBL2366479	Protoporphyrinogen oxidase 1, chloroplastic	SINGLE PROTEIN	Arabidopsis thaliana	7	False
5795	106625	CHEMBL2366481	Photosystem II protein D1	SINGLE PROTEIN	Spinacia oleracea	67	False
5796	106630	CHEMBL2366486	Glutamine synthetase	SINGLE PROTEIN	Oryza sativa	17	False
5797	106633	CHEMBL2366489	Bifunctional dihydrofolate reductase-thymidylate synthase	SINGLE PROTEIN	Cryptosporidium parvum	24	False
5798	106635	CHEMBL2366491	Tubulin polymerization-promoting protein	SINGLE PROTEIN	Bos taurus	5	False
5799	106636	CHEMBL2366492	Sterol-8,7-isomerase	SINGLE PROTEIN	Zea mays	8	False
5800	106642	CHEMBL2366498	Liver carboxylesterase B-1	SINGLE PROTEIN	Rattus norvegicus	10	False
5801	106645	CHEMBL2366501	Potassium channel protein	SINGLE PROTEIN	Rattus norvegicus	6	False
5802	106648	CHEMBL2366504	Structural capsid protein	SINGLE PROTEIN	Human immunodeficiency virus 1	77	False
5803	106654	CHEMBL2366510	Protoporphyrinogen oxidase, chloroplastic	SINGLE PROTEIN	Oryza sativa subsp. japonica	10	False
5804	106656	CHEMBL2366512	Protoporphyrinogen IX oxidase	SINGLE PROTEIN	Zea mays	90	False
5805	106658	CHEMBL2366514	Ace-orthologous acetylcholinesterase	SINGLE PROTEIN	Nephotettix cincticeps	7	False
5806	106661	CHEMBL2366517	Protease	SINGLE PROTEIN	Human immunodeficiency virus 1	1192	False
5807	106709	CHEMBL2366565	Glycogen synthase kinase-3	PROTEIN FAMILY	Sus scrofa	328	False
5808	106712	CHEMBL2366568	Chitin synthase	PROTEIN FAMILY	Candida albicans	9	False
5809	106713	CHEMBL2366569	Juvenile hormone esterase	PROTEIN FAMILY	Trichoplusia ni	9	False
5810	106715	CHEMBL2366571	Pyruvate dehydrogenase complex	PROTEIN COMPLEX	Pisum sativum	7	False
5811	106725	CHEMBL2366581	Ecdysone receptor	PROTEIN COMPLEX	Drosophila melanogaster	44	False
5812	106732	CHEMBL2366588	Ecdysone receptor	PROTEIN COMPLEX	Spodoptera frugiperda	20	False
5813	106733	CHEMBL2366589	Ecdysone receptor	PROTEIN COMPLEX	Nezara viridula	5	False
5814	106760	CHEMBL2366629	Cydia pomonella	ORGANISM	Cydia pomonella	21	False
5815	106761	CHEMBL2366630	Verticillium dahliae	ORGANISM	Verticillium dahliae	13	False
5816	106766	CHEMBL2366635	Heterodera zeae	ORGANISM	Heterodera zeae	21	False
5817	106767	CHEMBL2366636	Ipomoea nil	ORGANISM	Ipomoea nil	20	False
5818	106770	CHEMBL2366639	Meloidogyne javanica	ORGANISM	Meloidogyne javanica	13	False
5819	106779	CHEMBL2366648	Colletotrichum camelliae	ORGANISM	Colletotrichum camelliae	7	False
5820	106787	CHEMBL2366656	Rhopalosiphum padi	ORGANISM	Rhopalosiphum padi	8	False
5821	106789	CHEMBL2366658	Eleocharis acicularis	ORGANISM	Eleocharis acicularis	17	False
5822	106794	CHEMBL2366663	Chilo suppressalis	ORGANISM	Chilo suppressalis	131	False
5823	106795	CHEMBL2366664	Ascia monuste	ORGANISM	Ascia monuste	19	False
5824	106796	CHEMBL2366665	Gaeumannomyces graminis	ORGANISM	Gaeumannomyces graminis	23	False
5825	106798	CHEMBL2366667	Bromus tectorum	ORGANISM	Bromus tectorum	8	False
5826	106803	CHEMBL2366672	Alternaria brassicae	ORGANISM	Alternaria brassicae	17	False
5827	106805	CHEMBL2366674	Acanthoscelides obtectus	ORGANISM	Acanthoscelides obtectus	8	False
5828	106814	CHEMBL2366683	Puccinia asparagi	ORGANISM	Puccinia asparagi	5	False
5829	106815	CHEMBL2366684	Athalia rosae ruficornis	ORGANISM	Athalia rosae ruficornis	7	False
5830	106817	CHEMBL2366686	Leishmania	ORGANISM	Leishmania	6	False
5831	106829	CHEMBL2366698	Lacticaseibacillus rhamnosus	ORGANISM	Lacticaseibacillus rhamnosus	12	False
5832	106834	CHEMBL2366703	Laodelphax striatellus	ORGANISM	Laodelphax striatellus	67	False
5833	106839	CHEMBL2366708	Drosophila suzukii	ORGANISM	Drosophila suzukii	10	False
5834	106852	CHEMBL2366721	Cyperus compressus	ORGANISM	Cyperus compressus	5	False
5835	106858	CHEMBL2366727	Culex pipiens pallens	ORGANISM	Culex pipiens pallens	159	False
5836	106859	CHEMBL2366728	Stellaria media	ORGANISM	Stellaria media	35	False
5837	106862	CHEMBL2366731	Avena sterilis	ORGANISM	Avena sterilis	7	False
5838	106864	CHEMBL2366733	Portulaca oleracea	ORGANISM	Portulaca oleracea	16	False
5839	106866	CHEMBL2366735	Rhyzopertha dominica	ORGANISM	Rhyzopertha dominica	20	False
5840	106870	CHEMBL2366739	Puccinia triticina	ORGANISM	Puccinia triticina	46	False
5841	106873	CHEMBL2366742	Fusarium udum	ORGANISM	Fusarium udum	11	False
5842	106880	CHEMBL2366749	Amaranthus caudatus	ORGANISM	Amaranthus caudatus	10	False
5843	106881	CHEMBL2366750	Diplodia seriata	ORGANISM	Diplodia seriata	8	False
5844	106883	CHEMBL2366752	Vicia faba	ORGANISM	Vicia faba	6	False
5845	106884	CHEMBL2366753	Dothiorella gregaria	ORGANISM	Dothiorella gregaria	39	False
5846	106888	CHEMBL2366757	Commelina communis	ORGANISM	Commelina communis	5	False
5847	106891	CHEMBL2366760	Scytonema hofmannii	ORGANISM	Scytonema hofmannii	5	False
5848	106895	CHEMBL2366764	Monographella nivalis var. nivalis	ORGANISM	Monographella nivalis var. nivalis	7	False
5849	106899	CHEMBL2366768	Frankliniella occidentalis	ORGANISM	Frankliniella occidentalis	10	False
5850	106900	CHEMBL2366769	Veronica persica	ORGANISM	Veronica persica	21	False
5851	106901	CHEMBL2366770	Dermatophagoides farinae	ORGANISM	Dermatophagoides farinae	10	False
5852	106903	CHEMBL2366772	Plasmodiophora brassicae	ORGANISM	Plasmodiophora brassicae	41	False
5853	106905	CHEMBL2366774	Matricaria chamomilla	ORGANISM	Matricaria chamomilla	15	False
5854	106908	CHEMBL2366777	Delphacodes	ORGANISM	Delphacodes	11	False
5855	106917	CHEMBL2366786	Henosepilachna vigintioctopunctata	ORGANISM	Henosepilachna vigintioctopunctata	14	False
5856	106937	CHEMBL2366806	Paraixeris denticulata	ORGANISM	Paraixeris denticulata	5	False
5857	106953	CHEMBL2366822	Mythimna separata	ORGANISM	Mythimna separata	632	False
5858	106955	CHEMBL2366824	Sitophilus oryzae	ORGANISM	Sitophilus oryzae	13	False
5859	106958	CHEMBL2366827	Physalis ixocarpa	ORGANISM	Physalis ixocarpa	7	False
5860	106959	CHEMBL2366828	Brassica rapa subsp. oleifera	ORGANISM	Brassica rapa subsp. oleifera	308	False
5861	106960	CHEMBL2366829	Pontederia vaginalis	ORGANISM	Pontederia vaginalis	97	False
5862	106961	CHEMBL2366830	Brassica rapa subsp. chinensis	ORGANISM	Brassica rapa subsp. chinensis	35	False
5863	106963	CHEMBL2366832	Reticulitermes speratus	ORGANISM	Reticulitermes speratus	15	False
5864	106965	CHEMBL2366834	Fusarium graminearum	ORGANISM	Fusarium graminearum	204	False
5865	106967	CHEMBL2366836	Curvularia pallescens	ORGANISM	Curvularia pallescens	30	False
5866	106968	CHEMBL2366837	Hordeum vulgare	ORGANISM	Hordeum vulgare	22	False
5867	106972	CHEMBL2366841	Capsella bursa-pastoris	ORGANISM	Capsella bursa-pastoris	5	False
5868	106974	CHEMBL2366843	Pseudomonas amygdali pv. lachrymans	ORGANISM	Pseudomonas amygdali pv. lachrymans	13	False
5869	106984	CHEMBL2366853	Digitaria ciliaris	ORGANISM	Digitaria ciliaris	78	False
5870	106985	CHEMBL2366854	Tyrophagus putrescentiae	ORGANISM	Tyrophagus putrescentiae	6	False
5871	107002	CHEMBL2366871	Erysiphe necator	ORGANISM	Erysiphe necator	6	False
5872	107006	CHEMBL2366875	Puccinia arachidis	ORGANISM	Puccinia arachidis	7	False
5873	107007	CHEMBL2366876	Persicaria lapathifolia	ORGANISM	Persicaria lapathifolia	6	False
5874	107012	CHEMBL2366881	Sagittaria pygmaea	ORGANISM	Sagittaria pygmaea	15	False
5875	107014	CHEMBL2366883	Eleusine coracana	ORGANISM	Eleusine coracana	11	False
5876	107030	CHEMBL2366899	Anomala orientalis	ORGANISM	Anomala orientalis	5	False
5877	107033	CHEMBL2366902	Influenza A virus H3N2	ORGANISM	Influenza A virus H3N2	38	False
5878	107044	CHEMBL2366913	Digitaria	ORGANISM	Digitaria	21	False
5879	107048	CHEMBL2366917	Callosobruchus chinensis	ORGANISM	Callosobruchus chinensis	50	False
5880	107050	CHEMBL2366919	Aphis fabae	ORGANISM	Aphis fabae	68	False
5881	107052	CHEMBL2366921	Sitophilus zeamais	ORGANISM	Sitophilus zeamais	8	False
5882	107054	CHEMBL2366923	Monilinia laxa	ORGANISM	Monilinia laxa	10	False
5883	107056	CHEMBL2366925	Achaea janata	ORGANISM	Achaea janata	13	False
5884	107058	CHEMBL2366927	Trifolium repens	ORGANISM	Trifolium repens	7	False
5885	107062	CHEMBL2366931	Trametes versicolor	ORGANISM	Trametes versicolor	10	False
5886	107064	CHEMBL2366933	Podosphaera xanthii	ORGANISM	Podosphaera xanthii	38	False
5887	107067	CHEMBL2366936	Pseudoperonospora cubensis	ORGANISM	Pseudoperonospora cubensis	453	False
5888	107071	CHEMBL2366940	Zymoseptoria tritici	ORGANISM	Zymoseptoria tritici	39	False
5889	107072	CHEMBL2366941	Zingiber officinale	ORGANISM	Zingiber officinale	5	False
5890	107073	CHEMBL2366942	Colletotrichum acutatum	ORGANISM	Colletotrichum acutatum	10	False
5891	107077	CHEMBL2366946	Spirodela polyrhiza	ORGANISM	Spirodela polyrhiza	59	False
5892	107083	CHEMBL2366952	Echinochloa oryzicola	ORGANISM	Echinochloa oryzicola	165	False
5893	107084	CHEMBL2366953	Schoenoplectiella juncoides	ORGANISM	Schoenoplectiella juncoides	154	False
5894	107092	CHEMBL2366961	Amaranthus blitum	ORGANISM	Amaranthus blitum	16	False
5895	107093	CHEMBL2366962	Cytospora	ORGANISM	Cytospora	29	False
5896	107094	CHEMBL2366963	Dactylis glomerata	ORGANISM	Dactylis glomerata	7	False
5897	107098	CHEMBL2366967	Brassica rapa	ORGANISM	Brassica rapa	6	False
5898	107109	CHEMBL2366978	Nitrosomonas sp. TK794	ORGANISM	Nitrosomonas sp. TK794	34	False
5899	107120	CHEMBL2366989	Ipomoea lacunosa	ORGANISM	Ipomoea lacunosa	6	False
5900	107135	CHEMBL2367004	Lolium perenne	ORGANISM	Lolium perenne	65	False
5901	107139	CHEMBL2367008	Eleusine indica	ORGANISM	Eleusine indica	9	False
5902	107146	CHEMBL2367015	Brassica oleracea	ORGANISM	Brassica oleracea	5	False
5903	107147	CHEMBL2367016	Corticium	ORGANISM	Corticium	22	False
5904	107151	CHEMBL2367020	Cyperus rotundus	ORGANISM	Cyperus rotundus	5	False
5905	107152	CHEMBL2367021	Cenchrus americanus	ORGANISM	Cenchrus americanus	7	False
5906	107154	CHEMBL2367023	Lipaphis erysimi	ORGANISM	Lipaphis erysimi	26	False
5907	107156	CHEMBL2367025	Cerastium arvense	ORGANISM	Cerastium arvense	8	False
5908	107159	CHEMBL2367028	Polygonum humifusum	ORGANISM	Polygonum humifusum	16	False
5909	107161	CHEMBL2367030	Botryosphaeria dothidea	ORGANISM	Botryosphaeria dothidea	5	False
5910	107162	CHEMBL2367031	Podosphaera fuliginea	ORGANISM	Podosphaera fuliginea	310	False
5911	107169	CHEMBL2367038	Golovinomyces cichoracearum	ORGANISM	Golovinomyces cichoracearum	31	False
5912	107172	CHEMBL2367041	Eleocharis kuroguwai	ORGANISM	Eleocharis kuroguwai	18	False
5913	107175	CHEMBL2367044	Bombus terrestris	ORGANISM	Bombus terrestris	14	False
5914	107176	CHEMBL2367045	Amaranthus tuberculatus	ORGANISM	Amaranthus tuberculatus	7	False
5915	107193	CHEMBL2367062	Persicaria longiseta	ORGANISM	Persicaria longiseta	13	False
5916	107200	CHEMBL2367069	Aulacophora	ORGANISM	Aulacophora	6	False
5917	107221	CHEMBL2367090	Poa annua	ORGANISM	Poa annua	9	False
5918	107222	CHEMBL2367091	Diaporthe ampelina	ORGANISM	Diaporthe ampelina	7	False
5919	107224	CHEMBL2367093	Blumeria graminis f. sp. tritici	ORGANISM	Blumeria graminis f. sp. tritici	156	False
5920	107225	CHEMBL2367094	Ammannia baccifera	ORGANISM	Ammannia baccifera	6	False
5921	107227	CHEMBL2367096	Eclipta prostrata	ORGANISM	Eclipta prostrata	123	False
5922	107232	CHEMBL2367101	Ipomoea grandifolia	ORGANISM	Ipomoea grandifolia	9	False
5923	107235	CHEMBL2367104	Cyperus iria	ORGANISM	Cyperus iria	21	False
5924	107240	CHEMBL2367109	Pythium dissimile	ORGANISM	Pythium dissimile	15	False
5925	107242	CHEMBL2367111	Ascochyta	ORGANISM	Ascochyta	19	False
5926	107249	CHEMBL2367118	Ceratitis capitata	ORGANISM	Ceratitis capitata	6	False
5927	107254	CHEMBL2367123	Rotala indica	ORGANISM	Rotala indica	45	False
5928	107255	CHEMBL2367124	Amaranthus blitum subsp. oleraceus	ORGANISM	Amaranthus blitum subsp. oleraceus	12	False
5929	107258	CHEMBL2367127	Cyperus serotinus	ORGANISM	Cyperus serotinus	34	False
5930	107259	CHEMBL2367128	Nitrosomonas europaea	ORGANISM	Nitrosomonas europaea	49	False
5931	107265	CHEMBL2367134	Sogatella furcifera	ORGANISM	Sogatella furcifera	6	False
5932	107271	CHEMBL2367140	Streptomyces albus	ORGANISM	Streptomyces albus	5	False
5933	107272	CHEMBL2367141	Colletotrichum lindemuthianum	ORGANISM	Colletotrichum lindemuthianum	5	False
5934	107280	CHEMBL2367149	Popillia japonica	ORGANISM	Popillia japonica	6	False
5935	107304	CHEMBL2367173	Tetranychus cinnabarinus	ORGANISM	Tetranychus cinnabarinus	189	False
5936	107308	CHEMBL2367177	Nephotettix cincticeps	ORGANISM	Nephotettix cincticeps	155	False
5937	107311	CHEMBL2367180	Erigeron canadensis	ORGANISM	Erigeron canadensis	8	False
5938	107314	CHEMBL2367183	Amaranthus tricolor	ORGANISM	Amaranthus tricolor	8	False
5939	107315	CHEMBL2367184	Urochloa decumbens	ORGANISM	Urochloa decumbens	8	False
5940	107317	CHEMBL2367186	Fusarium oxysporum f. sp. cucumerinum	ORGANISM	Fusarium oxysporum f. sp. cucumerinum	10	False
5941	107323	CHEMBL2367192	Cyperus difformis	ORGANISM	Cyperus difformis	67	False
5942	107325	CHEMBL2367194	Solanum nigrum	ORGANISM	Solanum nigrum	7	False
5943	107326	CHEMBL2367195	Sinapis arvensis	ORGANISM	Sinapis arvensis	18	False
5944	107330	CHEMBL2367199	Scenedesmus acutus	ORGANISM	Scenedesmus acutus	94	False
5945	107335	CHEMBL2367204	Lindernia procumbens	ORGANISM	Lindernia procumbens	27	False
5946	107338	CHEMBL2367207	Echinochloa crus-galli var. crus-galli	ORGANISM	Echinochloa crus-galli var. crus-galli	10	False
5947	107339	CHEMBL2367208	Chenopodium ficifolium	ORGANISM	Chenopodium ficifolium	19	False
5948	107341	CHEMBL2367210	Attelabidae	ORGANISM	Attelabidae	5	False
5949	107342	CHEMBL2367211	Amaranthus viridis	ORGANISM	Amaranthus viridis	15	False
5950	107344	CHEMBL2367213	Galium aparine	ORGANISM	Galium aparine	8	False
5951	107350	CHEMBL2367219	Poria	ORGANISM	Poria	8	False
5952	107359	CHEMBL2367228	Setaria cervi	ORGANISM	Setaria cervi	37	False
5953	107373	CHEMBL2367242	Neofusicoccum ribis	ORGANISM	Neofusicoccum ribis	8	False
5954	107386	CHEMBL2367255	Galium spurium	ORGANISM	Galium spurium	9	False
5955	107401	CHEMBL2367270	Feline infectious peritonitis virus	ORGANISM	Feline infectious peritonitis virus	24	False
5956	107405	CHEMBL2367274	Lolium multiflorum	ORGANISM	Lolium multiflorum	13	False
5957	107407	CHEMBL2367276	Aphis medicaginis	ORGANISM	Aphis medicaginis	44	False
5958	107408	CHEMBL2367277	Phomopsis obscurans	ORGANISM	Phomopsis obscurans	22	False
5959	107409	CHEMBL2367278	Amaranthus spinosus	ORGANISM	Amaranthus spinosus	16	False
5960	107412	CHEMBL2367281	Pythium	ORGANISM	Pythium	167	False
5961	107413	CHEMBL2367282	Lolium rigidum	ORGANISM	Lolium rigidum	8	False
5962	107416	CHEMBL2367285	Alternaria kikuchiana	ORGANISM	Alternaria kikuchiana	14	False
5963	107426	CHEMBL2367295	Botrytis	ORGANISM	Botrytis	8	False
5964	107427	CHEMBL2367296	Pieris rapae	ORGANISM	Pieris rapae	14	False
5965	107428	CHEMBL2367297	Colletotrichum gossypii	ORGANISM	Colletotrichum gossypii	32	False
5966	107430	CHEMBL2367299	Colletotrichum falcatum	ORGANISM	Colletotrichum falcatum	29	False
5967	107432	CHEMBL2367301	Echinochloa esculenta	ORGANISM	Echinochloa esculenta	81	False
5968	107445	CHEMBL2367314	Echinochloa crus-galli var. formosensis	ORGANISM	Echinochloa crus-galli var. formosensis	12	False
5969	107449	CHEMBL2367318	Earias vittella	ORGANISM	Earias vittella	7	False
5970	107456	CHEMBL2367325	Reticulitermes flavipes	ORGANISM	Reticulitermes flavipes	8	False
5971	107468	CHEMBL2367337	Adoxophyes orana	ORGANISM	Adoxophyes orana	46	False
5972	107469	CHEMBL2367338	Dinebra chinensis	ORGANISM	Dinebra chinensis	8	False
5973	107494	CHEMBL2367363	Right atrium	TISSUE	Cavia porcellus	40	False
5974	107500	CHEMBL2367369	Liver microsome	TISSUE	Canis lupus familiaris	43	False
5975	107504	CHEMBL2367373	Whole blood	TISSUE	Rattus norvegicus	10	False
5976	107509	CHEMBL2367378	Liver cytosol	TISSUE	Homo sapiens	8	False
5977	107510	CHEMBL2367379	Liver microsome	TISSUE	Homo sapiens	835	False
5978	107515	CHEMBL2367384	Tissue	TISSUE	Cavia porcellus	8	False
5979	107520	CHEMBL2367389	Whole blood	TISSUE	Homo sapiens	77	False
5980	107521	CHEMBL2367390	Chorioallantoic membrane	TISSUE	Gallus gallus	97	False
5981	107538	CHEMBL2367407	Left atrium	TISSUE	Cavia porcellus	72	False
5982	107559	CHEMBL2367428	Liver microsome	TISSUE	Rattus norvegicus	491	False
5983	107580	CHEMBL2367449	Thoracic aorta	TISSUE	Rattus norvegicus	129	False
5984	107582	CHEMBL2375202	Lymphocyte antigen 96	SINGLE PROTEIN	Homo sapiens	24	False
5985	107583	CHEMBL2375203	Alpha-1,6-mannosyl-glycoprotein 2-beta-N-acetylglucosaminyltransferase	SINGLE PROTEIN	Mus musculus	67	False
5986	107586	CHEMBL2375206	Beta-1,4-mannosyl-glycoprotein 4-beta-N-acetylglucosaminyltransferase	SINGLE PROTEIN	Homo sapiens	14	False
5987	107587	CHEMBL2375207	Alpha-1,3-mannosyl-glycoprotein 2-beta-N-acetylglucosaminyltransferase	SINGLE PROTEIN	Homo sapiens	770	False
5988	107588	CHEMBL2380186	Transcriptional activator Myb	SINGLE PROTEIN	Gallus gallus	16	False
5989	107589	CHEMBL2380187	Protein mono-ADP-ribosyltransferase PARP6	SINGLE PROTEIN	Homo sapiens	11	False
5990	107590	CHEMBL2380188	Protein mono-ADP-ribosyltransferase TIPARP	SINGLE PROTEIN	Homo sapiens	763	False
5991	107591	CHEMBL2380189	Protein mono-ADP-ribosyltransferase PARP11	SINGLE PROTEIN	Homo sapiens	26	False
5992	107592	CHEMBL2380190	Endothelial lipase	SINGLE PROTEIN	Mus musculus	42	False
5993	107594	CHEMBL2384891	Calcium release-activated calcium channel protein 1	SINGLE PROTEIN	Homo sapiens	34	False
5994	107597	CHEMBL2384894	Bone morphogenetic protein 4	SINGLE PROTEIN	Mus musculus	15	False
5995	107601	CHEMBL2384898	N-arachidonyl glycine receptor	SINGLE PROTEIN	Homo sapiens	87	False
5996	107603	CHEMBL2390810	Microtubule-associated protein 2	SINGLE PROTEIN	Homo sapiens	31	False
5997	107605	CHEMBL2390812	G protein-coupled receptor GPR35	SINGLE PROTEIN	Rattus norvegicus	28	False
5998	107606	CHEMBL2390813	G-protein coupled receptor 35	SINGLE PROTEIN	Mus musculus	29	False
5999	107611	CHEMBL2396505	Genome polyprotein	SINGLE PROTEIN	Coxsackievirus B3 (strain Nancy)	88	False
6000	107614	CHEMBL2396508	Receptor-type tyrosine-protein phosphatase S	SINGLE PROTEIN	Homo sapiens	27	False
6001	107617	CHEMBL2396511	Dual specificity protein phosphatase 10	SINGLE PROTEIN	Homo sapiens	9	False
6002	107628	CHEMBL2406893	Major prion protein	SINGLE PROTEIN	Ovis aries	17	False
6003	107629	CHEMBL2406894	Alkaline phosphatase, tissue-nonspecific isozyme	SINGLE PROTEIN	Bos taurus	51	False
6004	107634	CHEMBL2406899	Ubiquitin carboxyl-terminal hydrolase 9X	SINGLE PROTEIN	Homo sapiens	245	False
6005	107637	CHEMBL2412949	Uncharacterized protein	SINGLE PROTEIN	Gallus gallus	6	False
6006	107639	CHEMBL2417346	Oxysterols receptor LXR-beta	SINGLE PROTEIN	Mus musculus	17	False
6007	107640	CHEMBL2417347	Short transient receptor potential channel 6	SINGLE PROTEIN	Homo sapiens	175	False
6008	107641	CHEMBL2417348	Short transient receptor potential channel 3	SINGLE PROTEIN	Homo sapiens	65	False
6009	107642	CHEMBL2417349	Cell division protein FtsZ	SINGLE PROTEIN	Bacillus subtilis	14	False
6010	107643	CHEMBL2417350	Tumor necrosis factor receptor superfamily member 6	SINGLE PROTEIN	Rattus norvegicus	44	False
6011	107644	CHEMBL2417351	Microtubule-associated serine/threonine-protein kinase 4	SINGLE PROTEIN	Homo sapiens	9	False
6012	107645	CHEMBL2417352	Microtubule-associated serine/threonine-protein kinase 3	SINGLE PROTEIN	Homo sapiens	11	False
6013	107646	CHEMBL2417353	Serine/threonine-protein kinase Nek8	SINGLE PROTEIN	Homo sapiens	11	False
6014	107649	CHEMBL2424500	Transcriptional regulator MvfR	SINGLE PROTEIN	Pseudomonas aeruginosa PA14	118	False
6015	107653	CHEMBL2424504	Lysine-specific demethylase 5A	SINGLE PROTEIN	Homo sapiens	902	False
6016	107655	CHEMBL2424506	DNA gyrase subunit A	SINGLE PROTEIN	Staphylococcus aureus	30	False
6017	107658	CHEMBL2424509	TP53-binding protein 1	SINGLE PROTEIN	Homo sapiens	31	False
6018	107659	CHEMBL2424510	E3 ubiquitin-protein ligase UHRF1	SINGLE PROTEIN	Homo sapiens	6	False
6019	107664	CHEMBL2429708	Protein mono-ADP-ribosyltransferase PARP10	SINGLE PROTEIN	Homo sapiens	142	False
6020	107665	CHEMBL2429709	Protein mono-ADP-ribosyltransferase PARP12	SINGLE PROTEIN	Homo sapiens	16	False
6021	107667	CHEMBL2434817	Mitogen-activated protein kinase kinase kinase 11	SINGLE PROTEIN	Mus musculus	6	False
6022	107671	CHEMBL2439944	2-acylglycerol O-acyltransferase 2	SINGLE PROTEIN	Homo sapiens	255	False
6023	107879	CHEMBL3038453	AMPK alpha1/beta2/gamma1	PROTEIN COMPLEX	Homo sapiens	20	False
6024	107881	CHEMBL3038455	AMPK alpha2/beta1/gamma1	PROTEIN COMPLEX	Homo sapiens	114	False
6025	107885	CHEMBL3038459	Nicotinic acetylcholine receptor alpha2/beta4	PROTEIN COMPLEX	Homo sapiens	8	False
6026	107887	CHEMBL3038461	Nicotinic acetylcholine receptor alpha4/beta2/alpha5	PROTEIN COMPLEX	Homo sapiens	10	False
6027	107892	CHEMBL3038466	Calpain1/2	PROTEIN FAMILY	Homo sapiens	6	False
6028	107893	CHEMBL3038467	CDK1/Cyclin A	PROTEIN COMPLEX	Homo sapiens	121	False
6029	107894	CHEMBL3038468	CDK1/Cyclin E	PROTEIN COMPLEX	Homo sapiens	24	False
6030	107895	CHEMBL3038469	CDK2/Cyclin A2	PROTEIN COMPLEX	Homo sapiens	1254	False
6031	107896	CHEMBL3038470	CDK2/Cyclin A1	PROTEIN COMPLEX	Homo sapiens	146	False
6032	107897	CHEMBL3038471	CDK3/Cyclin E	PROTEIN COMPLEX	Homo sapiens	203	False
6033	107898	CHEMBL3038472	CDK4/Cyclin D3	PROTEIN COMPLEX	Homo sapiens	518	False
6034	107899	CHEMBL3038473	CDK7/Cyclin H/MNAT1	PROTEIN COMPLEX	Homo sapiens	766	False
6035	107900	CHEMBL3038474	CDK8/Cyclin C	PROTEIN COMPLEX	Homo sapiens	821	False
6036	107901	CHEMBL3038475	CDK9/Cyclin K	PROTEIN COMPLEX	Homo sapiens	107	False
6037	107903	CHEMBL3038477	Casein kinase II alpha/beta	PROTEIN COMPLEX	Homo sapiens	1183	False
6038	107905	CHEMBL3038479	fMet-Leu-Phe receptor 1/2	PROTEIN FAMILY	Homo sapiens	23	False
6039	107908	CHEMBL3038482	DNA gyrase	PROTEIN COMPLEX	Staphylococcus aureus	413	False
6040	107910	CHEMBL3038484	Histone deacetylase 3/NCoR1	PROTEIN COMPLEX	Homo sapiens	62	False
6041	107911	CHEMBL3038485	Beta-N-acetyl-D-hexosaminidase-A/B	PROTEIN FAMILY	Homo sapiens	18	False
6042	107912	CHEMBL3038486	IKK epsilon/TBK1	PROTEIN COMPLEX	Homo sapiens	21	False
6043	107914	CHEMBL3038488	Kir3.1/Kir3.4	PROTEIN COMPLEX	Homo sapiens	312	False
6044	107915	CHEMBL3038489	Kir3.1/Kir3.2	PROTEIN COMPLEX	Homo sapiens	190	False
6045	107917	CHEMBL3038491	JAK3/JAK1	PROTEIN COMPLEX	Homo sapiens	187	False
6046	107918	CHEMBL3038492	JAK2/JAK1	PROTEIN COMPLEX	Homo sapiens	51	False
6047	107920	CHEMBL3038494	Casein kinase I delta/epsilon	PROTEIN COMPLEX	Homo sapiens	7	False
6048	107921	CHEMBL3038495	Calcium-activated potassium channel alpha/beta 1	PROTEIN COMPLEX	Homo sapiens	6	False
6049	107924	CHEMBL3038498	Keap1/Nrf2	PROTEIN-PROTEIN INTERACTION	Homo sapiens	959	True
6050	107925	CHEMBL3038499	TAK1/TAB1	PROTEIN COMPLEX	Homo sapiens	170	False
6051	107932	CHEMBL3038506	Ionotropic glutamate receptor NMDA 1/2D	PROTEIN COMPLEX	Rattus norvegicus	375	False
6052	107934	CHEMBL3038508	Topoisomerase IV	PROTEIN COMPLEX	Staphylococcus aureus	181	False
6053	107936	CHEMBL3038510	PI3K p110 beta/p85 alpha	PROTEIN COMPLEX	Homo sapiens	571	False
6054	107937	CHEMBL3038511	TCF4/beta-catenin	PROTEIN COMPLEX	Homo sapiens	261	False
6055	107941	CHEMBL3038515	Tankyrase 1/2	PROTEIN FAMILY	Homo sapiens	194	False
6056	107942	CHEMBL3038516	TPR/MET fusion protein	CHIMERIC PROTEIN	Mus musculus	20	False
6057	107946	CHEMBL3038518	mu/kappa opioid receptor	PROTEIN FAMILY	Cavia porcellus	5	False
6058	107961	CHEMBL3085613	DNA gyrase subunit B	SINGLE PROTEIN	Mycobacterium smegmatis	143	False
6059	107966	CHEMBL3085618	Probable G-protein coupled receptor 132	SINGLE PROTEIN	Homo sapiens	19	False
6060	107968	CHEMBL3085620	Transcription activator BRG1	SINGLE PROTEIN	Homo sapiens	66	False
6061	107969	CHEMBL3085621	Nucleosome-remodeling factor subunit BPTF	SINGLE PROTEIN	Homo sapiens	73	False
6062	107970	CHEMBL3085622	Bromodomain-containing protein 7	SINGLE PROTEIN	Homo sapiens	59	False
6063	107973	CHEMBL3091262	Protein mono-ADP-ribosyltransferase PARP8	SINGLE PROTEIN	Homo sapiens	7	False
6064	107974	CHEMBL3091263	GMP-stimulated 3',5'-cyclic nucleotide phosphodiesterase	SINGLE PROTEIN	Macaca mulatta	710	False
6065	107977	CHEMBL3091266	G-protein coupled receptor 39	SINGLE PROTEIN	Homo sapiens	78	False
6066	107978	CHEMBL3091267	Protein Gpr39	SINGLE PROTEIN	Rattus norvegicus	6	False
6067	107979	CHEMBL3091268	Nuclear receptor ROR-beta	SINGLE PROTEIN	Homo sapiens	191	False
6068	107982	CHEMBL3097981	Fe(3+)-pyochelin receptor	SINGLE PROTEIN	Pseudomonas aeruginosa (strain ATCC 15692 / PAO1 / 1C / PRS 101 / LMG12228)	6	False
6069	107983	CHEMBL3097982	Delta carbonic anhydrase	SINGLE PROTEIN	Thalassiosira weissflogii	37	False
6070	107988	CHEMBL3102688	BirA bifunctional protein	SINGLE PROTEIN	Mycobacterium tuberculosis (strain CDC 1551 / Oshkosh)	5	False
6071	107992	CHEMBL3108632	Transient receptor potential cation channel subfamily M member 8	SINGLE PROTEIN	Mus musculus	33	False
6072	107994	CHEMBL3108634	Clathrin heavy chain 1	SINGLE PROTEIN	Homo sapiens	5	False
6073	107995	CHEMBL3108635	Arginase	SINGLE PROTEIN	Leishmania amazonensis	22	False
6074	107998	CHEMBL3108638	Transcription intermediary factor 1-alpha	SINGLE PROTEIN	Homo sapiens	160	False
6075	107999	CHEMBL3108639	Chromatin remodeling regulator CECR2	SINGLE PROTEIN	Homo sapiens	165	False
6076	108000	CHEMBL3108640	Bromodomain-containing protein 9	SINGLE PROTEIN	Homo sapiens	467	False
6077	108001	CHEMBL3108641	Transcription initiation factor TFIID subunit 1-like	SINGLE PROTEIN	Homo sapiens	27	False
6078	108002	CHEMBL3108642	Bromodomain adjacent to zinc finger domain protein 2A	SINGLE PROTEIN	Homo sapiens	66	False
6079	108004	CHEMBL3108644	Bromodomain and PHD finger-containing protein 3	SINGLE PROTEIN	Homo sapiens	37	False
6080	108005	CHEMBL3108645	Histone-lysine N-methyltransferase NSD2	SINGLE PROTEIN	Homo sapiens	744	False
6081	108006	CHEMBL3108646	Histone-lysine N-methyltransferase NSD3	SINGLE PROTEIN	Homo sapiens	63	False
6082	108007	CHEMBL3108647	Histone-lysine N-methyltransferase SETD2	SINGLE PROTEIN	Homo sapiens	54	False
6083	108008	CHEMBL3108648	Protein arginine N-methyltransferase 8	SINGLE PROTEIN	Homo sapiens	141	False
6084	108015	CHEMBL3108655	Serine/threonine-protein kinase Nek10	SINGLE PROTEIN	Homo sapiens	134	False
6085	108016	CHEMBL3108656	GTP-binding protein Rheb	SINGLE PROTEIN	Homo sapiens	72	False
6086	108017	CHEMBL3108657	3-hydroxyanthranilate 3,4-dioxygenase	SINGLE PROTEIN	Homo sapiens	9	False
6087	108018	CHEMBL3108658	3-hydroxyanthranilate 3,4-dioxygenase	SINGLE PROTEIN	Rattus norvegicus	8	False
6088	108019	CHEMBL3108659	ATP-dependent 6-phosphofructokinase	SINGLE PROTEIN	Trypanosoma cruzi	37	False
6089	108020	CHEMBL3108660	von Hippel-Lindau disease tumor suppressor	SINGLE PROTEIN	Homo sapiens	239	False
6090	108023	CHEMBL3112375	Protein-lysine 6-oxidase	SINGLE PROTEIN	Sus scrofa	84	False
6091	108024	CHEMBL3112376	Alpha-ketoglutarate-dependent dioxygenase alkB homolog 3	SINGLE PROTEIN	Homo sapiens	41	False
6092	108027	CHEMBL3112379	Phosphatidylcholine:ceramide cholinephosphotransferase 2	SINGLE PROTEIN	Homo sapiens	90	False
6093	108028	CHEMBL3112380	UDP-N-acetylmuramoyl-tripeptide--D-alanyl-D-alanine ligase	SINGLE PROTEIN	Streptococcus pneumoniae	15	False
6094	108032	CHEMBL3112384	Retinal dehydrogenase 2	SINGLE PROTEIN	Homo sapiens	106	False
6095	108033	CHEMBL3112385	Choline/ethanolamine kinase	SINGLE PROTEIN	Homo sapiens	12	False
6096	108034	CHEMBL3112386	HTH-type quorum-sensing regulator RhlR	SINGLE PROTEIN	Pseudomonas aeruginosa (strain ATCC 15692 / PAO1 / 1C / PRS 101 / LMG12228)	56	False
6097	108035	CHEMBL3112387	Hexokinase-4	SINGLE PROTEIN	Mus musculus	48	False
6098	108039	CHEMBL3120041	DNA-directed RNA polymerase, mitochondrial	SINGLE PROTEIN	Homo sapiens	12	False
6099	108040	CHEMBL3120042	Tartrate-resistant acid phosphatase type 5	SINGLE PROTEIN	Mus musculus	6	False
6100	108043	CHEMBL3124731	Presequence protease, mitochondrial	SINGLE PROTEIN	Homo sapiens	41	False
6101	108044	CHEMBL3124732	Beta-3 adrenergic receptor	SINGLE PROTEIN	Macaca mulatta	7	False
6102	108045	CHEMBL3124733	Glucokinase regulatory protein	SINGLE PROTEIN	Rattus norvegicus	14	False
6103	108046	CHEMBL3124734	Interleukin-6 receptor subunit beta	SINGLE PROTEIN	Homo sapiens	7	False
6104	108051	CHEMBL3124739	Menin	SINGLE PROTEIN	Mus musculus	28	False
6105	108054	CHEMBL3132741	Peregrin	SINGLE PROTEIN	Homo sapiens	207	False
6106	108117	CHEMBL3137261	PRMT5/MEP50 complex	PROTEIN COMPLEX	Homo sapiens	2485	False
6107	108118	CHEMBL3137262	LSD1/CoREST complex	PROTEIN COMPLEX	Homo sapiens	210	False
6108	108124	CHEMBL3137268	Integrin alpha2/beta1	PROTEIN COMPLEX	Homo sapiens	44	False
6109	108131	CHEMBL3137275	Nicotinic acetylcholine receptor alpha6/alpha3/beta2/beta3	PROTEIN COMPLEX	Rattus norvegicus	5	False
6110	108132	CHEMBL3137276	Nicotinic acetylcholine receptor alpha6/alpha3/beta4	PROTEIN COMPLEX	Rattus norvegicus	26	False
6111	108133	CHEMBL3137277	P2X2/P2X3 receptor	PROTEIN COMPLEX	Rattus norvegicus	5	False
6112	108137	CHEMBL3137281	Soluble guanylate cyclase alpha1/beta1 complex	PROTEIN COMPLEX	Homo sapiens	376	False
6113	108138	CHEMBL3137282	MLL1/ASH2L/RBBP5/WDR5 complex	PROTEIN COMPLEX	Homo sapiens	7	False
6114	108139	CHEMBL3137283	Bcl-xL/BAK	PROTEIN-PROTEIN INTERACTION	Homo sapiens	20	False
6115	108142	CHEMBL3137286	EZH2/SUZ12/EED complex	PROTEIN COMPLEX	Homo sapiens	422	False
6116	108143	CHEMBL3137287	EZH1/SUZ12/EED/AEBP2/RBBP4 complex	PROTEIN COMPLEX	Homo sapiens	28	False
6117	108146	CHEMBL3137290	SUMO E1/E2	PROTEIN COMPLEX	Homo sapiens	36	False
6118	108147	CHEMBL3137291	DNMT3A2/3L complex	PROTEIN COMPLEX	Homo sapiens	13	False
6119	108148	CHEMBL3137292	Inorganic pyrophosphatase	SINGLE PROTEIN	Mycobacterium tuberculosis (strain ATCC 25618 / H37Rv)	6	False
6120	108149	CHEMBL3137293	Carboxylesterase 1D	SINGLE PROTEIN	Mus musculus	6	False
6121	108152	CHEMBL3140321	Acinetobacter pittii	ORGANISM	Acinetobacter pittii	8	False
6122	108154	CHEMBL3140323	Burkholderia pseudomallei	ORGANISM	Burkholderia pseudomallei	19	False
6123	108155	CHEMBL3140324	Hepatocyte	CELL-LINE	Mus musculus	139	False
6124	108156	CHEMBL3140325	DNA	NUCLEIC-ACID	Bos taurus	17	False
6125	108237	CHEMBL3217379	2-amino-4-hydroxy-6-hydroxymethyldihydropteridine pyrophosphokinase	SINGLE PROTEIN	Escherichia coli (strain K12)	41	False
6126	108238	CHEMBL3217380	Beta-glucuronidase	SINGLE PROTEIN	Escherichia coli (strain K12)	33	False
6127	108239	CHEMBL3217381	1-deoxy-D-xylulose-5-phosphate synthase	SINGLE PROTEIN	Escherichia coli (strain K12)	8	False
6128	108248	CHEMBL3217390	Transcription initiation factor TFIID subunit 1	SINGLE PROTEIN	Homo sapiens	163	False
6129	108249	CHEMBL3217391	C-C motif chemokine 7	SINGLE PROTEIN	Homo sapiens	6	False
6130	108256	CHEMBL3217398	Glucose-6-phosphate exchanger SLC37A4	SINGLE PROTEIN	Homo sapiens	12	False
6131	108264	CHEMBL3227915	Indolethylamine N-methyltransferase	SINGLE PROTEIN	Oryctolagus cuniculus	36	False
6132	108265	CHEMBL3227916	Thymidine kinase, cytosolic	SINGLE PROTEIN	Cricetulus griseus	6	False
6133	108266	CHEMBL3232678	Neuraminidase	SINGLE PROTEIN	Influenza A virus	7	False
6134	108272	CHEMBL3232684	Chromobox protein homolog 8	SINGLE PROTEIN	Homo sapiens	26	False
6135	108273	CHEMBL3232685	E3 SUMO-protein ligase CBX4	SINGLE PROTEIN	Homo sapiens	27	False
6136	108277	CHEMBL3232689	Cathepsin B	SINGLE PROTEIN	Capra hircus	31	False
6137	108280	CHEMBL3232692	CD44 antigen	SINGLE PROTEIN	Homo sapiens	14	False
6138	108283	CHEMBL3232695	Acid-sensing ion channel 2	SINGLE PROTEIN	Mus musculus	14	False
6139	108288	CHEMBL3232700	Glucokinase regulatory protein	SINGLE PROTEIN	Mus musculus	39	False
6140	108296	CHEMBL3243909	Glandular kallikrein	SINGLE PROTEIN	Sus scrofa	36	False
6141	108297	CHEMBL3243910	Acrosin	SINGLE PROTEIN	Sus scrofa	53	False
6142	108298	CHEMBL3243911	Histidine decarboxylase	SINGLE PROTEIN	Rattus norvegicus	6	False
6143	108300	CHEMBL3243913	Dihydrofolate reductase	SINGLE PROTEIN	Enterococcus faecium	24	False
6144	108308	CHEMBL3259467	RuvB-like 1	SINGLE PROTEIN	Homo sapiens	6	False
6145	108311	CHEMBL3259470	G-protein coupled receptor 183	SINGLE PROTEIN	Homo sapiens	315	False
6146	108312	CHEMBL3259471	G-protein coupled receptor 183	SINGLE PROTEIN	Mus musculus	24	False
6147	108314	CHEMBL3259473	Beta-secretase 1	SINGLE PROTEIN	Rattus norvegicus	5	False
6148	108315	CHEMBL3259474	Nicotinamide phosphoribosyltransferase	SINGLE PROTEIN	Mus musculus	32	False
6149	108317	CHEMBL3259476	Polyunsaturated fatty acid lipoxygenase ALOX15	SINGLE PROTEIN	Mus musculus	10	False
6150	108319	CHEMBL3259478	Tyrosine-protein kinase BTK	SINGLE PROTEIN	Mus musculus	77	False
6151	108347	CHEMBL3259506	Patatin-like phospholipase domain-containing protein 6	SINGLE PROTEIN	Mus musculus	17	False
6152	108353	CHEMBL3259512	Penicillin-binding protein 1A	SINGLE PROTEIN	Pseudomonas aeruginosa PAO1	6	False
6153	108361	CHEMBL3271931	Pyridoxine-5'-phosphate oxidase	SINGLE PROTEIN	Mus musculus	5	False
6154	108363	CHEMBL3286061	Sphingosine-1-phosphate lyase 1	SINGLE PROTEIN	Homo sapiens	209	False
6155	108368	CHEMBL3286066	Solute carrier family 2, facilitated glucose transporter member 4	SINGLE PROTEIN	Rattus norvegicus	13	False
6156	108369	CHEMBL3286067	DNA-directed RNA polymerase I subunit RPA1	SINGLE PROTEIN	Homo sapiens	50	False
6157	108370	CHEMBL3286068	Catechol O-methyltransferase	SINGLE PROTEIN	Mus musculus	14	False
6158	108371	CHEMBL3286069	Trypanothione synthetase	SINGLE PROTEIN	Trypanosoma brucei brucei	15	False
6159	108376	CHEMBL3286074	Stromal cell-derived factor 1	SINGLE PROTEIN	Homo sapiens	42	False
6160	108381	CHEMBL3286079	Guanine nucleotide-binding protein G(q) subunit alpha	SINGLE PROTEIN	Homo sapiens	10	False
6161	108391	CHEMBL3297639	G-protein coupled receptor 52	SINGLE PROTEIN	Homo sapiens	344	False
6162	108393	CHEMBL3297641	Ribosomal protein S6 kinase alpha-3	SINGLE PROTEIN	Mus musculus	30	False
6163	108396	CHEMBL3301382	Nicotinic acetylcholine receptor alpha-4/beta-2	PROTEIN COMPLEX	Mus musculus	31	False
6164	108402	CHEMBL3301388	EZH2/SUZ12/EED/RBBP7/RBBP4	PROTEIN COMPLEX	Homo sapiens	7	False
6165	108404	CHEMBL3301390	JAK1/JAK2/TYK2	PROTEIN COMPLEX	Homo sapiens	27	False
6166	108405	CHEMBL3301391	JAK1/TYK2	PROTEIN COMPLEX	Homo sapiens	129	False
6167	108406	CHEMBL3301392	JAK2/TYK2	PROTEIN COMPLEX	Homo sapiens	51	False
6168	108409	CHEMBL3301395	c-Myc/Max	PROTEIN COMPLEX	Homo sapiens	52	False
6169	108410	CHEMBL3301396	Antrax lethal toxin	PROTEIN COMPLEX	Bacillus anthracis	24	False
6170	108412	CHEMBL3301398	Ribonucleotide reductase	PROTEIN COMPLEX	Homo sapiens	252	True
6171	108413	CHEMBL3301399	TLR2/TLR6	PROTEIN COMPLEX	Homo sapiens	6	False
6172	108414	CHEMBL3301400	Von Hippel-Lindau disease tumor suppressor/Elongin B/Elongin C	PROTEIN COMPLEX	Homo sapiens	101	False
6173	108416	CHEMBL3301402	Streptococcus intermedius	ORGANISM	Streptococcus intermedius	9	False
6174	108418	CHEMBL3301404	Streptococcus suis	ORGANISM	Streptococcus suis	5	False
6175	108419	CHEMBL3301405	Campylobacter coli	ORGANISM	Campylobacter coli	10	False
6176	108423	CHEMBL3301409	Mycobacterium leprae	ORGANISM	Mycobacterium leprae	17	False
6177	108427	CHEMBL3301413	Naegleria fowleri	ORGANISM	Naegleria fowleri	74	False
6178	108431	CHEMBL3301558	Cdk-related protein kinase 6	SINGLE PROTEIN	Plasmodium falciparum	84	False
6179	108434	CHEMBL3301561	Lysine--tRNA ligase	SINGLE PROTEIN	Plasmodium falciparum (isolate 3D7)	52	False
6180	108438	CHEMBL3307224	Nonstructural protein 5A	SINGLE PROTEIN	Hepatitis C virus	435	True
6181	108441	CHEMBL3308977	Lys-gingipain	SINGLE PROTEIN	Porphyromonas gingivalis (strain ATCC 33277 / DSM 20709 / JCM 12257)	76	False
6182	109083	CHEMBL3350222	Neuronal nicotinic acetylcholine receptor	PROTEIN COMPLEX GROUP	Mus musculus	9	False
6183	109087	CHEMBL3308902	Eukaryotic peptide chain release factor GTP-binding subunit	SINGLE PROTEIN	Saccharomyces cerevisiae	9	False
6184	109097	CHEMBL3308911	Early activation antigen CD69	SINGLE PROTEIN	Homo sapiens	31	False
6185	109099	CHEMBL3308912	Platelet glycoprotein VI	SINGLE PROTEIN	Homo sapiens	11	False
6186	109106	CHEMBL3308919	Alpha-tocopherol transfer protein	SINGLE PROTEIN	Homo sapiens	7	False
6187	109117	CHEMBL3308929	Double-strand break repair protein MRE11	SINGLE PROTEIN	Homo sapiens	40	False
6188	109122	CHEMBL3308986	Beta-galactosidase	SINGLE PROTEIN	Aspergillus oryzae	22	False
6189	109134	CHEMBL3308998	Genome polyprotein	SINGLE PROTEIN	dengue virus type 2	59	False
6190	109170	CHEMBL3309032	UDP-N-acetylmuramoyl-L-alanyl-D-glutamate--2,6-diaminopimelate ligase	SINGLE PROTEIN	Escherichia coli (strain K12)	7	False
6191	109187	CHEMBL3309046	Eukaryotic initiation factor 4A-I	SINGLE PROTEIN	Mus musculus	7	False
6192	109188	CHEMBL3309047	Free fatty acid receptor 2	SINGLE PROTEIN	Mus musculus	14	False
6193	109224	CHEMBL3308939	Phospholipase D1	SINGLE PROTEIN	Rattus norvegicus	19	False
6194	109233	CHEMBL3308948	Killer cell lectin-like receptor subfamily B member 1A	SINGLE PROTEIN	Rattus norvegicus	5	False
6195	109247	CHEMBL3308960	Alpha-amylase	SINGLE PROTEIN	Sus scrofa domesticus	16	False
6196	109256	CHEMBL3308968	Sterol 24-C-methyltransferase	SINGLE PROTEIN	Yarrowia lipolytica	12	False
6197	109257	CHEMBL3308969	AMP-binding enzyme family protein	SINGLE PROTEIN	Yersinia pestis	29	False
6198	109264	CHEMBL3308976	Protein-glutamine gamma-glutamyltransferase	SINGLE PROTEIN	Cavia porcellus	118	False
6199	109427	CHEMBL3309098	Neuropilin-1	SINGLE PROTEIN	Rattus norvegicus	20	False
6200	109434	CHEMBL3309105	Taste receptor type 2 member 14	SINGLE PROTEIN	Homo sapiens	149	False
6201	109440	CHEMBL3309111	Apoptosis regulator Bcl-2	SINGLE PROTEIN	Mus musculus	517	False
6202	109441	CHEMBL3309112	Bcl-2-like protein 1	SINGLE PROTEIN	Mus musculus	372	False
6203	109444	CHEMBL3309115	Cathepsin H	SINGLE PROTEIN	Capra hircus	38	False
6204	109446	CHEMBL3313832	Lysine-specific demethylase 4B	SINGLE PROTEIN	Homo sapiens	97	False
6205	109449	CHEMBL3313835	S-adenosylmethionine synthase isoform type-2	SINGLE PROTEIN	Homo sapiens	1106	False
6206	109450	CHEMBL3313836	Toxin ParE	SINGLE PROTEIN	Escherichia coli	55	False
6207	109454	CHEMBL3317333	Ubiquitin-like domain-containing CTD phosphatase 1	SINGLE PROTEIN	Homo sapiens	8	False
6208	109455	CHEMBL3317334	Proteasome subunit beta type-10	SINGLE PROTEIN	Homo sapiens	79	False
6209	109456	CHEMBL3317335	Sodium-dependent proline transporter	SINGLE PROTEIN	Homo sapiens	50	False
6210	109458	CHEMBL3317337	Poly(ADP-ribose) glycohydrolase	SINGLE PROTEIN	Rattus norvegicus	13	False
6211	109460	CHEMBL3317339	Polymerase basic protein 2	SINGLE PROTEIN	Influenza A virus (strain A/Puerto Rico/8/1934 H1N1)	91	True
6212	109463	CHEMBL3321651	P2Y purinoceptor 13	SINGLE PROTEIN	Homo sapiens	5	False
6213	109471	CHEMBL3329078	Inosine-5'-monophosphate dehydrogenase	SINGLE PROTEIN	Bacillus anthracis	22	False
6214	109472	CHEMBL3329079	5-hydroxymethyl-dUMP N-hydrolase	SINGLE PROTEIN	Rattus norvegicus	20	False
6215	109473	CHEMBL3329080	25-hydroxyvitamin D-1 alpha hydroxylase, mitochondrial	SINGLE PROTEIN	Mus musculus	18	False
6216	109474	CHEMBL3329081	DNA topoisomerase 4 subunit B	SINGLE PROTEIN	Escherichia coli K-12	19	False
6217	109476	CHEMBL3334415	Transcriptional coactivator YAP1	SINGLE PROTEIN	Homo sapiens	44	False
6218	109477	CHEMBL3334416	Transcriptional enhancer factor TEF-1	SINGLE PROTEIN	Homo sapiens	118	False
6219	109479	CHEMBL3334418	Phosphoglycerate mutase 1	SINGLE PROTEIN	Homo sapiens	61	False
6220	109480	CHEMBL3337327	Tau-tubulin kinase 2	SINGLE PROTEIN	Homo sapiens	67	False
6221	109483	CHEMBL3337330	Serine/threonine-protein kinase PINK1, mitochondrial	SINGLE PROTEIN	Homo sapiens	7	False
6222	109489	CHEMBL3341575	Mas-related G-protein coupled receptor member X1	SINGLE PROTEIN	Rattus norvegicus	19	False
6223	109490	CHEMBL3341576	Mas-related G-protein coupled receptor member X1	SINGLE PROTEIN	Mus musculus	6	False
6224	109492	CHEMBL3341578	ATP-dependent Clp protease proteolytic subunit	SINGLE PROTEIN	Escherichia coli (strain K12)	33	False
6225	109495	CHEMBL3341581	Prostaglandin E synthase	SINGLE PROTEIN	Canis familiaris	7	False
6226	109498	CHEMBL3341584	G-protein coupled receptor 39	SINGLE PROTEIN	Mus musculus	25	False
6227	109502	CHEMBL3347255	G-protein coupled receptor family C group 6 member A	SINGLE PROTEIN	Mus musculus	6	False
6228	109513	CHEMBL3351189	Sodium-dependent neutral amino acid transporter B(0)AT2	SINGLE PROTEIN	Homo sapiens	13	False
6229	109514	CHEMBL3351190	Hepatocyte growth factor activator	SINGLE PROTEIN	Homo sapiens	89	False
6230	109516	CHEMBL3351192	Bromodomain and WD repeat-containing protein 1	SINGLE PROTEIN	Homo sapiens	13	False
6231	109519	CHEMBL3351195	DNA (cytosine-5)-methyltransferase 1	SINGLE PROTEIN	Mus musculus	9	False
6232	109520	CHEMBL3351196	PA-I galactophilic lectin	SINGLE PROTEIN	Pseudomonas aeruginosa (strain ATCC 15692 / PAO1 / 1C / PRS 101 / LMG12228)	22	False
6233	109524	CHEMBL3351200	Kinesin-like protein KIFC1	SINGLE PROTEIN	Homo sapiens	44	False
6234	109528	CHEMBL3351204	Peptidase 1	SINGLE PROTEIN	Dermatophagoides pteronyssinus	45	False
6235	109531	CHEMBL3351207	DNA damage-inducible transcript 3 protein	SINGLE PROTEIN	Homo sapiens	14	False
6236	109537	CHEMBL3351213	Protein O-GlcNAcase	SINGLE PROTEIN	Rattus norvegicus	54	False
6237	109538	CHEMBL3351214	Eukaryotic translation initiation factor 4E-binding protein 1	SINGLE PROTEIN	Homo sapiens	1711	False
6238	109539	CHEMBL3351215	Small ribosomal subunit protein eS6	SINGLE PROTEIN	Homo sapiens	27	False
6239	109542	CHEMBL3351218	5-hydroxymethyl-dUMP N-hydrolase	SINGLE PROTEIN	Homo sapiens	22	False
6240	109544	CHEMBL3351220	Ribosomal protein S6 kinase alpha-2	SINGLE PROTEIN	Mus musculus	8	False
6241	109545	CHEMBL3390820	PARP 1, 2 and 3	PROTEIN FAMILY	Homo sapiens	67	True
6242	109547	CHEMBL3390822	Interleukin-17A	SINGLE PROTEIN	Homo sapiens	77	True
6243	109549	CHEMBL3390824	Lanosterol 14-alpha demethylase	SINGLE PROTEIN	Aspergillus	11	False
6244	109551	CHEMBL3390826	Cell membrane	SUBCELLULAR	Homo sapiens	13	False
6245	109557	CHEMBL3392945	Alpha-mannosidase	SINGLE PROTEIN	Canavalia ensiformis	10	False
6246	109560	CHEMBL3392948	Ferroportin	SINGLE PROTEIN	Homo sapiens	329	False
6247	109564	CHEMBL3396943	DNA-3-methyladenine glycosylase	SINGLE PROTEIN	Homo sapiens	22	False
6248	109565	CHEMBL3396944	N-glycosylase/DNA lyase	SINGLE PROTEIN	Homo sapiens	54	False
6249	109566	CHEMBL3399910	G protein-coupled receptor 88	SINGLE PROTEIN	Homo sapiens	337	False
6250	109567	CHEMBL3399911	Cystathionine beta-synthase	SINGLE PROTEIN	Homo sapiens	11	False
6251	109570	CHEMBL3399914	AGAP002992-PA	SINGLE PROTEIN	Anopheles gambiae	32	False
6252	109571	CHEMBL3407312	Krueppel-like factor 10	SINGLE PROTEIN	Homo sapiens	14	False
6253	109573	CHEMBL3407314	LIM domain kinase 1	SINGLE PROTEIN	Rattus norvegicus	10	False
6254	109574	CHEMBL3407315	Formyl peptide receptor-related sequence 1	SINGLE PROTEIN	Mus musculus	7	False
6255	109577	CHEMBL3407318	Kynurenine 3-monooxygenase	SINGLE PROTEIN	Mus musculus	26	False
6256	109578	CHEMBL3407319	Neurogenic locus notch homolog protein 3	SINGLE PROTEIN	Homo sapiens	55	False
6257	109582	CHEMBL3407323	Ubiquitin carboxyl-terminal hydrolase 10	SINGLE PROTEIN	Homo sapiens	16	False
6258	109585	CHEMBL3407326	Pantothenate kinase 1	SINGLE PROTEIN	Homo sapiens	11	False
6259	109587	CHEMBL3407328	Pantothenate kinase 3	SINGLE PROTEIN	Homo sapiens	75	False
6260	109592	CHEMBL3414409	Macrophage-expressed gene 1 protein	SINGLE PROTEIN	Homo sapiens	48	False
6261	109593	CHEMBL3414410	Vasopressin V1a receptor	SINGLE PROTEIN	Mus musculus	18	False
6262	109594	CHEMBL3414411	Sodium channel protein type 9 subunit alpha	SINGLE PROTEIN	Mus musculus	65	False
6263	109595	CHEMBL3414412	Endoplasmic reticulum aminopeptidase 1	SINGLE PROTEIN	Mus musculus	6	False
6264	109598	CHEMBL3414415	Bifunctional protein GlmU	SINGLE PROTEIN	Escherichia coli (strain K12)	41	False
6265	109599	CHEMBL3414416	Testis-specific serine/threonine-protein kinase 3	SINGLE PROTEIN	Homo sapiens	133	False
6266	109600	CHEMBL3414417	Histone acetyltransferase RTT109	SINGLE PROTEIN	Saccharomyces cerevisiae (strain ATCC 204508 / S288c) (Baker's yeast)	84	False
6267	109603	CHEMBL3421521	1-deoxy-D-xylulose 5-phosphate reductoisomerase	SINGLE PROTEIN	Escherichia coli	11	False
6268	109605	CHEMBL3421523	Aldo-keto reductase family 1 member B7	SINGLE PROTEIN	Rattus norvegicus	9	True
6269	109606	CHEMBL3421524	6-phosphofructo-2-kinase/fructose-2,6-bisphosphatase 1	SINGLE PROTEIN	Homo sapiens	17	False
6270	109607	CHEMBL3421525	6-phosphofructo-2-kinase/fructose-2,6-bisphosphatase 2	SINGLE PROTEIN	Homo sapiens	20	False
6271	109608	CHEMBL3421526	NK-3 receptor	SINGLE PROTEIN	Macaca mulatta	5	False
6272	109609	CHEMBL3425388	ADP-ribosyl cyclase/cyclic ADP-ribose hydrolase 1	SINGLE PROTEIN	Mus musculus	85	False
6273	109610	CHEMBL3425389	Serine/threonine-protein phosphatase 5	SINGLE PROTEIN	Homo sapiens	14	False
6274	109612	CHEMBL3425391	Patatin-like phospholipase domain-containing protein 2	SINGLE PROTEIN	Mus musculus	73	False
6275	109620	CHEMBL3430862	Shh Light II	CELL-LINE	Mus musculus	60	False
6276	109633	CHEMBL3430876	Dual specificity mitogen-activated protein kinase kinase MEK1/2	PROTEIN FAMILY	Rattus norvegicus	6	False
6277	109635	CHEMBL3430878	Retinoic acid receptor RXR-alpha/oxysterols receptor LXR-beta	PROTEIN COMPLEX	Homo sapiens	54	False
6278	109636	CHEMBL3430879	Retinoic acid receptor RXR-alpha/oxysterols receptor LXR-alpha	PROTEIN COMPLEX	Homo sapiens	63	False
6279	109637	CHEMBL3430880	Rod cGMP-specific 3',5'-cyclic phosphodiesterase alpha/beta	PROTEIN COMPLEX	Homo sapiens	10	False
6280	109638	CHEMBL3430881	PI3-kinase subunit gamma/Phosphoinositide 3-kinase regulatory subunit 5	PROTEIN COMPLEX	Homo sapiens	10	False
6281	109640	CHEMBL3430883	Retinoic acid receptor alpha/Retinoid X receptor alpha	PROTEIN COMPLEX	Homo sapiens	6	False
6282	109642	CHEMBL3430885	Ubiquitin carboxyl-terminal hydrolase 1/WD repeat-containing protein 48	PROTEIN COMPLEX	Homo sapiens	149	False
6283	109643	CHEMBL3430886	Induced myeloid leukemia cell differentiation protein Mcl-1/BH3-interacting domain death agonist	PROTEIN-PROTEIN INTERACTION	Homo sapiens	40	False
6284	109644	CHEMBL3430887	Induced myeloid leukemia cell differentiation protein Mcl-1/Bcl-2-like protein 11	PROTEIN-PROTEIN INTERACTION	Homo sapiens	1551	False
6285	109645	CHEMBL3430888	Kinesin-1 heavy chain/ Tyrosine-protein kinase receptor RET	CHIMERIC PROTEIN	Homo sapiens	118	True
6286	109649	CHEMBL3430892	Integrin alpha-V/beta-8	PROTEIN COMPLEX	Homo sapiens	174	False
6287	109650	CHEMBL3430893	Integrin alpha-V/alpha-5	PROTEIN COMPLEX	Homo sapiens	32	False
6288	109653	CHEMBL3430896	Histone deacetylase 1/2/3/6	PROTEIN FAMILY	Homo sapiens	14	False
6289	109654	CHEMBL3430897	Histone deacetylase 1/2/3	PROTEIN FAMILY	Homo sapiens	12	False
6290	109655	CHEMBL3430898	DNA gyrase subunit A/DNA gyrase subunit B	PROTEIN COMPLEX	Mycobacterium tuberculosis (strain ATCC 25618 / H37Rv)	179	False
6291	109656	CHEMBL3430899	Gamma-aminobutyric acid receptor subunit alpha-4/beta3/delta	PROTEIN COMPLEX	Homo sapiens	41	False
6292	109661	CHEMBL3430904	Coiled-coil domain-containing protein 6/Tyrosine-protein kinase receptor RET	CHIMERIC PROTEIN	Homo sapiens	61	True
6293	109662	CHEMBL3430905	Caspase-3/Caspase-7	PROTEIN FAMILY	Homo sapiens	41	False
6294	109664	CHEMBL3430907	Aurora kinase B/Inner centromere protein	PROTEIN COMPLEX	Homo sapiens	114	False
6295	109669	CHEMBL3431938	Glucose transporter	SINGLE PROTEIN	Leishmania mexicana	428	False
6296	109671	CHEMBL3509582	POU domain, class 2, transcription factor 2	SINGLE PROTEIN	Homo sapiens	12	False
6297	109690	CHEMBL3509601	POU domain, class 2, transcription factor 1	SINGLE PROTEIN	Homo sapiens	6	False
6298	109702	CHEMBL3542436	Cytochrome P450 2A13	SINGLE PROTEIN	Homo sapiens	13	False
6299	109705	CHEMBL3544905	Cytochrome P450 1A	PROTEIN FAMILY	Homo sapiens	12	False
6300	109719	CHEMBL3559642	Phospho-N-acetylmuramoyl-pentapeptide-transferase	SINGLE PROTEIN	Escherichia coli	15	False
6301	109720	CHEMBL3559643	Neuraminidase	SINGLE PROTEIN	Influenza A virus (strain A/USSR/90/1977 H1N1)	55	False
6302	109722	CHEMBL3559645	Thiol:disulfide interchange protein DsbA	SINGLE PROTEIN	Escherichia coli (strain K12)	8	False
6303	109726	CHEMBL3559649	Plasmepsin V	SINGLE PROTEIN	Plasmodium falciparum (isolate 3D7)	39	False
6304	109728	CHEMBL3559673	2-heptyl-4(1H)-quinolone synthase PqsD	SINGLE PROTEIN	Pseudomonas aeruginosa	17	False
6305	109729	CHEMBL3559674	Bifunctional protein GlmU	SINGLE PROTEIN	Escherichia coli	18	False
6306	109733	CHEMBL3559678	Genome polyprotein	SINGLE PROTEIN	dengue virus type 2	6	False
6307	109734	CHEMBL3559679	G protein-coupled receptor	SINGLE PROTEIN	Human cytomegalovirus	6	False
6308	109736	CHEMBL3559681	2-amino-4-hydroxy-6-hydroxymethyldihydropteridin e pyrophosphokinase	SINGLE PROTEIN	Staphylococcus aureus	55	False
6309	109737	CHEMBL3559682	Serine/threonine-protein kinase PIM	PROTEIN FAMILY	Homo sapiens	76	False
6310	109738	CHEMBL3559683	Peroxisome proliferator-activated receptor	PROTEIN FAMILY	Homo sapiens	22	True
6311	109747	CHEMBL3559692	Cyclin-dependent kinase 12	SINGLE PROTEIN	Homo sapiens	176	False
6312	109749	CHEMBL3559702	Phosphatidylinositol 3-kinase regulatory subunit gamma	SINGLE PROTEIN	Homo sapiens	6	False
6313	109750	CHEMBL3559703	PI3-kinase class I	PROTEIN COMPLEX GROUP	Homo sapiens	380	True
6314	109757	CHEMBL3562161	Amino acid transporter	SINGLE PROTEIN	Rattus norvegicus	8	False
6315	109758	CHEMBL3562162	Neutral amino acid transporter B(0)	SINGLE PROTEIN	Homo sapiens	24	False
6316	109761	CHEMBL3562165	Probable G-protein coupled receptor 34	SINGLE PROTEIN	Homo sapiens	108	False
6317	109762	CHEMBL3562166	Putative P2Y purinoceptor 10	SINGLE PROTEIN	Homo sapiens	53	False
6318	109763	CHEMBL3562167	Probable G-protein coupled receptor 174	SINGLE PROTEIN	Homo sapiens	82	False
6319	109764	CHEMBL3562168	Putative P2Y purinoceptor 10	SINGLE PROTEIN	Mus musculus	89	False
6320	109766	CHEMBL3562170	Acid-sensing ion channel 1	SINGLE PROTEIN	Rattus norvegicus	7	False
6321	109771	CHEMBL3562175	Protein arginine N-methyltransferase 7	SINGLE PROTEIN	Homo sapiens	53	False
6322	109773	CHEMBL3562177	Beta-lactamase	SINGLE PROTEIN	Aeromonas veronii	9	False
6323	109783	CHEMBL3580487	Sclerostin	SINGLE PROTEIN	Homo sapiens	14	True
6324	109790	CHEMBL3580494	Mucin-1	SINGLE PROTEIN	Homo sapiens	8	False
6325	109800	CHEMBL3580504	Toxin A	SINGLE PROTEIN	Peptoclostridium difficile	20	False
6326	109801	CHEMBL3580505	Toxin B	SINGLE PROTEIN	Peptoclostridium difficile	61	False
6327	109804	CHEMBL3580508	Lipopolysaccharide (LPS)	MACROMOLECULE	Bacteria	33	False
6328	109807	CHEMBL3580522	Programmed cell death 1 ligand 1	SINGLE PROTEIN	Homo sapiens	1164	True
6329	109810	CHEMBL3580525	Glycerol-3-phosphate acyltransferase 1, mitochondrial	SINGLE PROTEIN	Mus musculus	5	False
6330	109816	CHEMBL3585238	Estrogen-related receptor gamma	SINGLE PROTEIN	Mus musculus	22	False
6331	109818	CHEMBL3588729	Ghrelin O-acyltransferase	SINGLE PROTEIN	Homo sapiens	351	False
6332	109821	CHEMBL3588732	Dihydroorotate dehydrogenase (quinone), mitochondrial	SINGLE PROTEIN	Plasmodium falciparum (isolate 3D7)	64	False
6333	109826	CHEMBL3588737	Histone-lysine N-methyltransferase PRDM9	SINGLE PROTEIN	Homo sapiens	26	False
6334	109827	CHEMBL3588738	Histone-lysine N-methyltransferase, H3 lysine-36 specific	SINGLE PROTEIN	Homo sapiens	39	False
6335	109828	CHEMBL3588739	Histone-lysine N-methyltransferase ASH1L	SINGLE PROTEIN	Homo sapiens	30	False
6336	109829	CHEMBL3588740	RNA 5'-monophosphate methyltransferase	SINGLE PROTEIN	Homo sapiens	265	False
6337	109830	CHEMBL3588741	Protein N-lysine methyltransferase METTL21A	SINGLE PROTEIN	Homo sapiens	25	False
6338	109831	CHEMBL3588742	Protein N-lysine methyltransferase METTL21D	SINGLE PROTEIN	Homo sapiens	24	False
6339	109832	CHEMBL3593151	Rap guanine nucleotide exchange factor 4	SINGLE PROTEIN	Mus musculus	35	False
6340	109835	CHEMBL3593154	3-hydroxy-3-methylglutaryl-coenzyme A reductase	SINGLE PROTEIN	Sus scrofa	8	False
6341	109837	CHEMBL3596075	Beta-galactoside alpha-2,6-sialyltransferase 1	SINGLE PROTEIN	Homo sapiens	46	False
6342	109839	CHEMBL3596077	Alpha-(1,3)-fucosyltransferase 7	SINGLE PROTEIN	Homo sapiens	5	False
6343	109840	CHEMBL3596078	UDP-N-acetylglucosamine--N-acetylmuramyl-(pentapeptide) pyrophosphoryl-undecaprenol N-acetylglucosamine transferase	SINGLE PROTEIN	Escherichia coli (strain K12)	8	False
6344	109841	CHEMBL3596079	Cysteinyl leukotriene receptor 2	SINGLE PROTEIN	Cavia porcellus	6	False
6345	109846	CHEMBL3596084	Tumor necrosis factor ligand superfamily member 11	SINGLE PROTEIN	Mus musculus	7	False
6346	109850	CHEMBL3600274	Thyrotropin-releasing hormone receptor 2	SINGLE PROTEIN	Mus musculus	31	False
6347	109857	CHEMBL3603729	2-acylglycerol O-acyltransferase 2	SINGLE PROTEIN	Mus musculus	33	False
6348	109861	CHEMBL3608198	Phosphatidylinositol 4,5-bisphosphate 3-kinase catalytic subunit beta isoform	SINGLE PROTEIN	Rattus norvegicus	41	False
6349	109863	CHEMBL3608200	Amiloride-sensitive sodium channel subunit alpha	SINGLE PROTEIN	Mus musculus	6	False
6350	109864	CHEMBL3611961	Mu opioid receptor-like OR2	SINGLE PROTEIN	Danio rerio	8	False
6351	109865	CHEMBL3611962	Biotin--[acetyl-CoA-carboxylase] ligase	SINGLE PROTEIN	Mycobacterium tuberculosis (strain ATCC 25618 / H37Rv)	12	False
6352	109866	CHEMBL3611963	Adenosine receptor A3	SINGLE PROTEIN	Canis lupus familiaris	5	False
6353	109868	CHEMBL3611965	Phosphatidylcholine:ceramide cholinephosphotransferase 1	SINGLE PROTEIN	Homo sapiens	27	False
6354	109874	CHEMBL3616354	Branched-chain-amino-acid aminotransferase, mitochondrial	SINGLE PROTEIN	Homo sapiens	90	False
6355	109880	CHEMBL3616360	Sphingosine 1-phosphate receptor 2	SINGLE PROTEIN	Rattus norvegicus	18	False
6356	109881	CHEMBL3616361	CCR4-NOT transcription complex subunit 7	SINGLE PROTEIN	Homo sapiens	11	False
6357	109884	CHEMBL3621020	Cytochrome P450 11B2, mitochondrial	SINGLE PROTEIN	Mus musculus	31	False
6358	109886	CHEMBL3621022	Alpha-crystallin B chain	SINGLE PROTEIN	Homo sapiens	10	False
6359	109888	CHEMBL3621024	Kappa-casein	SINGLE PROTEIN	Homo sapiens	9	False
6360	109889	CHEMBL3621025	Lysophosphatidic acid receptor 1	SINGLE PROTEIN	Mus musculus	8	False
6361	109899	CHEMBL3621035	Carbonic anhydrase, alpha family	SINGLE PROTEIN	Thiomicrospira crunogena (strain XCL-2)	41	False
6362	109900	CHEMBL3621036	Bifunctional methylenetetrahydrofolate dehydrogenase/cyclohydrolase, mitochondrial	SINGLE PROTEIN	Homo sapiens	43	False
6363	109901	CHEMBL3621037	RNA demethylase ALKBH5	SINGLE PROTEIN	Homo sapiens	43	False
6364	109903	CHEMBL3627581	Serine/threonine-protein kinase N3	SINGLE PROTEIN	Homo sapiens	18	False
6365	109904	CHEMBL3627582	Testis-specific serine/threonine-protein kinase 6	SINGLE PROTEIN	Homo sapiens	10	False
6366	109905	CHEMBL3627583	Kinase suppressor of Ras 2	SINGLE PROTEIN	Homo sapiens	9	False
6367	109906	CHEMBL3627584	Mitogen-activated protein kinase kinase kinase 21	SINGLE PROTEIN	Homo sapiens	16	False
6368	109907	CHEMBL3627585	Inactive tyrosine-protein kinase PEAK1	SINGLE PROTEIN	Homo sapiens	14	False
6369	109909	CHEMBL3627587	Indoleamine 2,3-dioxygenase 2	SINGLE PROTEIN	Homo sapiens	64	False
6370	109914	CHEMBL3627592	Calcium/calmodulin-dependent protein kinase type 1B	SINGLE PROTEIN	Homo sapiens	136	False
6371	109917	CHEMBL3632452	Mucosa-associated lymphoid tissue lymphoma translocation protein 1	SINGLE PROTEIN	Homo sapiens	1022	False
6372	109918	CHEMBL3632453	X-box-binding protein 1	SINGLE PROTEIN	Rattus norvegicus	16	False
6373	109919	CHEMBL3632454	Kinesin-like protein KIF15	SINGLE PROTEIN	Homo sapiens	5	False
6374	109920	CHEMBL3632455	Probable G-protein coupled receptor 139	SINGLE PROTEIN	Homo sapiens	351	False
6375	109927	CHEMBL3638322	Egl nine homolog 1	SINGLE PROTEIN	Rattus norvegicus	35	False
6376	109928	CHEMBL3638323	HIV protease	SINGLE PROTEIN	Human immunodeficiency virus	44	False
6377	109929	CHEMBL3638324	G-protein coupled receptor 4	SINGLE PROTEIN	Homo sapiens	75	False
6378	109930	CHEMBL3638325	DGAT1 protein	SINGLE PROTEIN	Homo sapiens	15	False
6379	109931	CHEMBL3638326	Gag-Pol polyprotein	SINGLE PROTEIN	Human immunodeficiency virus type 1 group M subtype B (isolateBRU/LAI) (HIV-1)	45	False
6380	109932	CHEMBL3638327	Rho GDP-dissociation inhibitor 1	SINGLE PROTEIN	Homo sapiens	6	False
6381	109933	CHEMBL3638328	Serine protease 1	SINGLE PROTEIN	Rattus norvegicus	29	False
6382	109934	CHEMBL3638329	Urokinase plasminogen activator surface receptor	SINGLE PROTEIN	Rattus norvegicus	29	False
6383	109935	CHEMBL3638330	Macrophage colony-stimulating factor 1	SINGLE PROTEIN	Mus musculus	12	False
6384	109936	CHEMBL3638331	Gag-Pol polyprotein	SINGLE PROTEIN	Human immunodeficiency virus type 1 group M subtype B (isolateARV2/SF2) (HIV-1)	15	False
6385	109937	CHEMBL3638332	Genome polyprotein	SINGLE PROTEIN	Hepatitis C virus genotype 1b (strain HC-J4) (HCV)	51	False
6386	109938	CHEMBL3638333	Sodium- and chloride-dependent glycine transporter 1	SINGLE PROTEIN	Bos taurus	35	False
6387	109939	CHEMBL3638334	Opioid growth factor receptor-like protein 1	SINGLE PROTEIN	Homo sapiens	383	False
6388	109940	CHEMBL3638335	Serine/threonine-protein kinase pim-3	SINGLE PROTEIN	Rattus norvegicus	52	False
6389	109941	CHEMBL3638336	5-hydroxytryptamine 1D receptor	SINGLE PROTEIN	Bos taurus	15	False
6390	109943	CHEMBL3638338	Acetyl-coenzyme A transporter 1	SINGLE PROTEIN	Homo sapiens	132	False
6391	109945	CHEMBL3638340	Cyclin-dependent kinase 4	SINGLE PROTEIN	Oryctolagus cuniculus	20	False
6392	109947	CHEMBL3638342	Prokineticin receptor 2	SINGLE PROTEIN	Cricetulus griseus	273	False
6393	109949	CHEMBL3638344	Genome polyprotein	SINGLE PROTEIN	Hepatitis C virus genotype 1a (isolate H) (HCV)	993	False
6394	109950	CHEMBL3638345	5-hydroxytryptamine receptor	SINGLE PROTEIN	Cricetulus griseus	53	False
6395	109953	CHEMBL3638348	Phosphodiesterase	SINGLE PROTEIN	Bos taurus	31	False
6396	109954	CHEMBL3638349	Glutaminyl-peptide cyclotransferase-like protein	SINGLE PROTEIN	Homo sapiens	116	False
6397	109955	CHEMBL3638350	Collagenase 3	SINGLE PROTEIN	Mus musculus	95	False
6398	109958	CHEMBL3638353	EF-hand calcium-binding domain-containing protein 4B	SINGLE PROTEIN	Homo sapiens	56	False
6399	109961	CHEMBL3638356	Membrane metallo-endopeptidase-like 1	SINGLE PROTEIN	Homo sapiens	43	False
6400	109962	CHEMBL3638357	Beta-secretase 2	SINGLE PROTEIN	Mus musculus	13	False
6401	109963	CHEMBL3638358	High affinity cGMP-specific 3',5'-cyclic phosphodiesterase 9A	SINGLE PROTEIN	Rattus norvegicus	97	False
6402	109964	CHEMBL3638359	NAD kinase 1	SINGLE PROTEIN	Listeria monocytogenes serotype 4b (strain F2365)	7	False
6403	109965	CHEMBL3638360	Gag-Pol polyprotein	SINGLE PROTEIN	Human immunodeficiency virus type 1 group M subtype B (isolate HXB2)(HIV-1)	190	False
6404	109966	CHEMBL3638361	Aurora kinase B-B	SINGLE PROTEIN	Xenopus laevis	6	False
6405	109968	CHEMBL3638363	Microtubule-associated protein tau	SINGLE PROTEIN	Bos taurus	11	False
6406	109969	CHEMBL3638364	Glycogen synthase kinase-3 beta splice variant X1	SINGLE PROTEIN	Bos taurus	134	False
6407	109970	CHEMBL3638365	Amyloid-beta precursor protein	SINGLE PROTEIN	Rattus norvegicus	43	False
6408	109971	CHEMBL3706556	Nucleoprotein	SINGLE PROTEIN	Influenza A virus (strain A/Wilson-Smith/1933 H1N1)	5	False
6409	109979	CHEMBL3706564	Liver X receptor	PROTEIN FAMILY	Homo sapiens	52	False
6410	109981	CHEMBL3706566	MGC-803	CELL-LINE	Homo sapiens	1982	False
6411	109982	CHEMBL3706568	HEK-293T	CELL-LINE	Homo sapiens	1201	False
6412	109983	CHEMBL3706570	MOLM-14	CELL-LINE	Homo sapiens	156	False
6413	109984	CHEMBL3706572	MOLM-13	CELL-LINE	Homo sapiens	1739	False
6414	109988	CHEMBL3707166	TOV112D	CELL-LINE	Homo sapiens	33	False
6415	109989	CHEMBL3707168	UMSCC1	CELL-LINE	Homo sapiens	8	False
6416	109990	CHEMBL3707181	Bifunctional ligase/repressor BirA	SINGLE PROTEIN	Staphylococcus aureus	6	False
6417	109993	CHEMBL3707462	Methyl-CpG-binding domain protein 2	SINGLE PROTEIN	Homo sapiens	7	False
6418	109995	CHEMBL3707464	Genome polyprotein	SINGLE PROTEIN	Hepatitis C virus genotype 3a (isolate NZL1) (HCV)	44	False
6419	109997	CHEMBL3707466	5-hydroxytryptamine receptor 1B	SINGLE PROTEIN	Cricetulus griseus	53	False
6420	109998	CHEMBL3707467	Peptidyl-prolyl cis-trans isomerase G	SINGLE PROTEIN	Homo sapiens	10	False
6421	110001	CHEMBL3707470	Tachykinin-3	SINGLE PROTEIN	Homo sapiens	6	False
6422	110158	CHEMBL3708197	Cytosolic purine 5'-nucleotidase	SINGLE PROTEIN	Homo sapiens	9	False
6423	110226	CHEMBL3708265	Oxidized purine nucleoside triphosphate hydrolase	SINGLE PROTEIN	Homo sapiens	138	False
6424	111631	CHEMBL3709670	ADP/ATP translocase 2	SINGLE PROTEIN	Homo sapiens	6	False
6425	113511	CHEMBL3711550	Beta-adrenergic receptor kinase 1	SINGLE PROTEIN	Bos taurus	50	False
6426	114829	CHEMBL3712868	17-beta-hydroxysteroid dehydrogenase 14	SINGLE PROTEIN	Homo sapiens	48	False
6427	114868	CHEMBL3712907	Transmembrane domain-containing protein TMIGD3	SINGLE PROTEIN	Homo sapiens	138	False
6428	114892	CHEMBL3712931	Thymic stromal lymphopoietin	SINGLE PROTEIN	Homo sapiens	6	False
6429	114915	CHEMBL3712954	Interleukin-15	SINGLE PROTEIN	Homo sapiens	9	False
6430	114925	CHEMBL3712964	C-X-C motif chemokine 10	SINGLE PROTEIN	Homo sapiens	6	False
6431	115264	CHEMBL3713303	CD63 antigen	SINGLE PROTEIN	Homo sapiens	12	False
6432	115502	CHEMBL3713541	Calcitonin gene-related peptide 2	SINGLE PROTEIN	Homo sapiens	24	False
6433	115648	CHEMBL3713687	Cytochrome P450 26B1	SINGLE PROTEIN	Homo sapiens	26	False
6434	115874	CHEMBL3713913	Fibroblast growth factor 23	SINGLE PROTEIN	Homo sapiens	8	False
6435	115877	CHEMBL3713916	Ovarian cancer G-protein coupled receptor 1	SINGLE PROTEIN	Homo sapiens	10	False
6436	115990	CHEMBL3714029	Lysyl oxidase homolog 2	SINGLE PROTEIN	Homo sapiens	734	False
6437	116040	CHEMBL3714079	G-protein coupled receptor 84	SINGLE PROTEIN	Homo sapiens	720	False
6438	116042	CHEMBL3714081	Psychosine receptor	SINGLE PROTEIN	Homo sapiens	79	False
6439	116091	CHEMBL3714130	G-protein coupled receptor 6	SINGLE PROTEIN	Homo sapiens	683	False
6440	116492	CHEMBL3714531	Palmitoleoyl-protein carboxylesterase NOTUM	SINGLE PROTEIN	Homo sapiens	517	False
6441	116664	CHEMBL3714704	Kinase	SINGLE PROTEIN	Mus musculus	85	False
6442	116665	CHEMBL3714705	Hepatocyte nuclear factor 4-alpha	SINGLE PROTEIN	Rattus norvegicus	23	False
6443	116666	CHEMBL3714706	Transient receptor potential cation channel subfamily M member 7	SINGLE PROTEIN	Mus musculus	133	False
6444	116676	CHEMBL3721308	Calcium release-activated calcium channel protein 1	SINGLE PROTEIN	Rattus norvegicus	67	False
6445	116679	CHEMBL3721311	6-phosphofructo-2-kinase/fructose-2,6-bisphosphatase 4	SINGLE PROTEIN	Homo sapiens	18	False
6446	116680	CHEMBL3721312	Olfactory receptor 5K1	SINGLE PROTEIN	Homo sapiens	38	False
6447	116688	CHEMBL3739246	Urea transporter 2	SINGLE PROTEIN	Rattus norvegicus	37	False
6448	116689	CHEMBL3739247	Urea transporter 1	SINGLE PROTEIN	Rattus norvegicus	58	False
6449	116696	CHEMBL3745586	Carbonate dehydratase	SINGLE PROTEIN	Sulfurihydrogenibium sp. (strain YO3AOP1)	40	False
6450	116697	CHEMBL3745587	Suppressor of tumorigenicity 14 protein homolog	SINGLE PROTEIN	Mus musculus	5	False
6451	116698	CHEMBL3745588	Low-density lipoprotein receptor-related protein 6	SINGLE PROTEIN	Homo sapiens	17	False
6452	116705	CHEMBL3751648	Period circadian protein homolog 2	SINGLE PROTEIN	Homo sapiens	353	False
6453	116720	CHEMBL3758064	Palmitoleoyl-protein carboxylesterase NOTUM	SINGLE PROTEIN	Mus musculus	59	False
6454	116728	CHEMBL3763002	Leucine aminopeptidase	SINGLE PROTEIN	Sus scrofa	7	True
6455	116733	CHEMBL3763007	Cereblon isoform 4	SINGLE PROTEIN	Magnetospirillum gryphiswaldense	10	False
6456	116734	CHEMBL3763008	Protein cereblon	SINGLE PROTEIN	Homo sapiens	312	False
6457	116735	CHEMBL3769292	dCTP pyrophosphatase 1	SINGLE PROTEIN	Homo sapiens	190	False
6458	116736	CHEMBL3769293	Na(+)/citrate cotransporter	SINGLE PROTEIN	Homo sapiens	28	False
6459	116742	CHEMBL3769299	Sodium-dependent phosphate transport protein 2A	SINGLE PROTEIN	Homo sapiens	533	False
6460	116747	CHEMBL3774293	3-beta-hydroxysteroid-Delta(8),Delta(7)-isomerase	SINGLE PROTEIN	Mus musculus	18	False
6461	116749	CHEMBL3774295	Lysine-specific demethylase 5B	SINGLE PROTEIN	Homo sapiens	973	False
6462	116752	CHEMBL3774298	Histone acetyltransferase KAT6A	SINGLE PROTEIN	Homo sapiens	599	False
6463	116753	CHEMBL3774299	Histone acetyltransferase KAT7	SINGLE PROTEIN	Homo sapiens	402	False
6464	116754	CHEMBL3774300	Histone acetyltransferase KAT6B	SINGLE PROTEIN	Homo sapiens	69	False
6465	116756	CHEMBL3774302	Pyruvate dehydrogenase E1 component subunit alpha, somatic form, mitochondrial	SINGLE PROTEIN	Sus scrofa	40	False
6466	116758	CHEMBL3779755	NACHT, LRR and PYD domains-containing protein 3	SINGLE PROTEIN	Mus musculus	361	False
6467	116763	CHEMBL3779760	Lysine-specific demethylase 2B	SINGLE PROTEIN	Homo sapiens	610	False
6468	116771	CHEMBL3784909	Alpha-glucosidase	SINGLE PROTEIN	Schizosaccharomyces pombe (strain 972 / ATCC 24843) (Fission yeast)	5	False
6469	116773	CHEMBL3784911	Receptor-interacting serine/threonine-protein kinase 1	SINGLE PROTEIN	Mus musculus	31	False
6470	116784	CHEMBL3797016	C-terminal-binding protein 2	SINGLE PROTEIN	Homo sapiens	14	False
6471	116785	CHEMBL3797017	Histone deacetylase 8	SINGLE PROTEIN	Schistosoma mansoni	104	False
6472	116788	CHEMBL3797020	Lectin	SINGLE PROTEIN	Burkholderia cenocepacia (strain ATCC BAA-245 / DSM 16553 / LMG 16656/ NCTC 13227 / J2315 / CF5610) (Burkholderia cepacia (strain J2315))	5	False
6473	116793	CHEMBL3804751	Decaprenylphosphoryl-beta-D-ribose oxidase	SINGLE PROTEIN	Mycobacterium tuberculosis (strain ATCC 25618 / H37Rv)	125	False
6474	116794	CHEMBL3804752	Peptidyl-prolyl cis-trans isomerase F, mitochondrial	SINGLE PROTEIN	Mus musculus	29	False
6475	116796	CHEMBL3808269	Cysteinyl leukotriene receptor 1	SINGLE PROTEIN	Mus musculus	6	False
6476	116799	CHEMBL3813586	4,4'-diapophytoene desaturase (4,4'-diaponeurosporene-forming)	SINGLE PROTEIN	Staphylococcus aureus (strain Newman)	136	False
6477	116800	CHEMBL3813587	Probable G-protein coupled receptor 174	SINGLE PROTEIN	Mus musculus	20	False
6478	116814	CHEMBL3822350	Receptor-interacting serine/threonine-protein kinase 2	SINGLE PROTEIN	Rattus norvegicus	5	False
6479	116819	CHEMBL3826841	SMN2 pre-mRNA	NUCLEIC-ACID	Homo sapiens	16	False
6480	116822	CHEMBL3826863	Fatty acid-binding protein, brain	SINGLE PROTEIN	Homo sapiens	42	False
6481	116829	CHEMBL3826870	Autotaxin	SINGLE PROTEIN	Rattus norvegicus	30	False
6482	116830	CHEMBL3826871	Autotaxin	SINGLE PROTEIN	Mus musculus	161	False
6483	116833	CHEMBL3831201	20S proteasome	PROTEIN COMPLEX GROUP	Homo sapiens	184	False
6484	116859	CHEMBL3831244	Phospholipase A and acyltransferase 3	SINGLE PROTEIN	Homo sapiens	33	False
6485	116860	CHEMBL3831261	Hypoxia-inducible factor prolyl hydroxylase	PROTEIN FAMILY	Homo sapiens	12	True
6486	116861	CHEMBL3831281	P2X2/P2X3 heterotrimeric receptor	PROTEIN COMPLEX	Homo sapiens	582	False
6487	116863	CHEMBL3831283	NEDD8 activating enzyme	PROTEIN COMPLEX	Homo sapiens	211	False
6488	116871	CHEMBL3831291	HLA class II histocompatibility antigen, DRB1-15 beta chain	SINGLE PROTEIN	Homo sapiens	38	False
6489	116878	CHEMBL3831325	Uncharacterized protein	SINGLE PROTEIN	Pan troglodytes	39	False
6490	116887	CHEMBL3832633	Ribosomal protein S6 kinase	PROTEIN FAMILY	Homo sapiens	36	False
6491	116888	CHEMBL3832634	Glutamate NMDA receptor	PROTEIN COMPLEX GROUP	Mus musculus	5	False
6492	116889	CHEMBL3832641	T1R1/T1R3	PROTEIN COMPLEX	Homo sapiens	264	False
6493	116890	CHEMBL3832642	T1R2/T1R3	PROTEIN COMPLEX	Homo sapiens	153	False
6494	116891	CHEMBL3832643	Kir3.1/Kir3.4	PROTEIN COMPLEX	Rattus norvegicus	421	False
6495	116892	CHEMBL3832644	ORAI1/STIM1	PROTEIN COMPLEX	Homo sapiens	118	False
6496	116893	CHEMBL3832645	ORAI1/STIM1	PROTEIN COMPLEX	Rattus norvegicus	69	False
6497	116894	CHEMBL3832646	fructose-2,6-bisphosphatase 3/4	PROTEIN COMPLEX	Homo sapiens	26	False
6498	116895	CHEMBL3832741	dsDNA	NUCLEIC-ACID	Homo sapiens	25	False
6499	116896	CHEMBL3832742	quadruplex DNA	NUCLEIC-ACID	Homo sapiens	155	False
6500	116898	CHEMBL3832942	Tubulin beta	PROTEIN FAMILY	Homo sapiens	31	True
6501	116899	CHEMBL3832943	Casein kinase 2	PROTEIN FAMILY	Homo sapiens	227	False
6502	116900	CHEMBL3832944	Histone deacetylase	PROTEIN FAMILY	Mus musculus	9	False
6503	116913	CHEMBL3832957	Metallo beta-lactamase	SINGLE PROTEIN	Pseudomonas aeruginosa	22	False
6504	116914	CHEMBL3832958	4,4'-diapophytoene desaturase (4,4'-diaponeurosporene-forming)	SINGLE PROTEIN	Staphylococcus aureus (strain MW2)	8	False
6505	116925	CHEMBL3833484	VP1 capsid protein	SINGLE PROTEIN	Human rhinovirus sp.	16	False
6506	116927	CHEMBL3833502	Alpha glucosidase	PROTEIN FAMILY	Homo sapiens	400	False
6507	116936	CHEMBL3833905	Hyaluronidase	PROTEIN FAMILY	Bos taurus	22	False
6508	116942	CHEMBL3856166	Fusion glycoprotein F0	SINGLE PROTEIN	Human respiratory syncytial virus A (strain A2)	50	False
6509	116946	CHEMBL3879821	C-C chemokine receptor type 10	SINGLE PROTEIN	Mus musculus	7	False
6510	116947	CHEMBL3879822	Shiga toxin subunit A	SINGLE PROTEIN	Shigella dysenteriae	13	False
6511	116952	CHEMBL3879827	Chromodomain Y-like protein	SINGLE PROTEIN	Homo sapiens	24	False
6512	116953	CHEMBL3879828	Fumarate reductase	SINGLE PROTEIN	Ascaris suum	5	False
6513	116955	CHEMBL3879830	G protein-coupled receptor kinase 5	SINGLE PROTEIN	Bos taurus	6	False
6514	116956	CHEMBL3879831	Ferrochelatase, mitochondrial	SINGLE PROTEIN	Homo sapiens	30	False
6515	116960	CHEMBL3879835	G protein-coupled receptor 88	SINGLE PROTEIN	Mus musculus	9	False
6516	116964	CHEMBL3879839	Nuclear receptor subfamily 4 group A member 2	SINGLE PROTEIN	Mus musculus	21	False
6517	116967	CHEMBL3879842	Sodium/hydrogen exchanger 3	SINGLE PROTEIN	Rattus norvegicus	44	True
6518	116971	CHEMBL3879846	Thioredoxin reductase	SINGLE PROTEIN	Entamoeba histolytica	14	False
6519	116972	CHEMBL3879847	Heat sensitive channel TRPV3	SINGLE PROTEIN	Rattus norvegicus	11	False
6520	116975	CHEMBL3879850	Sterol O-acyltransferase 1	SINGLE PROTEIN	Chlorocebus aethiops	26	False
6521	116979	CHEMBL3879854	Sterol O-acyltransferase 2	SINGLE PROTEIN	Chlorocebus aethiops	26	False
6522	116982	CHEMBL3879857	Chromodomain Y-like protein 2	SINGLE PROTEIN	Homo sapiens	57	False
6523	116984	CHEMBL3879859	E3 ubiquitin-protein ligase SMURF1	SINGLE PROTEIN	Homo sapiens	96	False
6524	116985	CHEMBL3879860	Rhodopsin kinase GRK1	SINGLE PROTEIN	Bos taurus	5	False
6525	116989	CHEMBL3879864	Testis-specific chromodomain protein Y 1	SINGLE PROTEIN	Homo sapiens	12	False
6526	116995	CHEMBL3879870	N-acetyltransferase Eis	SINGLE PROTEIN	Mycobacterium tuberculosis (strain ATCC 25618 / H37Rv)	72	False
6527	116999	CHEMBL3883285	Bcl-xL/BH3-interacting domain death agonist	PROTEIN-PROTEIN INTERACTION	Homo sapiens	7	False
6528	117001	CHEMBL3883287	Bcl-xL/Bcl-2-like protein 11	PROTEIN-PROTEIN INTERACTION	Homo sapiens	29	False
6529	117007	CHEMBL3883293	MAP kinase-interacting serine/threonine-protein kinase 1/2	PROTEIN FAMILY	Homo sapiens	66	False
6530	117008	CHEMBL3883294	Glutamate receptor AMPA 1/2	PROTEIN COMPLEX	Homo sapiens	5	False
6531	117013	CHEMBL3883300	CREB-binding protein/Histone acetyltransferase p300	PROTEIN FAMILY	Homo sapiens	121	False
6532	117017	CHEMBL3883304	Aurora kinase A/Targeting protein for Xklp2	PROTEIN COMPLEX	Homo sapiens	26	False
6533	117024	CHEMBL3883311	Voltage-gated potassium channel KCNQ3/KCNQ5	PROTEIN COMPLEX	Homo sapiens	9	False
6534	117026	CHEMBL3883313	Perilipin-1/ABHD5	PROTEIN-PROTEIN INTERACTION	Homo sapiens	31	False
6535	117029	CHEMBL3883316	DNA excision repair protein ERCC-1/DNA repair endonuclease XPF	PROTEIN COMPLEX	Homo sapiens	56	False
6536	117031	CHEMBL3883318	Transforming protein RhoA/Rho-related GTP-binding protein RhoC	PROTEIN FAMILY	Homo sapiens	24	False
6537	117032	CHEMBL3883319	Guanine nucleotide-binding protein G(I)/G(S)/G(T) subunit beta-1/gamma-2	PROTEIN COMPLEX	Homo sapiens	19	False
6538	117033	CHEMBL3883320	Histone-lysine N-methyltransferase 2A/WDR5	PROTEIN-PROTEIN INTERACTION	Homo sapiens	50	False
6539	117036	CHEMBL3883323	Cyclin-C/Cyclin-dependent kinase 19	PROTEIN COMPLEX	Homo sapiens	283	False
6540	117037	CHEMBL3883324	Urokinase-type plasminogen activator/surface receptor	PROTEIN-PROTEIN INTERACTION	Homo sapiens	9	False
6541	117038	CHEMBL3883325	Integrin alpha-IIb/beta-3	PROTEIN COMPLEX	Oryctolagus cuniculus	23	False
6542	117041	CHEMBL3883328	Casein kinase II alpha'/ beta	PROTEIN COMPLEX	Homo sapiens	84	False
6543	117042	CHEMBL3883329	Neuronal acetylcholine receptor subunit alpha-6/beta-3	PROTEIN COMPLEX	Rattus norvegicus	12	False
6544	117043	CHEMBL3883330	EML4-ALK	CHIMERIC PROTEIN	Homo sapiens	103	True
6545	117045	CHEMBL3885501	1-acylglycerol-3-phosphate O-acyltransferase ABHD5/Perilipin-5	PROTEIN-PROTEIN INTERACTION	Homo sapiens	31	False
6546	117051	CHEMBL3885507	Acetyl-CoA carboxylase	PROTEIN FAMILY	Homo sapiens	100	False
6547	117060	CHEMBL3885516	Apoptosis regulator Bcl-2/Bcl-2 homologous antagonist/killer	PROTEIN-PROTEIN INTERACTION	Homo sapiens	23	False
6548	117062	CHEMBL3885518	Aryl hydrocarbon receptor nuclear translocator/Endothelial PAS domain-containing protein 1	PROTEIN-PROTEIN INTERACTION	Homo sapiens	48	False
6549	117066	CHEMBL3885522	Baculoviral IAP repeat-containing protein 3/Mucosa-associated lymphoid tissue lymphoma translocation protein 1	CHIMERIC PROTEIN	Homo sapiens	7	False
6550	117067	CHEMBL3885523	MCL1-BAK1 complex	PROTEIN COMPLEX	Homo sapiens	10	False
6551	117069	CHEMBL3885525	beta-catenin-B-cell lymphoma 9 protein complex	PROTEIN COMPLEX	Homo sapiens	145	False
6552	117072	CHEMBL3885528	Thymidylate synthase/GAR transformylase/AICAR transformylase	PROTEIN FAMILY	Homo sapiens	8	False
6553	117085	CHEMBL3885541	TCF4-CTNNB1 complex	PROTEIN COMPLEX	Homo sapiens	25	False
6554	117086	CHEMBL3885542	Catenin beta-1/Transcription factor 7	PROTEIN-PROTEIN INTERACTION	Homo sapiens	5	False
6555	117090	CHEMBL3885546	Corticotropin-releasing factor receptor 2/Corticotropin-releasing factor-binding protein	PROTEIN COMPLEX	Homo sapiens	588	False
6556	117094	CHEMBL3885550	Cyclin-Y/Cyclin-dependent kinase 16	PROTEIN COMPLEX	Homo sapiens	32	False
6557	117097	CHEMBL3885553	Cyclin-dependent kinase 4/6	PROTEIN FAMILY	Homo sapiens	14	False
6558	117098	CHEMBL3885554	Cyclin-dependent kinase 4/G1/S-specific cyclin-E1	PROTEIN COMPLEX	Homo sapiens	34	False
6559	117100	CHEMBL3885556	Cyclin-dependent kinase 8/19	PROTEIN FAMILY	Homo sapiens	74	False
6560	117102	CHEMBL3885558	Cyclin-dependent kinases regulatory subunit 1/S-phase kinase-associated protein 2	PROTEIN-PROTEIN INTERACTION	Homo sapiens	34	False
6561	117108	CHEMBL3885564	Dipeptidyl peptidase 8/9	PROTEIN FAMILY	Homo sapiens	7	False
6562	117112	CHEMBL3885568	Friend leukemia integration 1 transcription factor (Proto-oncogene Fli-1)/RNA-binding protein EWS	CHIMERIC PROTEIN	Homo sapiens	6	False
6563	117123	CHEMBL3885579	Glucokinase/Glucokinase regulatory protein	PROTEIN-PROTEIN INTERACTION	Homo sapiens	33	False
6564	117124	CHEMBL3885580	Glucokinase/Glucokinase regulatory protein	PROTEIN-PROTEIN INTERACTION	Rattus norvegicus	12	False
6565	117128	CHEMBL3885584	Guanine nucleotide-binding protein G(i) subunit alpha-1/Regulator of G-protein signaling 12	PROTEIN-PROTEIN INTERACTION	Homo sapiens	23	False
6566	117132	CHEMBL3885588	Histone acetyltransferase p300/Hypoxia-inducible factor 1-alpha	PROTEIN COMPLEX	Homo sapiens	10	False
6567	117134	CHEMBL3885590	Histone deacetylase 1/Nuclear receptor corepressor 2	PROTEIN COMPLEX	Homo sapiens	6	False
6568	117135	CHEMBL3885591	Histone deacetylase 2/Nuclear receptor corepressor 2	PROTEIN COMPLEX	Homo sapiens	5	False
6569	117139	CHEMBL3885595	Integrin alpha-5/Neuronal acetylcholine receptor subunit alpha-3/Neuronal acetylcholine receptor subunit beta-2/Neuronal acetylcholine receptor subunit beta-4	PROTEIN COMPLEX	Homo sapiens	11	False
6570	117143	CHEMBL3885599	LIM domain kinase 1/2	PROTEIN FAMILY	Homo sapiens	11	False
6571	117146	CHEMBL3885602	Mitogen-activated protein kinase 10/Receptor-interacting serine/threonine-protein kinase 1	PROTEIN FAMILY	Homo sapiens	25	False
6572	117153	CHEMBL3885609	Neuronal acetylcholine receptor subunit alpha-3/beta-4	PROTEIN COMPLEX	Mus musculus	11	False
6573	117154	CHEMBL3885610	Neuronal acetylcholine receptor subunit alpha-4/alpha-6/beta-2/beta-3	PROTEIN COMPLEX	Mus musculus	9	False
6574	117155	CHEMBL3885611	Neuronal acetylcholine receptor subunit alpha-6/beta-2	PROTEIN COMPLEX	Mus musculus	12	False
6575	117156	CHEMBL3885612	Nuclear receptor subfamily 2 group C member 2/TGF-beta-activated kinase 1 and MAP3K7-binding protein 1	CHIMERIC PROTEIN	Homo sapiens	20	False
6576	117157	CHEMBL3885613	Nuclear receptor subfamily 4 group A member 2/Retinoic acid receptor RXR-alpha	PROTEIN COMPLEX	Homo sapiens	6	False
6577	117161	CHEMBL3885617	Phosphatidylinositol 4,5-bisphosphate 3-kinase catalytic subunit delta isoform/gamma isoform	PROTEIN FAMILY	Homo sapiens	12	False
6578	117168	CHEMBL3885624	PAC1-PAC2 complex	PROTEIN COMPLEX	Homo sapiens	7	False
6579	117174	CHEMBL3885630	Ras and Rab interactor 1/Tyrosine-protein kinase ABL1	PROTEIN-PROTEIN INTERACTION	Homo sapiens	79	False
6580	117175	CHEMBL3885631	Retinoic acid receptor RXR-alpha/Retinoic acid receptor beta	PROTEIN COMPLEX	Homo sapiens	6	False
6581	117177	CHEMBL3885633	Retinoic acid receptor RXR-alpha/gamma	PROTEIN COMPLEX	Homo sapiens	11	False
6582	117180	CHEMBL3885636	Serine/threonine-protein kinase PAK 1/PAK 2	PROTEIN FAMILY	Homo sapiens	16	False
6583	117181	CHEMBL3885637	Serine/threonine-protein kinase PAK 1/PAK 2/PAK 3	PROTEIN FAMILY	Homo sapiens	10	False
6584	117182	CHEMBL3885638	Signal transducer and activator of transcription 1/ 3	PROTEIN COMPLEX	Mus musculus	7	False
6585	117185	CHEMBL3885641	Solute carrier family 12 member 2/member 5	PROTEIN COMPLEX	Homo sapiens	15	False
6586	117187	CHEMBL3885643	Toll-like receptor 1/2	PROTEIN COMPLEX	Homo sapiens	77	False
6587	117188	CHEMBL3885644	Toll-like receptor 1/2	PROTEIN COMPLEX	Mus musculus	54	False
6588	117189	CHEMBL3885645	Transcription factor ETV6/Tyrosine-protein kinase ABL1	CHIMERIC PROTEIN	Homo sapiens	39	False
6589	117195	CHEMBL3885651	Urease subunit alpha/Urease subunit beta	PROTEIN COMPLEX	Helicobacter pylori (strain ATCC 700392 / 26695) (Campylobacterpylori)	112	False
6590	117197	CHEMBL3885653	Voltage-dependent L-type calcium channel subunit beta-1/alpha-1B/alpha-2/delta-1	PROTEIN COMPLEX	Rattus norvegicus	18	False
6591	117200	CHEMBL3885662	Beta-lactamase	SINGLE PROTEIN	Aeromonas hydrophila	5	False
6592	117205	CHEMBL3885667	Phospholipase A2	SINGLE PROTEIN	Apis mellifera	14	False
6593	117207	CHEMBL3885669	Beta-lactamase OXA-23	SINGLE PROTEIN	Acinetobacter baumannii	6	False
6594	117216	CHEMBL3886124	Transient receptor potential cation channel subfamily M member 5	SINGLE PROTEIN	Mus musculus	5	False
6595	117219	CHEMBL3987582	80S Ribosome	PROTEIN NUCLEIC-ACID COMPLEX	Homo sapiens	27	True
6596	117242	CHEMBL3988582	Polyphenol oxidase 1	SINGLE PROTEIN	Agaricus bisporus	18	False
6597	117243	CHEMBL3988583	Sepiapterin reductase	SINGLE PROTEIN	Homo sapiens	1053	False
6598	117244	CHEMBL3988584	Dihydrolipoyllysine-residue acetyltransferase component of pyruvate dehydrogenase complex	SINGLE PROTEIN	Mycobacterium tuberculosis (strain ATCC 25618 / H37Rv)	40	False
6599	117245	CHEMBL3988585	Dihydrolipoyl dehydrogenase	SINGLE PROTEIN	Mycobacterium tuberculosis (strain ATCC 25618 / H37Rv)	121	False
6600	117246	CHEMBL3988586	DNA polymerase	SINGLE PROTEIN	Vaccinia virus (strain Western Reserve) (VACV) (Vaccinia virus (strainWR))	19	False
6601	117250	CHEMBL3988590	PC4 and SFRS1-interacting protein	SINGLE PROTEIN	Homo sapiens	6	False
6602	117251	CHEMBL3988591	Glycylpeptide N-tetradecanoyltransferase	SINGLE PROTEIN	Neosartorya fumigata (strain ATCC MYA-4609 / Af293 / CBS 101355 / FGSCA1100) (Aspergillus fumigatus)	25	False
6603	117253	CHEMBL3988593	S-methyl-5'-thioinosine phosphorylase	SINGLE PROTEIN	Pseudomonas aeruginosa (strain ATCC 15692 / DSM 22644 / CIP 104116 /JCM 14847 / LMG 12228 / 1C / PRS 101 / PAO1)	9	False
6604	117254	CHEMBL3988594	Dihydrofolate reductase	SINGLE PROTEIN	Streptococcus pyogenes	15	False
6605	117255	CHEMBL3988595	Uracil-DNA glycosylase	SINGLE PROTEIN	Vaccinia virus (strain Copenhagen) (VACV)	7	False
6606	117256	CHEMBL3988596	Glycylpeptide N-tetradecanoyltransferase	SINGLE PROTEIN	Trypanosoma brucei brucei (strain 927/4 GUTat10.1)	392	False
6607	117258	CHEMBL3988598	Dihydroorotate dehydrogenase (quinone), mitochondrial	SINGLE PROTEIN	Plasmodium berghei (strain Anka)	5	False
6608	117259	CHEMBL3988599	Taste receptor type 2 member 8	SINGLE PROTEIN	Homo sapiens	307	False
6609	117260	CHEMBL3988600	A disintegrin-like and metallopeptidase (Reprolysin type) with thrombospondin type 1 motif, 5 (Aggrecanase-2)	SINGLE PROTEIN	Rattus norvegicus	5	False
6610	117262	CHEMBL3988602	Dihydroorotate dehydrogenase, mitochondrial, putative	SINGLE PROTEIN	Plasmodium vivax (strain Salvador I)	5	False
6611	117263	CHEMBL3988603	Genome polyprotein	SINGLE PROTEIN	Hepatitis C virus genotype 1b (isolate Japanese) (HCV)	337	False
6612	117266	CHEMBL3988606	Transitional endoplasmic reticulum ATPase	SINGLE PROTEIN	Mus musculus	52	False
6613	117267	CHEMBL3988607	Plasmepsin 4	SINGLE PROTEIN	Plasmodium falciparum	85	False
6614	117269	CHEMBL3988609	Prokineticin receptor 1	SINGLE PROTEIN	Cricetulus griseus	190	False
6615	117271	CHEMBL3988611	Cystic fibrosis transmembrane conductance regulator	SINGLE PROTEIN	Cricetulus griseus	32	False
6616	117277	CHEMBL3988623	Thyrotropin releasing hormone degrading enzyme	SINGLE PROTEIN	Sus scrofa	11	False
6617	117280	CHEMBL3988626	Alpha-1B adrenergic receptor	SINGLE PROTEIN	Cricetulus griseus	5	False
6618	117281	CHEMBL3988627	Aggrecanase	PROTEIN FAMILY	Sus scrofa	25	False
6619	117283	CHEMBL3988629	Casein kinase 2	PROTEIN COMPLEX	Rattus norvegicus	20	False
6620	117284	CHEMBL3988630	Cytochrome P450 11B	PROTEIN FAMILY	Rattus norvegicus	25	False
6621	117292	CHEMBL3988638	Voltage-dependent L-type calcium channel alpha1C/alpha2delta/beta1b	PROTEIN COMPLEX	Homo sapiens	23	False
6622	117293	CHEMBL3988639	Voltage-dependent N-type calcium channel alpha1B/alpha2b/beta1b	PROTEIN COMPLEX	Rattus norvegicus	6	False
6623	117294	CHEMBL3988640	Voltage-dependent P/Q-type calcium channel alpha1A/alpha2delta/beta1b	PROTEIN COMPLEX	Homo sapiens	6	False
6624	117295	CHEMBL3988641	Voltage-gated sodium channel	PROTEIN FAMILY	Rattus norvegicus	13	False
6625	117296	CHEMBL3989381	Hepcidin	SINGLE PROTEIN	Homo sapiens	13	False
6626	117303	CHEMBL3991501	Isocitrate dehydrogenase [NADP], mitochondrial	SINGLE PROTEIN	Homo sapiens	600	False
6627	117312	CHEMBL4105707	Acyl-CoA dehydrogenase family member 11	SINGLE PROTEIN	Homo sapiens	5	False
6628	117313	CHEMBL4105708	m7GpppX diphosphatase	SINGLE PROTEIN	Mus musculus	9	False
6629	117314	CHEMBL4105709	Recombining binding protein suppressor of hairless	SINGLE PROTEIN	Homo sapiens	28	False
6630	117316	CHEMBL4105711	Opioid receptor, delta 1b	SINGLE PROTEIN	Danio rerio	6	False
6631	117318	CHEMBL4105713	ADP-sugar pyrophosphatase	SINGLE PROTEIN	Homo sapiens	7	False
6632	117322	CHEMBL4105717	Protein M2-1	SINGLE PROTEIN	Human respiratory syncytial virus A (strain A2)	183	False
6633	117329	CHEMBL4105724	Protein arginine N-methyltransferase 9	SINGLE PROTEIN	Homo sapiens	11	False
6634	117333	CHEMBL4105728	Cyclic GMP-AMP synthase	SINGLE PROTEIN	Homo sapiens	272	False
6635	117335	CHEMBL4105730	Glutaminase liver isoform, mitochondrial	SINGLE PROTEIN	Homo sapiens	17	False
6636	117342	CHEMBL4105737	Bromodomain adjacent to zinc finger domain protein 1A	SINGLE PROTEIN	Homo sapiens	11	False
6637	117345	CHEMBL4105740	Choline/ethanolaminephosphotransferase 1	SINGLE PROTEIN	Homo sapiens	43	False
6638	117346	CHEMBL4105741	Methionyl-tRNA synthetase, putative	SINGLE PROTEIN	Leishmania donovani (strain BPK282A1)	24	False
6639	117348	CHEMBL4105743	General transcription and DNA repair factor IIH helicase subunit XPD	SINGLE PROTEIN	Homo sapiens	16	False
6640	117354	CHEMBL4105749	Receptor-type tyrosine-protein phosphatase O	SINGLE PROTEIN	Homo sapiens	7	False
6641	117363	CHEMBL4105758	Butyrophilin subfamily 3 member A1	SINGLE PROTEIN	Homo sapiens	44	False
6642	117369	CHEMBL4105764	G-protein coupled receptor 4	SINGLE PROTEIN	Mus musculus	8	False
6643	117372	CHEMBL4105767	Anoctamin-2	SINGLE PROTEIN	Homo sapiens	10	False
6644	117380	CHEMBL4105775	Meprin A subunit alpha	SINGLE PROTEIN	Homo sapiens	7	False
6645	117383	CHEMBL4105778	Dipeptidyl peptidase 3	SINGLE PROTEIN	Bos mutus	6	False
6646	117389	CHEMBL4105784	Ras-related protein Rab-7a	SINGLE PROTEIN	Homo sapiens	27	False
6647	117390	CHEMBL4105785	Oxysterols receptor LXR-beta	SINGLE PROTEIN	Rattus norvegicus	15	False
6648	117391	CHEMBL4105786	B-cell lymphoma 6 protein	SINGLE PROTEIN	Homo sapiens	376	False
6649	117392	CHEMBL4105787	Diacylglycerol kinase alpha	SINGLE PROTEIN	Homo sapiens	129	False
6650	117396	CHEMBL4105791	G-protein coupled receptor 52	SINGLE PROTEIN	Mus musculus	17	False
6651	117403	CHEMBL4105798	UDP-N-acetylbacillosamine N-acetyltransferase	SINGLE PROTEIN	Campylobacter jejuni subsp. jejuni serotype O:2 (strain ATCC 700819 /NCTC 11168)	37	False
6652	117404	CHEMBL4105799	Short transient receptor potential channel 7	SINGLE PROTEIN	Homo sapiens	6	False
6653	117405	CHEMBL4105800	Guanylate cyclase soluble subunit alpha-1	SINGLE PROTEIN	Rattus norvegicus	6	False
6654	117406	CHEMBL4105801	DNA repair protein complementing XP-A cells	SINGLE PROTEIN	Homo sapiens	24	False
6655	117413	CHEMBL4105808	STE20/SPS1-related proline-alanine-rich protein kinase	SINGLE PROTEIN	Rattus norvegicus	7	False
6656	117414	CHEMBL4105809	COP9 signalosome complex subunit 5	SINGLE PROTEIN	Homo sapiens	17	False
6657	117421	CHEMBL4105816	Acyl-CoA dehydrogenase family member 10	SINGLE PROTEIN	Homo sapiens	8	False
6658	117427	CHEMBL4105822	Glycogen phosphorylase, muscle form	SINGLE PROTEIN	Rattus norvegicus	6	False
6659	117429	CHEMBL4105824	Succinate dehydrogenase [ubiquinone] iron-sulfur subunit, mitochondrial	SINGLE PROTEIN	Homo sapiens	35	False
6660	117431	CHEMBL4105826	Serine/threonine-protein kinase greatwall	SINGLE PROTEIN	Homo sapiens	9	False
6661	117436	CHEMBL4105831	Lysyl oxidase homolog 2	SINGLE PROTEIN	Mus musculus	5	False
6662	117437	CHEMBL4105832	Eukaryotic initiation factor 4A-III	SINGLE PROTEIN	Homo sapiens	41	False
6663	117438	CHEMBL4105833	Signal peptide peptidase-like 2A	SINGLE PROTEIN	Homo sapiens	34	False
6664	117443	CHEMBL4105838	DCN1-like protein 1	SINGLE PROTEIN	Homo sapiens	213	False
6665	117444	CHEMBL4105839	Sialidase A	SINGLE PROTEIN	Streptococcus pneumoniae	12	False
6666	117449	CHEMBL4105844	Leucine--tRNA ligase	SINGLE PROTEIN	Mycobacterium tuberculosis (strain ATCC 25618 / H37Rv)	17	False
6667	117450	CHEMBL4105845	Chitotriosidase-1	SINGLE PROTEIN	Mus musculus	63	False
6668	117453	CHEMBL4105848	STAM-binding protein	SINGLE PROTEIN	Homo sapiens	21	False
6669	117455	CHEMBL4105850	Glutathione-S-transferase	SINGLE PROTEIN	Schistosoma japonicum	6	False
6670	117456	CHEMBL4105851	dTDP-4-dehydrorhamnose 3,5-epimerase	SINGLE PROTEIN	Mycobacterium tuberculosis (strain CDC 1551 / Oshkosh)	8	False
6671	117459	CHEMBL4105854	ADP/ATP translocase 3	SINGLE PROTEIN	Homo sapiens	5	False
6672	117464	CHEMBL4105859	Ephrin type-A receptor 2	SINGLE PROTEIN	Mus musculus	28	False
6673	117465	CHEMBL4105860	Sialic acid-binding Ig-like lectin 9	SINGLE PROTEIN	Homo sapiens	6	False
6674	117466	CHEMBL4105861	NADPH--cytochrome P450 reductase	SINGLE PROTEIN	Mus musculus	9	False
6675	117469	CHEMBL4105864	Sigma intracellular receptor 2	SINGLE PROTEIN	Rattus norvegicus	626	False
6676	117471	CHEMBL4105866	DEP domain-containing mTOR-interacting protein	SINGLE PROTEIN	Homo sapiens	8	False
6677	117475	CHEMBL4105870	Vitamin K epoxide reductase complex subunit 1	SINGLE PROTEIN	Rattus norvegicus	14	False
6678	117477	CHEMBL4105872	Homeobox protein Nkx-2.5	SINGLE PROTEIN	Mus musculus	36	False
6679	117479	CHEMBL4105874	Anoctamin-1	SINGLE PROTEIN	Mus musculus	11	False
6680	117481	CHEMBL4105876	Ubiquitin-conjugating enzyme E2 E1	SINGLE PROTEIN	Homo sapiens	118	False
6681	117484	CHEMBL4105879	Meprin A subunit beta	SINGLE PROTEIN	Homo sapiens	58	False
6682	117488	CHEMBL4105883	Adenosine kinase	SINGLE PROTEIN	Mycobacterium tuberculosis (strain CDC 1551 / Oshkosh)	40	False
6683	117490	CHEMBL4105885	AarF domain-containing protein kinase 1	SINGLE PROTEIN	Homo sapiens	19	False
6684	117496	CHEMBL4105891	Septin-9	SINGLE PROTEIN	Homo sapiens	5	False
6685	117502	CHEMBL4105897	Opioid receptor homologue	SINGLE PROTEIN	Danio rerio	5	False
6686	117504	CHEMBL4105899	14-3-3 protein zeta/delta	SINGLE PROTEIN	Homo sapiens	7	False
6687	117505	CHEMBL4105900	Glutaminyl-peptide cyclotransferase	SINGLE PROTEIN	Mus musculus	8	False
6688	117506	CHEMBL4105901	Platelet-activating factor acetylhydrolase	SINGLE PROTEIN	Rattus norvegicus	8	False
6689	117507	CHEMBL4105902	Trans-sialidase	SINGLE PROTEIN	Trypanosoma cruzi	10	False
6690	117509	CHEMBL4105904	Galectin-1	SINGLE PROTEIN	Mus musculus	9	True
6691	117510	CHEMBL4105905	4,4'-diapophytoene desaturase (4,4'-diaponeurosporene-forming)	SINGLE PROTEIN	Staphylococcus aureus (strain Mu50 / ATCC 700699)	12	False
6692	117512	CHEMBL4105907	Sigma intracellular receptor 2	SINGLE PROTEIN	Homo sapiens	785	False
6693	117516	CHEMBL4105911	Ubiquitin-conjugating enzyme E2 D3	SINGLE PROTEIN	Homo sapiens	8	False
6694	117520	CHEMBL4105915	SHMT	SINGLE PROTEIN	Plasmodium falciparum	39	False
6695	117529	CHEMBL4105924	ELAV-like protein 3	SINGLE PROTEIN	Homo sapiens	6	False
6696	117533	CHEMBL4105928	RNA-editing ligase 1, mitochondrial	SINGLE PROTEIN	Trypanosoma brucei brucei	6	False
6697	117534	CHEMBL4105929	L-lactate dehydrogenase	SINGLE PROTEIN	Homo sapiens	16	False
6698	117537	CHEMBL4105932	Serine/threonine-protein kinase/endoribonuclease IRE2	SINGLE PROTEIN	Homo sapiens	17	False
6699	117538	CHEMBL4105933	Uncharacterized protein FLJ45252	SINGLE PROTEIN	Homo sapiens	52	False
6700	117544	CHEMBL4105939	Polyketide synthase Pks13	SINGLE PROTEIN	Mycobacterium tuberculosis (strain ATCC 25618 / H37Rv)	387	False
6701	117546	CHEMBL4105941	2-amino-3-carboxymuconate-6-semialdehyde decarboxylase	SINGLE PROTEIN	Homo sapiens	67	False
6702	117547	CHEMBL4105942	Diacylglycerol kinase zeta	SINGLE PROTEIN	Homo sapiens	227	False
6703	117548	CHEMBL4105943	Uridine diphosphate glucose pyrophosphatase NUDT14	SINGLE PROTEIN	Homo sapiens	6	False
6704	117552	CHEMBL4105947	Signal transduction protein TRAP	SINGLE PROTEIN	Staphylococcus aureus (strain Mu50 / ATCC 700699)	17	False
6705	117553	CHEMBL4105948	Signal peptide peptidase-like 2A	SINGLE PROTEIN	Mus musculus	6	False
6706	117555	CHEMBL4105950	G-protein coupled receptor 4	SINGLE PROTEIN	Rattus norvegicus	10	False
6707	117560	CHEMBL4105955	Carbonic anhydrase 1	SINGLE PROTEIN	Equus caballus	11	False
6708	117569	CHEMBL4105964	Metallo-beta-lactamase type 2	SINGLE PROTEIN	Serratia marcescens	7	False
6709	117577	CHEMBL4105972	U5 small nuclear ribonucleoprotein 200 kDa helicase	SINGLE PROTEIN	Homo sapiens	27	False
6710	117582	CHEMBL4105977	Carboxylic ester hydrolase	SINGLE PROTEIN	Sus scrofa	33	False
6711	117586	CHEMBL4105981	Protein mono-ADP-ribosyltransferase PARP16	SINGLE PROTEIN	Homo sapiens	11	False
6712	117594	CHEMBL4105989	Lysyl oxidase homolog 3	SINGLE PROTEIN	Homo sapiens	19	False
6713	117692	CHEMBL4106122	CD40-CD40L	PROTEIN-PROTEIN INTERACTION	Homo sapiens	5	False
6714	117693	CHEMBL4106123	MDM2-MDMX	PROTEIN-PROTEIN INTERACTION	Homo sapiens	19	False
6715	117694	CHEMBL4106124	MLL1-ASH2L/RbBP5/WDR5/DPY30	PROTEIN-PROTEIN INTERACTION	Homo sapiens	33	False
6716	117695	CHEMBL4106125	BCoR-BCL6	PROTEIN-PROTEIN INTERACTION	Homo sapiens	11	False
6717	117697	CHEMBL4106127	c-Myc/c-Max	PROTEIN-PROTEIN INTERACTION	Homo sapiens	5	False
6718	117698	CHEMBL4106128	IL15-IL15 receptor	PROTEIN-PROTEIN INTERACTION	Homo sapiens	27	False
6719	117699	CHEMBL4106129	Keap1-p62	PROTEIN-PROTEIN INTERACTION	Homo sapiens	10	False
6720	117701	CHEMBL4106131	HSP60/HSP10	PROTEIN COMPLEX	Homo sapiens	49	False
6721	117707	CHEMBL4106137	GATA4/NKX2-5	PROTEIN COMPLEX	Mus musculus	111	False
6722	117708	CHEMBL4106138	ATR/ATRIP	PROTEIN COMPLEX	Homo sapiens	716	False
6723	117709	CHEMBL4106139	GroEL/GroES	PROTEIN COMPLEX	Escherichia coli	201	False
6724	117710	CHEMBL4106140	METTL3/METTL14	PROTEIN COMPLEX	Homo sapiens	198	False
6725	117714	CHEMBL4106144	Glycine receptor alpha-3/beta	PROTEIN COMPLEX	Homo sapiens	30	False
6726	117722	CHEMBL4106152	CDK2/Cyclin O	PROTEIN COMPLEX	Homo sapiens	16	False
6727	117723	CHEMBL4106153	CDK2/Bovine cyclin A	PROTEIN COMPLEX	Homo sapiens	25	False
6728	117727	CHEMBL4106157	GABA-A receptor alpha-4/beta-3/delta	PROTEIN COMPLEX	Homo sapiens	12	False
6729	117730	CHEMBL4106160	N-type calcium channel alpha-1b/alpha2delta-1/beta-1b	PROTEIN COMPLEX	Homo sapiens	46	False
6730	117731	CHEMBL4106161	CDK18/Cyclin Y	PROTEIN COMPLEX	Homo sapiens	16	False
6731	117735	CHEMBL4106165	N+/K+ ATPase alpha-4/beta-1	PROTEIN COMPLEX	Rattus norvegicus	21	False
6732	117739	CHEMBL4106169	CDK12/Cyclin K	PROTEIN COMPLEX	Homo sapiens	817	False
6733	117766	CHEMBL4295521	Phosphotyrosine protein phosphatase	SINGLE PROTEIN	Mycobacterium tuberculosis	139	False
6734	117768	CHEMBL4295523	Phosphotyrosine protein phosphatase ptpB	SINGLE PROTEIN	Mycobacterium bovis (strain BCG / Pasteur 1173P2)	6	False
6735	117770	CHEMBL4295525	Genome polyprotein	SINGLE PROTEIN	Enterovirus A71	16	False
6736	117772	CHEMBL4295527	G_PROTEIN_RECEP_F1_2 domain-containing protein	SINGLE PROTEIN	Cavia porcellus	12	False
6737	117780	CHEMBL4295535	Lysophosphatidic acid receptor 5	SINGLE PROTEIN	Rattus norvegicus	7	False
6738	117785	CHEMBL4295540	Beta-lactamase NDM-1	SINGLE PROTEIN	Escherichia coli	5	False
6739	117789	CHEMBL4295544	G_PROTEIN_RECEP_F1_2 domain-containing protein	SINGLE PROTEIN	Macaca mulatta	5	False
6740	117791	CHEMBL4295546	Penicillin-binding protein 1B	SINGLE PROTEIN	Acinetobacter baumannii	6	False
6741	117792	CHEMBL4295547	Protease	SINGLE PROTEIN	Norovirus Hu/GII.4-2002/WeertE022/2002/NL	6	False
6742	117796	CHEMBL4295551	Kappa-type opioid receptor	SINGLE PROTEIN	Macaca mulatta	5	False
6743	117797	CHEMBL4295552	C-C chemokine receptor type 6	SINGLE PROTEIN	Macaca mulatta	6	False
6744	117798	CHEMBL4295553	Nonstructural polyprotein	SINGLE PROTEIN	Norovirus Hu/GI/10360/2010/VNM	5	False
6745	117801	CHEMBL4295556	Peroxidase	SINGLE PROTEIN	Raphanus sativus	20	False
6746	117802	CHEMBL4295557	Replicase polyprotein 1ab	SINGLE PROTEIN	Middle East respiratory syndrome-related coronavirus (isolate UnitedKingdom/H123990006/2012) (Betacoronavirus England 1) (Humancoronavirus EMC)	26	False
6747	117804	CHEMBL4295559	Dipeptidyl peptidase IV	SINGLE PROTEIN	Porphyromonas gingivalis	69	False
6748	117809	CHEMBL4295564	Genome polyprotein	SINGLE PROTEIN	Human rhinovirus 14	16	False
6749	117811	CHEMBL4295566	Leucine--tRNA ligase	SINGLE PROTEIN	Escherichia coli (strain K12)	28	False
6750	117814	CHEMBL4295569	Serine--tRNA ligase	SINGLE PROTEIN	Escherichia coli (strain K12)	8	False
6751	117817	CHEMBL4295572	Tyrosine--tRNA ligase	SINGLE PROTEIN	Escherichia coli (strain K12)	5	False
6752	117824	CHEMBL4295579	Rhomboid protease GluP	SINGLE PROTEIN	Bacillus subtilis (strain 168)	8	False
6753	117829	CHEMBL4295584	Hypoxanthine-guanine phosphoribosyltransferase	SINGLE PROTEIN	Mycobacterium tuberculosis (strain ATCC 25618 / H37Rv)	8	False
6754	117830	CHEMBL4295585	Serine/threonine-protein kinase PknA	SINGLE PROTEIN	Mycobacterium tuberculosis (strain ATCC 25618 / H37Rv)	12	False
6755	117831	CHEMBL4295586	Inosine-5'-monophosphate dehydrogenase	SINGLE PROTEIN	Mycobacterium tuberculosis (strain ATCC 25618 / H37Rv)	5	False
6756	117834	CHEMBL4295589	Histidine protein kinase DivJ	SINGLE PROTEIN	Caulobacter vibrioides (strain ATCC 19089 / CB15) (Caulobactercrescentus)	15	False
6757	117835	CHEMBL4295590	Chitooligosaccharidolytic beta-N-acetylglucosaminidase	SINGLE PROTEIN	Ostrinia furnacalis	6	False
6758	117837	CHEMBL4295592	Neuraminidase	SINGLE PROTEIN	Influenza A virus (strain A/Duck/Ukraine/1/1963 H3N8)	13	False
6759	117839	CHEMBL4295594	Alternative oxidase, mitochondrial	SINGLE PROTEIN	Trypanosoma brucei brucei	43	False
6760	117840	CHEMBL4295595	Leucine--tRNA ligase	SINGLE PROTEIN	Staphylococcus aureus (strain NCTC 8325)	10	False
6761	117843	CHEMBL4295598	Amyloid beta-binding alcohol dehydrogenase	SINGLE PROTEIN	Homo sapiens	27	False
6762	117850	CHEMBL4295605	Inosine-5'-monophosphate dehydrogenase	SINGLE PROTEIN	Cryptococcus neoformans var. neoformans serotype D (strain JEC21 /ATCC MYA-565) (Filobasidiella neoformans)	16	False
6763	117851	CHEMBL4295606	Genome polyprotein	SINGLE PROTEIN	Enterovirus A71	17	False
6764	117852	CHEMBL4295607	Acetylcholinesterase	SINGLE PROTEIN	Aedes aegypti	12	False
6765	117857	CHEMBL4295612	Neuraminidase	SINGLE PROTEIN	Influenza A virus (strain A/Budgerigar/Hokkaido/1/1977 H4N6)	11	False
6766	117863	CHEMBL4295618	Enoyl-(Acyl-carrier-protein) reductase II	SINGLE PROTEIN	Streptococcus agalactiae serotype V (strain ATCC BAA-611 / 2603 V/R)	9	False
6767	117864	CHEMBL4295619	1-deoxy-D-xylulose 5-phosphate reductoisomerase, apicoplastic	SINGLE PROTEIN	Plasmodium falciparum (isolate 3D7)	32	False
6768	117866	CHEMBL4295621	Pantothenate kinase, putative	SINGLE PROTEIN	Plasmodium falciparum (isolate 3D7)	5	False
6769	117867	CHEMBL4295622	Polyprotein P1234	SINGLE PROTEIN	Chikungunya virus (strain S27-African prototype) (CHIKV)	69	False
6770	117868	CHEMBL4295623	Exoenzyme S	SINGLE PROTEIN	Pseudomonas aeruginosa	8	False
6771	117869	CHEMBL4295624	Replicase polyprotein 1ab	SINGLE PROTEIN	Feline coronavirus (strain FIPV WSU-79/1146) (FCoV)	12	False
6772	117871	CHEMBL4295626	Anthranilate--CoA ligase	SINGLE PROTEIN	Pseudomonas aeruginosa (strain ATCC 15692 / DSM 22644 / CIP 104116 /JCM 14847 / LMG 12228 / 1C / PRS 101 / PAO1)	5	False
6773	117872	CHEMBL4295627	Cell cycle histidine kinase CckA	SINGLE PROTEIN	Caulobacter vibrioides	5	False
6774	117874	CHEMBL4295629	Nonstructural protein 5	SINGLE PROTEIN	Dengue virus	54	False
6775	117876	CHEMBL4295631	Thiamine transporter ThiT	SINGLE PROTEIN	Lactococcus lactis subsp. cremoris (strain MG1363)	15	False
6776	117890	CHEMBL4295645	AH receptor-interacting protein	SINGLE PROTEIN	Homo sapiens	5	False
6777	117891	CHEMBL4295646	Mannan-binding lectin serine protease 2	SINGLE PROTEIN	Homo sapiens	426	True
6778	117907	CHEMBL4295662	mRNA cap guanine-N7 methyltransferase	SINGLE PROTEIN	Homo sapiens	19	False
6779	117909	CHEMBL4295664	Tolloid-like protein 1	SINGLE PROTEIN	Homo sapiens	392	False
6780	117910	CHEMBL4295665	Long-chain-fatty-acid--AMP ligase FadD32	SINGLE PROTEIN	Mycobacterium tuberculosis (strain ATCC 25618 / H37Rv)	26	False
6781	117930	CHEMBL4295685	Sodium-dependent phosphate transport protein 2B	SINGLE PROTEIN	Homo sapiens	76	False
6782	117940	CHEMBL4295695	Metallo-beta-lactamase type 2	SINGLE PROTEIN	Bacillus cereus	33	False
6783	117948	CHEMBL4295703	Myosin-2 heavy chain	SINGLE PROTEIN	Dictyostelium discoideum	7	False
6784	117959	CHEMBL4295714	Solute carrier family 2, facilitated glucose transporter member 2	SINGLE PROTEIN	Rattus norvegicus	5	False
6785	117975	CHEMBL4295730	Receptor-type tyrosine-protein phosphatase zeta	SINGLE PROTEIN	Homo sapiens	5	False
6786	117981	CHEMBL4295736	Peptidyl-prolyl cis-trans isomerase FKBP1A	SINGLE PROTEIN	Mus musculus	9	False
6787	117983	CHEMBL4295738	Gap junction beta-2 protein	SINGLE PROTEIN	Homo sapiens	19	False
6788	117990	CHEMBL4295745	Cystathionine gamma-lyase	SINGLE PROTEIN	Homo sapiens	47	False
6789	117991	CHEMBL4295746	Long-chain-fatty-acid--CoA ligase 1	SINGLE PROTEIN	Homo sapiens	24	False
6790	117992	CHEMBL4295747	Serine hydroxymethyltransferase, mitochondrial	SINGLE PROTEIN	Homo sapiens	261	False
6791	117994	CHEMBL4295749	Polycomb complex protein BMI-1	SINGLE PROTEIN	Homo sapiens	25	False
6792	117999	CHEMBL4295754	Phospholipid hydroperoxide glutathione peroxidase GPX4	SINGLE PROTEIN	Homo sapiens	104	False
6793	118002	CHEMBL4295757	Stress-70 protein, mitochondrial	SINGLE PROTEIN	Homo sapiens	27	False
6794	118006	CHEMBL4295761	Protein AF-9	SINGLE PROTEIN	Homo sapiens	53	False
6795	118046	CHEMBL4295801	Protein ENL	SINGLE PROTEIN	Homo sapiens	131	False
6796	118073	CHEMBL4295828	Transcriptional enhancer factor TEF-3	SINGLE PROTEIN	Homo sapiens	75	False
6797	118080	CHEMBL4295835	Thiosulfate sulfurtransferase	SINGLE PROTEIN	Homo sapiens	17	False
6798	118081	CHEMBL4295836	T-type calcium channel alpha 1G subunit	SINGLE PROTEIN	Mus musculus	5	False
6799	118085	CHEMBL4295840	Neuraminidase	SINGLE PROTEIN	Influenza B virus	6	False
6800	118086	CHEMBL4295841	NLR family CARD domain-containing protein 4	SINGLE PROTEIN	Mus musculus	11	False
6801	118107	CHEMBL4295862	Cathepsin L	SINGLE PROTEIN	Toxoplasma gondii	25	False
6802	118113	CHEMBL4295868	Testis-specific serine/threonine-protein kinase 4	SINGLE PROTEIN	Homo sapiens	5	False
6803	118121	CHEMBL4295876	Falcilysin	SINGLE PROTEIN	Plasmodium falciparum (isolate 3D7)	28	False
6804	118131	CHEMBL4295886	Synaptic vesicular amine transporter	SINGLE PROTEIN	Mus musculus	11	False
6805	118133	CHEMBL4295888	Calcium/calmodulin-dependent protein kinase kinase 2	SINGLE PROTEIN	Mus musculus	31	False
6806	118142	CHEMBL4295897	Protein lin-28 homolog A	SINGLE PROTEIN	Mus musculus	5	False
6807	118155	CHEMBL4295910	Kallikrein-7	SINGLE PROTEIN	Mus musculus	16	False
6808	118156	CHEMBL4295911	Interferon-inducible protein AIM2	SINGLE PROTEIN	Mus musculus	11	False
6809	118160	CHEMBL4295915	C-C motif chemokine 17	SINGLE PROTEIN	Homo sapiens	6	False
6810	118164	CHEMBL4295919	LgtC	SINGLE PROTEIN	Neisseria meningitidis	11	False
6811	118171	CHEMBL4295926	Lysyl oxidase homolog 4	SINGLE PROTEIN	Homo sapiens	5	False
6812	118195	CHEMBL4295950	Arsenite methyltransferase	SINGLE PROTEIN	Homo sapiens	8	False
6813	118216	CHEMBL4295971	Short transient receptor potential channel 4	SINGLE PROTEIN	Homo sapiens	8	False
6814	118218	CHEMBL4295973	DNA repair protein REV1	SINGLE PROTEIN	Homo sapiens	22	False
6815	118220	CHEMBL4295975	Ubiquitin carboxyl-terminal hydrolase 25	SINGLE PROTEIN	Homo sapiens	187	False
6816	118228	CHEMBL4295983	MAPK/MAK/MRK overlapping kinase	SINGLE PROTEIN	Homo sapiens	38	False
6817	118230	CHEMBL4295985	2-Hydroxyacid oxidase 1	SINGLE PROTEIN	Mus musculus	36	False
6818	118237	CHEMBL4295992	YTH domain-containing family protein 2	SINGLE PROTEIN	Homo sapiens	14	False
6819	118240	CHEMBL4295995	Tolloid-like protein 2	SINGLE PROTEIN	Homo sapiens	388	False
6820	118243	CHEMBL4295998	Mitotic checkpoint serine/threonine-protein kinase BUB1 beta	SINGLE PROTEIN	Homo sapiens	5	False
6821	118246	CHEMBL4296001	Protein disulfide-isomerase A3	SINGLE PROTEIN	Homo sapiens	6	False
6822	118247	CHEMBL4296002	Pyrroline-5-carboxylate reductase 1, mitochondrial	SINGLE PROTEIN	Homo sapiens	5	False
6823	118257	CHEMBL4296012	Telomeric repeat-binding factor 2	SINGLE PROTEIN	Homo sapiens	7	False
6824	118283	CHEMBL4296052	Gamma-aminobutyric acid receptor subunit alpha-6/beta-3	PROTEIN COMPLEX	Rattus norvegicus	6	False
6825	118284	CHEMBL4296053	Gamma-aminobutyric acid receptor subunit alpha-6/beta-3/delta	PROTEIN COMPLEX	Rattus norvegicus	7	False
6826	118285	CHEMBL4296054	Gamma-aminobutyric acid receptor subunit alpha-6/beta-3/gamma-2	PROTEIN COMPLEX	Rattus norvegicus	19	False
6827	118291	CHEMBL4296060	Gamma-aminobutyric acid receptor subunit alpha-1/beta-3	PROTEIN COMPLEX	Rattus norvegicus	12	False
6828	118293	CHEMBL4296062	Gamma-aminobutyric acid receptor subunit alpha-1/beta-3/gamma-2	PROTEIN COMPLEX	Rattus norvegicus	7	False
6829	118296	CHEMBL4296065	Cyclin-dependent kinase 1/ G1/S-specific cyclin-D3	PROTEIN COMPLEX	Homo sapiens	43	False
6830	118298	CHEMBL4296067	Cyclin-dependent kinase 13/Cyclin-K	PROTEIN COMPLEX	Homo sapiens	46	False
6831	118304	CHEMBL4296073	Lysine-specific demethylase 5A/5B	PROTEIN FAMILY	Homo sapiens	72	False
6832	118309	CHEMBL4296078	Transforming growth factor beta-1 proprotein/Mothers against decapentaplegic homolog 3	PROTEIN-PROTEIN INTERACTION	Mus musculus	9	False
6833	118310	CHEMBL4296079	Tumor necrosis factor ligand superfamily member 11/11A	PROTEIN-PROTEIN INTERACTION	Mus musculus	30	False
6834	118312	CHEMBL4296081	Heat shock protein HSP 90-beta/Hsp90 co-chaperone Cdc37	PROTEIN COMPLEX	Homo sapiens	31	False
6835	118313	CHEMBL4296082	Toll-like receptor 4/Ly96	PROTEIN COMPLEX	Mus musculus	6	False
6836	118314	CHEMBL4296083	Short transient receptor potential channel 1 & 3/Stromal interaction molecule 1/Calcium release-activated calcium channel protein 1	PROTEIN COMPLEX	Homo sapiens	31	False
6837	118316	CHEMBL4296085	Stromal interaction molecule 1 & 2/Calcium release-activated calcium channel protein 1	PROTEIN COMPLEX	Mus musculus	79	False
6838	118327	CHEMBL4296096	D(2) dopamine receptor/Metabotropic glutamate receptor 5	PROTEIN COMPLEX	Homo sapiens	7	False
6839	118333	CHEMBL4296102	Cereblon/Casein kinase I alpha	PROTEIN COMPLEX	Homo sapiens	36	False
6840	118334	CHEMBL4296103	Cereblon/Ikaros	PROTEIN COMPLEX	Homo sapiens	15	False
6841	118341	CHEMBL4296110	GRIA1/CACNG8	PROTEIN COMPLEX	Homo sapiens	20	False
6842	118342	CHEMBL4296111	GRIA1/CACNG2	PROTEIN COMPLEX	Homo sapiens	17	False
6843	118346	CHEMBL4296115	Cyclin-dependent kinase 14/Cyclin-Y	PROTEIN COMPLEX	Homo sapiens	77	False
6844	118347	CHEMBL4296116	CRY2/PER2	PROTEIN COMPLEX	Homo sapiens	54	False
6845	118360	CHEMBL4296129	Protein cereblon/Histone deacetylase 6	PROTEIN-PROTEIN INTERACTION	Homo sapiens	28	False
6846	118368	CHEMBL4296137	Protein cereblon/BCR/ABL	PROTEIN-PROTEIN INTERACTION	Homo sapiens	22	False
6847	118369	CHEMBL4296138	Protein cereblon/Bromodomain-containing protein 4	PROTEIN-PROTEIN INTERACTION	Homo sapiens	56	False
6848	118371	CHEMBL4296140	von Hippel-Lindau disease tumor suppressor/Bromodomain-containing protein 4	PROTEIN-PROTEIN INTERACTION	Homo sapiens	25	False
6849	118373	CHEMBL4296142	von Hippel-Lindau disease tumor suppressor/Steroid hormone receptor ERR1	PROTEIN-PROTEIN INTERACTION	Homo sapiens	10	False
6850	118376	CHEMBL4296145	Protein cereblon/DNA damage-binding protein 1/Bromodomain-containing protein 4	PROTEIN-PROTEIN INTERACTION	Homo sapiens	34	False
6851	118386	CHEMBL4296165	Protein cereblon/NPM/ALK	PROTEIN-PROTEIN INTERACTION	Homo sapiens	8	False
6852	118387	CHEMBL4296166	Protein cereblon/EML4/ALK	PROTEIN-PROTEIN INTERACTION	Homo sapiens	23	False
6853	118388	CHEMBL4296167	Protein cereblon/Aiolos	PROTEIN-PROTEIN INTERACTION	Homo sapiens	54	False
6854	118389	CHEMBL4296168	Protein cereblon/GSPT1	PROTEIN-PROTEIN INTERACTION	Homo sapiens	36	False
6855	118391	CHEMBL4296170	Envelope phospholipase OPG057	SINGLE PROTEIN	Vaccinia virus (strain Western Reserve) (VACV) (Vaccinia virus (strainWR))	14	False
6856	118395	CHEMBL4296242	Connector enhancer of kinase suppressor of ras 1	SINGLE PROTEIN	Homo sapiens	29	False
6857	118396	CHEMBL4296243	Protein-cysteine N-palmitoyltransferase HHAT	SINGLE PROTEIN	Homo sapiens	33	False
6858	118398	CHEMBL4296245	Eyes absent homolog 3	SINGLE PROTEIN	Homo sapiens	5	False
6859	118399	CHEMBL4296246	Cryptochrome-1	SINGLE PROTEIN	Homo sapiens	5	False
6860	118400	CHEMBL4296247	Cry1/Cry2	PROTEIN FAMILY	Homo sapiens	240	False
6861	118405	CHEMBL4296265	Protein S100-A9	SINGLE PROTEIN	Homo sapiens	50	False
6862	118406	CHEMBL4296266	YEATS domain-containing protein 4	SINGLE PROTEIN	Homo sapiens	14	False
6863	118409	CHEMBL4296282	Rhomboid protease GlpG	SINGLE PROTEIN	Escherichia coli (strain K12)	15	False
6864	118420	CHEMBL4296293	Beta-mannosidase	SINGLE PROTEIN	Bacteroides thetaiotaomicron (strain ATCC 29148 / DSM 2079 / NCTC10582 / E50 / VPI-5482)	6	False
6865	118425	CHEMBL4296298	Genome polyprotein	SINGLE PROTEIN	Hepacivirus C	31	False
6866	118432	CHEMBL4296305	DNA topoisomerase I	SINGLE PROTEIN	Leishmania donovani (strain BPK282A1)	9	False
6867	118439	CHEMBL4296312	HIV-1 protease	SINGLE PROTEIN	Human immunodeficiency virus	34	False
6868	118440	CHEMBL4296313	NS3 protease	SINGLE PROTEIN	Hepacivirus C	25	False
6869	118447	CHEMBL4296320	RNA-directed RNA polymerase	SINGLE PROTEIN	Hepacivirus hominis	1155	True
6870	118452	CHEMBL4296325	NS3 protease	SINGLE PROTEIN	Hepatitis C virus subtype 1b	47	False
6871	118453	CHEMBL4296326	Anthrax toxin receptor 2	SINGLE PROTEIN	Homo sapiens	5	False
6872	118454	CHEMBL4296327	Protease	SINGLE PROTEIN	Human T-cell leukemia virus type I	58	False
6873	118459	CHEMBL4296385	HCC44	CELL-LINE	Homo sapiens	22	False
6874	118460	CHEMBL4296386	HCC515	CELL-LINE	Homo sapiens	10	False
6875	118463	CHEMBL4296389	NCI-H1373	CELL-LINE	Homo sapiens	52	False
6876	118464	CHEMBL4296390	NCI-H1944	CELL-LINE	Homo sapiens	12	False
6877	118465	CHEMBL4296391	NCI-H929	CELL-LINE	Homo sapiens	251	False
6878	118469	CHEMBL4296395	16HBE14o-	CELL-LINE	Homo sapiens	10	False
6879	118470	CHEMBL4296396	184B5	CELL-LINE	Homo sapiens	25	False
6880	118472	CHEMBL4296398	A2780S	CELL-LINE	Homo sapiens	71	False
6881	118473	CHEMBL4296399	ARPE-19	CELL-LINE	Homo sapiens	40	False
6882	118474	CHEMBL4296400	B16-BL6	CELL-LINE	Mus musculus	9	False
6883	118475	CHEMBL4296401	B16-F0	CELL-LINE	Mus musculus	44	False
6884	118476	CHEMBL4296402	B16-F1	CELL-LINE	Mus musculus	6	False
6885	118477	CHEMBL4296403	BEAS-2B	CELL-LINE	Homo sapiens	125	False
6886	118479	CHEMBL4296405	CCD-18Co	CELL-LINE	Homo sapiens	271	False
6887	118480	CHEMBL4296406	CCD-841CoN	CELL-LINE	Homo sapiens	10	False
6888	118483	CHEMBL4296409	CNE-2	CELL-LINE	Homo sapiens	110	False
6889	118484	CHEMBL4296410	EA.hy 926	CELL-LINE	Homo sapiens	147	False
6890	118485	CHEMBL4296411	EBC-1	CELL-LINE	Homo sapiens	103	False
6891	118486	CHEMBL4296412	EC9706	CELL-LINE	Homo sapiens	39	False
6892	118487	CHEMBL4296413	EJM	CELL-LINE	Homo sapiens	12	False
6893	118488	CHEMBL4296414	FL5.12	CELL-LINE	Mus musculus	50	False
6894	118489	CHEMBL4296415	GES1	CELL-LINE	Homo sapiens	114	False
6895	118490	CHEMBL4296416	GM15850	CELL-LINE	Homo sapiens	30	False
6896	118491	CHEMBL4296417	GM16216	CELL-LINE	Homo sapiens	13	False
6897	118492	CHEMBL4296418	H1-HeLa	CELL-LINE	Homo sapiens	30	False
6898	118493	CHEMBL4296419	HCC-1.2	CELL-LINE	Homo sapiens	8	False
6899	118495	CHEMBL4296421	HCC78	CELL-LINE	Homo sapiens	155	False
6900	118496	CHEMBL4296422	HCC827	CELL-LINE	Homo sapiens	723	False
6901	118498	CHEMBL4296424	HEC-1-A	CELL-LINE	Homo sapiens	19	False
6902	118499	CHEMBL4296425	HEL 92.1.7	CELL-LINE	Homo sapiens	37	False
6903	118501	CHEMBL4296427	HFF-1	CELL-LINE	Homo sapiens	29	False
6904	118502	CHEMBL4296428	HK-2	CELL-LINE	Homo sapiens	61	False
6905	118503	CHEMBL4296429	HL-60(TB)	CELL-LINE	Homo sapiens	1633	False
6906	118504	CHEMBL4296430	HL60/ADR	CELL-LINE	Homo sapiens	6	False
6907	118505	CHEMBL4296431	HL60/MX2	CELL-LINE	Homo sapiens	41	False
6908	118506	CHEMBL4296432	HMC1	CELL-LINE	Homo sapiens	7	False
6909	118507	CHEMBL4296433	HMEC-1	CELL-LINE	Homo sapiens	127	False
6910	118509	CHEMBL4296435	HPBALL	CELL-LINE	Homo sapiens	9	False
6911	118510	CHEMBL4296436	HeLa S3	CELL-LINE	Homo sapiens	141	False
6912	118511	CHEMBL4296437	Hep 3B2	CELL-LINE	Homo sapiens	840	False
6913	118512	CHEMBL4296438	HepG2 2.2.15	CELL-LINE	Homo sapiens	60	False
6914	118514	CHEMBL4296440	IEC-6	CELL-LINE	Rattus norvegicus	58	False
6915	118516	CHEMBL4296442	J774.1	CELL-LINE	Mus musculus	74	False
6916	118517	CHEMBL4296443	JIMT-1	CELL-LINE	Homo sapiens	93	False
6917	118518	CHEMBL4296444	JJN-3	CELL-LINE	Homo sapiens	41	False
6918	118519	CHEMBL4296445	JeKo-1	CELL-LINE	Homo sapiens	200	False
6919	118520	CHEMBL4296446	Jurkat E6.1	CELL-LINE	Homo sapiens	32	False
6920	118521	CHEMBL4296447	K-562R	CELL-LINE	Homo sapiens	38	False
6921	118522	CHEMBL4296448	K562/A02	CELL-LINE	Homo sapiens	108	False
6922	118523	CHEMBL4296449	K562/Adr	CELL-LINE	Homo sapiens	53	False
6923	118524	CHEMBL4296450	K562/VCR	CELL-LINE	Homo sapiens	14	False
6924	118525	CHEMBL4296451	KB-V1	CELL-LINE	Homo sapiens	87	False
6925	118526	CHEMBL4296452	KCL-22	CELL-LINE	Homo sapiens	42	False
6926	118527	CHEMBL4296453	KG-1a	CELL-LINE	Homo sapiens	113	False
6927	118528	CHEMBL4296454	KMS-11	CELL-LINE	Homo sapiens	89	False
6928	118529	CHEMBL4296455	KMS-12-BM	CELL-LINE	Homo sapiens	25	False
6929	118530	CHEMBL4296456	KOPN-8	CELL-LINE	Homo sapiens	45	False
6930	118531	CHEMBL4296457	L02	CELL-LINE	Homo sapiens	1307	False
6931	118532	CHEMBL4296458	LN-18	CELL-LINE	Homo sapiens	21	False
6932	118533	CHEMBL4296459	LN-229	CELL-LINE	Homo sapiens	145	False
6933	118534	CHEMBL4296460	LNCaP C4-2	CELL-LINE	Homo sapiens	35	False
6934	118535	CHEMBL4296461	LNCaP C4-2B	CELL-LINE	Homo sapiens	70	False
6935	118536	CHEMBL4296462	LS180	CELL-LINE	Homo sapiens	50	False
6936	118537	CHEMBL4296463	MC3T3-E1	CELL-LINE	Mus musculus	37	False
6937	118539	CHEMBL4296465	MDA-MB-436	CELL-LINE	Homo sapiens	302	False
6938	118540	CHEMBL4296466	MDCK-II	CELL-LINE	Canis lupus familiaris	62	False
6939	118544	CHEMBL4296470	MHCC97H	CELL-LINE	Homo sapiens	68	False
6940	118545	CHEMBL4296471	MM1.S	CELL-LINE	Homo sapiens	628	False
6941	118546	CHEMBL4296472	MM473	CELL-LINE	Homo sapiens	5	False
6942	118547	CHEMBL4296473	Mahlavu	CELL-LINE	Homo sapiens	80	False
6943	118548	CHEMBL4296474	Melan-a	CELL-LINE	Mus musculus	7	False
6944	118549	CHEMBL4296475	NCI-H3122	CELL-LINE	Homo sapiens	283	False
6945	118550	CHEMBL4296476	NCI-H3255	CELL-LINE	Homo sapiens	42	False
6946	118553	CHEMBL4296479	OCI-AML-3	CELL-LINE	Homo sapiens	81	False
6947	118554	CHEMBL4296480	OCI-Ly1	CELL-LINE	Homo sapiens	26	False
6948	118555	CHEMBL4296481	OV-90	CELL-LINE	Homo sapiens	14	False
6949	118558	CHEMBL4296484	PC-3M	CELL-LINE	Homo sapiens	107	False
6950	118560	CHEMBL4296486	PK9	CELL-LINE	Homo sapiens	6	False
6951	118561	CHEMBL4296487	PWR-1E	CELL-LINE	Homo sapiens	44	False
6952	118562	CHEMBL4296488	PaTu 8988t	CELL-LINE	Homo sapiens	24	False
6953	118563	CHEMBL4296489	Pfeiffer	CELL-LINE	Homo sapiens	198	False
6954	118564	CHEMBL4296490	QGY-7703	CELL-LINE	Homo sapiens	110	False
6955	118566	CHEMBL4296492	RWPE-1	CELL-LINE	Homo sapiens	41	False
6956	118567	CHEMBL4296493	SEM	CELL-LINE	Homo sapiens	146	False
6957	118568	CHEMBL4296494	SK-N-BE(2)-M17	CELL-LINE	Homo sapiens	7	False
6958	118570	CHEMBL4296496	SU-DHL-6	CELL-LINE	Homo sapiens	229	False
6959	118571	CHEMBL4296497	SUM149PT	CELL-LINE	Homo sapiens	42	False
6960	118572	CHEMBL4296498	SUP-B15	CELL-LINE	Homo sapiens	27	False
6961	118573	CHEMBL4296499	TC-32	CELL-LINE	Homo sapiens	11	False
6962	118574	CHEMBL4296500	THLE-2	CELL-LINE	Homo sapiens	82	False
6963	118576	CHEMBL4296502	TK6	CELL-LINE	Homo sapiens	24	False
6964	118577	CHEMBL4296503	TMD8	CELL-LINE	Homo sapiens	176	False
6965	118579	CHEMBL4296505	Toledo	CELL-LINE	Homo sapiens	79	False
6966	118580	CHEMBL4296506	U138-MG	CELL-LINE	Homo sapiens	6	False
6967	118581	CHEMBL4296507	U2932	CELL-LINE	Homo sapiens	74	False
6968	118582	CHEMBL4296508	VCaP	CELL-LINE	Homo sapiens	238	False
6969	118583	CHEMBL4296509	Vero 76	CELL-LINE	Chlorocebus sabaeus	8	False
6970	118584	CHEMBL4296510	WM 266-4	CELL-LINE	Homo sapiens	48	False
6971	118586	CHEMBL4296512	hTERT-BJ	CELL-LINE	Homo sapiens	31	False
6972	118589	CHEMBL4296515	Bone marrow cell	CELL-LINE		52	False
6973	118590	CHEMBL4296516	Calvarial osteoblast	CELL-LINE		50	False
6974	118591	CHEMBL4296517	Cardiac muscle cell	CELL-LINE		46	False
6975	118592	CHEMBL4296518	Erythrocyte	CELL-LINE		229	False
6976	118593	CHEMBL4296519	Platelet	CELL-LINE		719	False
6977	118594	CHEMBL4296520	Medulloblastoma cell	CELL-LINE		26	False
6978	118595	CHEMBL4296521	Microglia	CELL-LINE		7	False
6979	118596	CHEMBL4296522	VSMC	CELL-LINE		13	False
6980	118598	CHEMBL4296524	BMMC	CELL-LINE		118	False
6981	118599	CHEMBL4296525	BMDM	CELL-LINE		224	False
6982	118600	CHEMBL4296526	BMDC	CELL-LINE		107	False
6983	118602	CHEMBL4296528	Artery	TISSUE	Rattus norvegicus	9	False
6984	118604	CHEMBL4296530	Bone	TISSUE	Bos taurus	24	False
6985	118607	CHEMBL4296533	Mesenteric artery	TISSUE	Rattus norvegicus	11	False
6986	118609	CHEMBL4296535	Smooth muscle of trachea	TISSUE	Cavia porcellus	12	False
6987	118611	CHEMBL4296537	Spiral organ of cochlea	TISSUE	Mus musculus	8	False
6988	118612	CHEMBL4296538	Thoracic aorta	TISSUE	Mus musculus	11	False
6989	118613	CHEMBL4296539	Thoracic aorta	TISSUE	Oryctolagus cuniculus	13	False
6990	118615	CHEMBL4296541	Trachea	TISSUE	Cavia porcellus	90	False
6991	118616	CHEMBL4296542	Trachea	TISSUE	Rattus norvegicus	33	False
6992	118618	CHEMBL4296544	Uterus	TISSUE	Rattus norvegicus	28	False
6993	118625	CHEMBL4296551	Anopheles gambiae	ORGANISM	Anopheles gambiae	23	False
6994	118628	CHEMBL4296554	Aspergillus brasiliensis	ORGANISM	Aspergillus brasiliensis	6	False
6995	118637	CHEMBL4296563	Chikungunya virus	ORGANISM	Chikungunya virus	400	False
6996	118645	CHEMBL4296571	Flavobacterium columnare	ORGANISM	Flavobacterium columnare	14	False
6997	118651	CHEMBL4296577	Marburgvirus	ORGANISM	Marburgvirus	93	False
6998	118652	CHEMBL4296578	Middle East respiratory syndrome-related coronavirus	ORGANISM	Middle East respiratory syndrome-related coronavirus	124	False
6999	118658	CHEMBL4296584	Norovirus	ORGANISM	Norovirus	168	False
7000	118663	CHEMBL4296589	Paramphistomum	ORGANISM	Paramphistomum	10	False
7001	118664	CHEMBL4296590	Penicillium cyclopium	ORGANISM	Penicillium cyclopium	12	False
7002	118665	CHEMBL4296591	Phytophthora litchii	ORGANISM	Phytophthora litchii	7	False
7003	118668	CHEMBL4296594	Pseudoalteromonas lipolytica	ORGANISM	Pseudoalteromonas lipolytica	37	False
7004	118669	CHEMBL4296595	Pseudoalteromonas ulvae	ORGANISM	Pseudoalteromonas ulvae	36	False
7005	118672	CHEMBL4296598	Schistosoma haematobium	ORGANISM	Schistosoma haematobium	28	False
7006	118678	CHEMBL4296604	Tick-borne encephalitis virus	ORGANISM	Tick-borne encephalitis virus	61	False
7007	118681	CHEMBL4296607	Trypanosoma congolense	ORGANISM	Trypanosoma congolense	90	False
7008	118686	CHEMBL4296612	Zika virus	ORGANISM	Zika virus	491	False
7009	118692	CHEMBL4296661	mTORC1	PROTEIN COMPLEX	Homo sapiens	178	False
7010	118695	CHEMBL4296761	Bifunctional dihydrofolate reductase-thymidylate synthase	SINGLE PROTEIN	Cryptosporidium hominis	7	False
7011	118698	CHEMBL4303835	SARS-CoV-2	ORGANISM	Severe acute respiratory syndrome coronavirus 2	1529	False
7012	118699	CHEMBL4303836	SARS-CoV	ORGANISM	Severe acute respiratory syndrome-related coronavirus	119	False
7013	118701	CHEMBL4303840	Vero C1008	CELL-LINE	Chlorocebus sabaeus	187	False
7014	118702	CHEMBL4434621	Ebolavirus	ORGANISM	Ebolavirus	399	True
7015	118709	CHEMBL4483222	518A2	CELL-LINE	Homo sapiens	176	False
7016	118710	CHEMBL4483223	661W	CELL-LINE	Mus musculus	6	False
7017	118711	CHEMBL4483224	A2780/Taxol	CELL-LINE	Homo sapiens	94	False
7018	118712	CHEMBL4483225	A549/CDDP	CELL-LINE	Homo sapiens	28	False
7019	118713	CHEMBL4483226	A549/TR	CELL-LINE	Homo sapiens	92	False
7020	118716	CHEMBL4483229	BE(2)-C	CELL-LINE	Homo sapiens	145	False
7021	118717	CHEMBL4483230	Bel7402/5-FU	CELL-LINE	Homo sapiens	70	False
7022	118719	CHEMBL4483232	CL1-0	CELL-LINE	Homo sapiens	6	False
7023	118722	CHEMBL4483235	G55T2	CELL-LINE	Homo sapiens	11	False
7024	118723	CHEMBL4483236	Farage	CELL-LINE	Homo sapiens	6	False
7025	118724	CHEMBL4483237	GIST430	CELL-LINE	Homo sapiens	5	False
7026	118725	CHEMBL4483238	GISTT1	CELL-LINE	Homo sapiens	60	False
7027	118726	CHEMBL4483239	GL261	CELL-LINE	Mus musculus	9	False
7028	118727	CHEMBL4483240	Granta-519	CELL-LINE	Homo sapiens	40	False
7029	118729	CHEMBL4483242	HBZY-1	CELL-LINE	Rattus norvegicus	33	False
7030	118733	CHEMBL4483246	HeLa 229	CELL-LINE	Homo sapiens	42	False
7031	118734	CHEMBL4483247	Huh7.5.1	CELL-LINE	Homo sapiens	25	False
7032	118735	CHEMBL4483248	INS1(832/13)	CELL-LINE	Rattus norvegicus	37	False
7033	118736	CHEMBL4483249	K562-IMA[r]	CELL-LINE	Homo sapiens	7	False
7034	118737	CHEMBL4483250	KBM5	CELL-LINE	Homo sapiens	16	False
7035	118738	CHEMBL4483251	KM3/BTZ	CELL-LINE	Homo sapiens	17	False
7036	118739	CHEMBL4483252	KOPTK1	CELL-LINE	Homo sapiens	16	False
7037	118740	CHEMBL4483253	LAD2	CELL-LINE	Homo sapiens	46	False
7038	118741	CHEMBL4483254	M-HeLa	CELL-LINE	Homo sapiens	14	False
7039	118744	CHEMBL4483257	MEC1	CELL-LINE	Homo sapiens	14	False
7040	118745	CHEMBL4483258	MIN6	CELL-LINE	Mus musculus	20	False
7041	118746	CHEMBL4483259	MR49F	CELL-LINE	Homo sapiens	8	False
7042	118747	CHEMBL4483260	Maver1	CELL-LINE	Homo sapiens	52	False
7043	118748	CHEMBL4483261	NCI-H2286	CELL-LINE	Homo sapiens	10	False
7044	118749	CHEMBL4483262	OCI-LY19	CELL-LINE	Homo sapiens	32	False
7045	118751	CHEMBL4483264	NCM460	CELL-LINE	Homo sapiens	86	False
7046	118752	CHEMBL4483265	RCC4/VHL	CELL-LINE	Homo sapiens	6	False
7047	118753	CHEMBL4483266	Rec1	CELL-LINE	Homo sapiens	71	False
7048	118754	CHEMBL4483267	SK-MEL-103	CELL-LINE	Homo sapiens	9	False
7049	118755	CHEMBL4483268	SU-DHL10	CELL-LINE	Homo sapiens	78	False
7050	118756	CHEMBL4483269	SUM-159-PT	CELL-LINE	Homo sapiens	52	False
7051	118757	CHEMBL4483270	SUNE1	CELL-LINE	Homo sapiens	55	False
7052	118759	CHEMBL4483272	TM3	CELL-LINE	Mus musculus	45	False
7053	118763	CHEMBL4483276	Z-138	CELL-LINE	Homo sapiens	205	False
7054	118766	CHEMBL4483279	RCC4	CELL-LINE	Homo sapiens	24	False
7055	118767	CHEMBL4483280	TAMH	CELL-LINE	Mus musculus	23	False
7056	118769	CHEMBL4483282	NRK-52E	CELL-LINE	Rattus norvegicus	10	False
7057	118770	CHEMBL4483283	Panc02	CELL-LINE	Mus musculus	39	False
7058	118771	CHEMBL4483284	MDA-MB-435S	CELL-LINE	Homo sapiens	5	False
7059	118772	CHEMBL4483285	OCI-Ly10	CELL-LINE	Homo sapiens	126	False
7060	118774	CHEMBL4483287	B-ALL	CELL-LINE		16	False
7061	118779	CHEMBL4483924	microRNA 122	NUCLEIC-ACID		19	False
7062	118790	CHEMBL4513122	CL97	CELL-LINE	Homo sapiens	7	False
7063	118791	CHEMBL4513123	CT26.WT	CELL-LINE	Mus musculus	14	False
7064	118793	CHEMBL4513125	GIST48	CELL-LINE	Homo sapiens	6	False
7065	118794	CHEMBL4513126	GIST882	CELL-LINE	Homo sapiens	8	False
7066	118795	CHEMBL4513127	Hep293TT	CELL-LINE	Homo sapiens	15	False
7067	118796	CHEMBL4513128	KB/VJ300	CELL-LINE	Homo sapiens	25	False
7068	118797	CHEMBL4513129	HuCC-A1	CELL-LINE	Homo sapiens	22	False
7069	118798	CHEMBL4513130	KYSE-30	CELL-LINE	Homo sapiens	99	False
7070	118799	CHEMBL4513131	PNT1A	CELL-LINE	Homo sapiens	20	False
7071	118801	CHEMBL4513133	UoC-B1	CELL-LINE	Homo sapiens	7	False
7072	118802	CHEMBL4513181	Zaire ebolavirus	ORGANISM	Zaire ebolavirus	81	False
7073	118806	CHEMBL4513185	Burkholderia thailandensis	ORGANISM	Burkholderia thailandensis	7	False
7074	118807	CHEMBL4513186	[Candida] auris	ORGANISM	[Candida] auris	18	False
7075	118813	CHEMBL4513192	Lyssavirus rabies	ORGANISM	Lyssavirus rabies	26	False
7076	118814	CHEMBL4513193	Western equine encephalitis virus	ORGANISM	Western equine encephalitis virus	9	False
7077	118818	CHEMBL4513197	Fonsecaea compacta	ORGANISM	Fonsecaea compacta	31	False
7078	118824	CHEMBL4513203	Litomosoides sigmodontis	ORGANISM	Litomosoides sigmodontis	9	False
7079	118832	CHEMBL4513211	Synechocystis sp. PCC 6803	ORGANISM	Synechocystis sp. PCC 6803	18	False
7080	118836	CHEMBL4513215	Paracoccus sp.	ORGANISM	Paracoccus sp.	41	False
7081	118837	CHEMBL4523071	JC polyomavirus	ORGANISM	JC polyomavirus	5	False
7082	118838	CHEMBL4523072	Junin virus	ORGANISM	Mammarenavirus juninense	88	False
7083	118852	CHEMBL4523102	Cytochrome P450	SINGLE PROTEIN	Mycobacterium tuberculosis	13	False
7084	118855	CHEMBL4523105	PH and SEC7 domain-containing protein 1	SINGLE PROTEIN	Homo sapiens	113	False
7085	118860	CHEMBL4523110	Glutaminase kidney isoform, mitochondrial	SINGLE PROTEIN	Mus musculus	13	True
7086	118868	CHEMBL4523118	Dynamin-1-like protein	SINGLE PROTEIN	Homo sapiens	47	False
7087	118874	CHEMBL4523124	tRNA (cytosine(38)-C(5))-methyltransferase	SINGLE PROTEIN	Homo sapiens	26	False
7088	118876	CHEMBL4523126	Calpain-9	SINGLE PROTEIN	Homo sapiens	9	False
7089	118879	CHEMBL4523129	Synaptojanin-2	SINGLE PROTEIN	Homo sapiens	24	False
7090	118881	CHEMBL4523131	Hematopoietic prostaglandin D synthase	SINGLE PROTEIN	Rattus norvegicus	64	False
7091	118888	CHEMBL4523138	Pendrin	SINGLE PROTEIN	Homo sapiens	16	False
7092	118891	CHEMBL4523141	Carboxylesterase/lipase Culp6	SINGLE PROTEIN	Mycobacterium tuberculosis (strain ATCC 25618 / H37Rv)	16	False
7093	118894	CHEMBL4523144	Sarcoplasmic/endoplasmic reticulum calcium ATPase 2	SINGLE PROTEIN	Mus musculus	6	False
7094	118902	CHEMBL4523152	Peroxisomal membrane protein PEX14	SINGLE PROTEIN	Homo sapiens	8	False
7095	118906	CHEMBL4523156	Ubiquitin carboxyl-terminal hydrolase 19	SINGLE PROTEIN	Homo sapiens	583	False
7096	118913	CHEMBL4523163	Large T antigen	SINGLE PROTEIN	JC polyomavirus	13	False
7097	118915	CHEMBL4523165	N-myc proto-oncogene protein	SINGLE PROTEIN	Homo sapiens	12	False
7098	118917	CHEMBL4523167	Formamidopyrimidine-DNA glycosylase	SINGLE PROTEIN	Escherichia coli (strain K12)	10	False
7099	118941	CHEMBL4523191	Interleukin-1 receptor antagonist protein	SINGLE PROTEIN	Homo sapiens	58	False
7100	118946	CHEMBL4523196	Tryptase beta-2	SINGLE PROTEIN	Homo sapiens	9	False
7101	118947	CHEMBL4523197	B-cell lymphoma 3 protein	SINGLE PROTEIN	Homo sapiens	8	False
7102	118948	CHEMBL4523198	Interleukin-5 receptor subunit alpha	SINGLE PROTEIN	Mus musculus	16	False
7103	118951	CHEMBL4523201	Tryptase beta-2	SINGLE PROTEIN	Mus musculus	7	False
7104	118953	CHEMBL4523203	Oxysterol-binding protein 1	SINGLE PROTEIN	Homo sapiens	35	False
7105	118966	CHEMBL4523216	Stress-induced-phosphoprotein 1	SINGLE PROTEIN	Homo sapiens	5	False
7106	118967	CHEMBL4523217	Protein-lysine 6-oxidase	SINGLE PROTEIN	Bos taurus	28	False
7107	118969	CHEMBL4523219	Insulin receptor substrate 1	SINGLE PROTEIN	Homo sapiens	19	False
7108	118971	CHEMBL4523221	Biotin carboxylase	SINGLE PROTEIN	Pseudomonas aeruginosa (strain ATCC 15692 / DSM 22644 / CIP 104116 / JCM14847 / LMG 12228 / 1C / PRS 101 / PAO1)	20	False
7109	118973	CHEMBL4523223	Chloride anion exchanger	SINGLE PROTEIN	Homo sapiens	20	False
7110	118978	CHEMBL4523228	Transcription factor SOX-18	SINGLE PROTEIN	Mus musculus	24	False
7111	118980	CHEMBL4523230	Utrophin	SINGLE PROTEIN	Homo sapiens	62	False
7112	118996	CHEMBL4523246	Neurotrypsin	SINGLE PROTEIN	Homo sapiens	116	False
7113	118998	CHEMBL4523248	Taste receptor type 2 member 38	SINGLE PROTEIN	Homo sapiens	10	False
7114	118999	CHEMBL4523249	Taste receptor type 2 member 39	SINGLE PROTEIN	Homo sapiens	6	False
7115	119003	CHEMBL4523253	Taste receptor type 2 member 46	SINGLE PROTEIN	Homo sapiens	6	False
7116	119014	CHEMBL4523264	Endonuclease III-like protein 1	SINGLE PROTEIN	Homo sapiens	18	False
7117	119019	CHEMBL4523269	Chemerin-like receptor 1	SINGLE PROTEIN	Mus musculus	6	False
7118	119021	CHEMBL4523271	Adenosine kinase	SINGLE PROTEIN	Mycobacterium tuberculosis (strain ATCC 25618 / H37Rv)	17	False
7119	119026	CHEMBL4523276	Fibroblast growth factor receptor 1	SINGLE PROTEIN	Rattus norvegicus	9	False
7120	119028	CHEMBL4523278	Nuclear receptor subfamily 4 group A member 2	SINGLE PROTEIN	Rattus norvegicus	6	False
7121	119035	CHEMBL4523285	Aminoacyl tRNA synthase complex-interacting multifunctional protein 2	SINGLE PROTEIN	Homo sapiens	32	False
7122	119036	CHEMBL4523286	GRB2-associated-binding protein 1	SINGLE PROTEIN	Homo sapiens	13	False
7123	119044	CHEMBL4523294	Separin	SINGLE PROTEIN	Homo sapiens	10	False
7124	119045	CHEMBL4523295	Glycine N-methyltransferase	SINGLE PROTEIN	Homo sapiens	8	False
7125	119051	CHEMBL4523301	Transcriptional enhancer factor TEF-4	SINGLE PROTEIN	Homo sapiens	34	False
7126	119054	CHEMBL4523304	Fascin	SINGLE PROTEIN	Homo sapiens	78	False
7127	119055	CHEMBL4523305	ATP-dependent Clp protease proteolytic subunit, mitochondrial	SINGLE PROTEIN	Homo sapiens	206	False
7128	119056	CHEMBL4523306	Retinoid isomerohydrolase	SINGLE PROTEIN	Bos taurus	44	False
7129	119061	CHEMBL4523311	Stimulator of interferon genes protein	SINGLE PROTEIN	Mus musculus	63	False
7130	119070	CHEMBL4523320	Fructose-bisphosphate aldolase class 2	SINGLE PROTEIN	Synechocystis sp. (strain PCC 6803 / Kazusa)	16	False
7131	119076	CHEMBL4523326	Cyclin-dependent kinase-like 4	SINGLE PROTEIN	Homo sapiens	7	False
7132	119094	CHEMBL4523344	Methylcytosine dioxygenase TET2	SINGLE PROTEIN	Homo sapiens	15	False
7133	119095	CHEMBL4523345	Bifunctional arginine demethylase and lysyl-hydroxylase JMJD6	SINGLE PROTEIN	Homo sapiens	16	False
7134	119100	CHEMBL4523350	NAD(+) hydrolase SARM1	SINGLE PROTEIN	Homo sapiens	11	False
7135	119102	CHEMBL4523352	Angiopoietin-like protein 8	SINGLE PROTEIN	Homo sapiens	5	False
7136	119104	CHEMBL4523354	Nicotinate phosphoribosyltransferase	SINGLE PROTEIN	Homo sapiens	23	False
7137	119107	CHEMBL4523357	Ubiquitin carboxyl-terminal hydrolase 30	SINGLE PROTEIN	Homo sapiens	1109	False
7138	119111	CHEMBL4523361	Dual specificity protein phosphatase	SINGLE PROTEIN	Danio rerio	6	False
7139	119118	CHEMBL4523368	Prolyl 4-hydroxylase	SINGLE PROTEIN	Paramecium bursaria Chlorella virus 1	7	False
7140	119125	CHEMBL4523375	Cytochrome P450 4Z1	SINGLE PROTEIN	Homo sapiens	31	False
7141	119127	CHEMBL4523377	Stimulator of interferon genes protein	SINGLE PROTEIN	Homo sapiens	716	False
7142	119133	CHEMBL4523383	Cyclic GMP-AMP synthase	SINGLE PROTEIN	Mus musculus	43	False
7143	119136	CHEMBL4523386	G-protein coupled receptor 84	SINGLE PROTEIN	Mus musculus	8	False
7144	119139	CHEMBL4523389	Purine nucleoside phosphorylase	SINGLE PROTEIN	Plasmodium falciparum (isolate 3D7)	5	False
7145	119140	CHEMBL4523390	Plasmepsin X	SINGLE PROTEIN	Plasmodium falciparum (isolate 3D7)	43	False
7146	119145	CHEMBL4523395	Diacylglycerol O-acyltransferase 1	SINGLE PROTEIN	Bos taurus	16	False
7147	119146	CHEMBL4523396	Bifunctional peptidase and arginyl-hydroxylase JMJD5	SINGLE PROTEIN	Homo sapiens	15	False
7148	119148	CHEMBL4523398	Prolyl 3-hydroxylase OGFOD1	SINGLE PROTEIN	Homo sapiens	5	False
7149	119149	CHEMBL4523399	CDGSH iron-sulfur domain-containing protein 2	SINGLE PROTEIN	Homo sapiens	34	False
7150	119151	CHEMBL4523401	Inositol polyphosphate multikinase	SINGLE PROTEIN	Homo sapiens	6	False
7151	119152	CHEMBL4523402	Methylcytosine dioxygenase TET1	SINGLE PROTEIN	Homo sapiens	14	False
7152	119153	CHEMBL4523403	Kinesin-like protein KIF18A	SINGLE PROTEIN	Homo sapiens	771	False
7153	119156	CHEMBL4523406	Protein odd-skipped-related 1	SINGLE PROTEIN	Homo sapiens	24	False
7154	119167	CHEMBL4523417	Tribbles homolog 2	SINGLE PROTEIN	Homo sapiens	5	False
7155	119168	CHEMBL4523418	Inositol hexakisphosphate kinase 1	SINGLE PROTEIN	Homo sapiens	124	False
7156	119169	CHEMBL4523419	Serine protease HTRA1	SINGLE PROTEIN	Homo sapiens	824	False
7157	119176	CHEMBL4523426	Endonuclease 8-like 1	SINGLE PROTEIN	Homo sapiens	17	False
7158	119178	CHEMBL4523428	Ubiquitin thioesterase OTUB1	SINGLE PROTEIN	Homo sapiens	56	False
7159	119180	CHEMBL4523430	Mas-related G-protein coupled receptor member X4	SINGLE PROTEIN	Homo sapiens	286	False
7160	119181	CHEMBL4523431	Inositol hexakisphosphate kinase 3	SINGLE PROTEIN	Homo sapiens	36	False
7161	119182	CHEMBL4523432	Serine/threonine-protein kinase LMTK3	SINGLE PROTEIN	Homo sapiens	12	False
7162	119184	CHEMBL4523434	Bifunctional polynucleotide phosphatase/kinase	SINGLE PROTEIN	Homo sapiens	69	False
7163	119185	CHEMBL4523435	Transcriptional enhancer factor TEF-5	SINGLE PROTEIN	Homo sapiens	27	False
7164	119189	CHEMBL4523439	Lecithin retinol acyltransferase	SINGLE PROTEIN	Bos taurus	41	False
7165	119191	CHEMBL4523441	Deoxyhypusine hydroxylase	SINGLE PROTEIN	Homo sapiens	5	False
7166	119192	CHEMBL4523442	N-terminal Xaa-Pro-Lys N-methyltransferase 1	SINGLE PROTEIN	Homo sapiens	58	False
7167	119194	CHEMBL4523444	Phosphatidylcholine:ceramide cholinephosphotransferase 2	SINGLE PROTEIN	Mus musculus	15	False
7168	119198	CHEMBL4523448	Programmed cell death 1 ligand 1	SINGLE PROTEIN	Mus musculus	25	False
7169	119204	CHEMBL4523454	Olfactory receptor 51E2	SINGLE PROTEIN	Homo sapiens	19	False
7170	119207	CHEMBL4523457	V-type immunoglobulin domain-containing suppressor of T-cell activation	SINGLE PROTEIN	Homo sapiens	56	False
7171	119208	CHEMBL4523458	Protein lin-28 homolog A	SINGLE PROTEIN	Homo sapiens	5	False
7172	119210	CHEMBL4523460	E3 ubiquitin-protein ligase SMURF2	SINGLE PROTEIN	Homo sapiens	30	False
7173	119211	CHEMBL4523461	Potassium channel subfamily K member 13	SINGLE PROTEIN	Homo sapiens	18	False
7174	119212	CHEMBL4523462	Ferroportin	SINGLE PROTEIN	Mus musculus	179	False
7175	119214	CHEMBL4523464	Lysophosphatidic acid receptor 2	SINGLE PROTEIN	Mus musculus	13	False
7176	119215	CHEMBL4523465	Serine/threonine-protein kinase TAO2	SINGLE PROTEIN	Rattus norvegicus	55	False
7177	119217	CHEMBL4523467	Acetyl-coenzyme A synthetase, cytoplasmic	SINGLE PROTEIN	Homo sapiens	330	False
7178	119220	CHEMBL4523470	Sphingomyelin phosphodiesterase 3	SINGLE PROTEIN	Homo sapiens	132	False
7179	119231	CHEMBL4523481	Short transient receptor potential channel 5	SINGLE PROTEIN	Mus musculus	26	False
7180	119233	CHEMBL4523483	Pendrin	SINGLE PROTEIN	Mus musculus	6	False
7181	119238	CHEMBL4523488	Inositol hexakisphosphate kinase 2	SINGLE PROTEIN	Homo sapiens	47	False
7182	119240	CHEMBL4523490	Phosphatidylcholine transfer protein	SINGLE PROTEIN	Homo sapiens	12	False
7183	119244	CHEMBL4523494	7-alpha-hydroxycholest-4-en-3-one 12-alpha-hydroxylase	SINGLE PROTEIN	Homo sapiens	87	False
7184	119253	CHEMBL4523503	Chloride anion exchanger	SINGLE PROTEIN	Mus musculus	76	False
7185	119257	CHEMBL4523507	Deoxynucleoside triphosphate triphosphohydrolase SAMHD1	SINGLE PROTEIN	Homo sapiens	25	False
7186	119259	CHEMBL4523509	Spindlin-1	SINGLE PROTEIN	Homo sapiens	38	False
7187	119260	CHEMBL4523510	Cholesterol 24-hydroxylase	SINGLE PROTEIN	Homo sapiens	176	False
7188	119262	CHEMBL4523512	Sulfide:quinone oxidoreductase, mitochondrial	SINGLE PROTEIN	Homo sapiens	37	False
7189	119263	CHEMBL4523513	Aryl hydrocarbon receptor	SINGLE PROTEIN	Danio rerio	5	False
7190	119267	CHEMBL4523517	NAD-dependent protein deacetylase	SINGLE PROTEIN	Schistosoma mansoni	5	False
7191	119277	CHEMBL4523558	AMO1	CELL-LINE	Homo sapiens	23	False
7192	119278	CHEMBL4523559	SU-DHL-16	CELL-LINE	Homo sapiens	6	False
7193	119279	CHEMBL4523560	SU-DHL-2	CELL-LINE	Homo sapiens	57	False
7194	119280	CHEMBL4523561	SU-DHL-5	CELL-LINE	Homo sapiens	13	False
7195	119281	CHEMBL4523562	SU-DHL-8	CELL-LINE	Homo sapiens	14	False
7196	119282	CHEMBL4523563	RCK8	CELL-LINE	Homo sapiens	8	False
7197	119283	CHEMBL4523564	OCI-Ly7	CELL-LINE	Homo sapiens	14	False
7198	119284	CHEMBL4523565	OCI-Ly3	CELL-LINE	Homo sapiens	116	False
7199	119285	CHEMBL4523566	SET-2	CELL-LINE	Homo sapiens	21	False
7200	119286	CHEMBL4523567	COLO 201	CELL-LINE	Homo sapiens	28	False
7201	119289	CHEMBL4523570	Hs 294T	CELL-LINE	Homo sapiens	6	False
7202	119290	CHEMBL4523571	Hs 695T	CELL-LINE	Homo sapiens	5	False
7203	119291	CHEMBL4523572	NCI-H146	CELL-LINE	Homo sapiens	18	False
7204	119294	CHEMBL4523575	HCC4006	CELL-LINE	Homo sapiens	11	False
7205	119295	CHEMBL4523576	OCI-AML-5	CELL-LINE	Homo sapiens	10	False
7206	119297	CHEMBL4523578	NCI-H211	CELL-LINE	Homo sapiens	22	False
7207	119301	CHEMBL4523582	Replicase polyprotein 1ab	SINGLE PROTEIN	Severe acute respiratory syndrome coronavirus 2	2982	True
7208	119309	CHEMBL4523592	NU-DUL-1	CELL-LINE	Homo sapiens	9	False
7209	119310	CHEMBL4523593	Eukaryotic peptide chain release factor GTP-binding subunit ERF3A	SINGLE PROTEIN	Homo sapiens	24	False
7210	119315	CHEMBL4523598	Cullin-4A	SINGLE PROTEIN	Homo sapiens	37	False
7211	119320	CHEMBL4523603	DCN1-like protein 1/NEDD8-conjugating enzyme Ubc12	PROTEIN-PROTEIN INTERACTION	Homo sapiens	289	False
7212	119339	CHEMBL4523622	NTRK1/NTRK2	PROTEIN FAMILY	Homo sapiens	5	False
7213	119341	CHEMBL4523624	Fibroblast growth factor 14/SCN8A	PROTEIN-PROTEIN INTERACTION	Homo sapiens	8	False
7214	119347	CHEMBL4523630	CDC7/Cyclin B1	PROTEIN COMPLEX	Homo sapiens	5	False
7215	119350	CHEMBL4523633	CDK2/Cyclin-E2	PROTEIN COMPLEX	Homo sapiens	41	False
7216	119354	CHEMBL4523637	CDK17/Cyclin-Y	PROTEIN COMPLEX	Homo sapiens	15	False
7217	119356	CHEMBL4523639	Gamma-aminobutyric acid receptor subunit alpha-4/beta-1/delta	PROTEIN COMPLEX	Homo sapiens	10	False
7218	119358	CHEMBL4523641	Gamma-aminobutyric acid receptor subunit alpha-5/beta-2/gamma-2	PROTEIN COMPLEX	Homo sapiens	35	False
7219	119369	CHEMBL4523652	BCR/ABL1	CHIMERIC PROTEIN	Mus musculus	7	False
7220	119373	CHEMBL4523656	NEDD8/NEDD8-conjugating enzyme Ubc12	PROTEIN COMPLEX	Homo sapiens	11	False
7221	119374	CHEMBL4523657	CNGA2/CNGA4/CNGB1	PROTEIN COMPLEX	Rattus norvegicus	5	False
7222	119376	CHEMBL4523659	IDH1/IDH2	PROTEIN FAMILY	Homo sapiens	6	False
7223	119383	CHEMBL4523666	TEL/AXL	CHIMERIC PROTEIN	Homo sapiens	7	False
7224	119387	CHEMBL4523670	SCN9A/SCN1B	PROTEIN COMPLEX	Homo sapiens	5	False
7225	119388	CHEMBL4523671	SCN8A/SCN1B	PROTEIN COMPLEX	Homo sapiens	25	False
7226	119389	CHEMBL4523672	SCN2A/SCN1B	PROTEIN COMPLEX	Homo sapiens	5	False
7227	119390	CHEMBL4523673	BCL-6/NCOR2	PROTEIN-PROTEIN INTERACTION	Homo sapiens	128	False
7228	119393	CHEMBL4523676	RNA-directed RNA polymerase	PROTEIN COMPLEX	Influenza A virus (strain A/Puerto Rico/8/1934 H1N1)	8	False
7229	119397	CHEMBL4523680	Protein cereblon/Epidermal growth factor receptor	PROTEIN-PROTEIN INTERACTION	Homo sapiens	30	False
7230	119398	CHEMBL4523681	Protein cereblon/Estrogen receptor	PROTEIN-PROTEIN INTERACTION	Homo sapiens	54	False
7231	119401	CHEMBL4523684	Protein cereblon/Androgen receptor	PROTEIN-PROTEIN INTERACTION	Homo sapiens	112	False
7232	119403	CHEMBL4523686	Protein cereblon/Cyclin-dependent kinase 4	PROTEIN-PROTEIN INTERACTION	Homo sapiens	5	False
7233	119406	CHEMBL4523689	Protein cereblon/Cyclin-dependent kinase 2	PROTEIN-PROTEIN INTERACTION	Homo sapiens	14	False
7234	119409	CHEMBL4523692	Protein cereblon/B-cell lymphoma 6 protein	PROTEIN-PROTEIN INTERACTION	Homo sapiens	20	False
7235	119414	CHEMBL4523697	Protein cereblon/CDK9	PROTEIN-PROTEIN INTERACTION	Homo sapiens	32	False
7236	119419	CHEMBL4523702	Protein cereblon/E3 ubiquitin-protein ligase Mdm2	PROTEIN-PROTEIN INTERACTION	Homo sapiens	9	False
7237	119421	CHEMBL4523704	Protein cereblon/Tyrosine-protein kinase BTK	PROTEIN-PROTEIN INTERACTION	Homo sapiens	91	False
7238	119427	CHEMBL4523710	Protein cereblon/IRAK4	PROTEIN-PROTEIN INTERACTION	Homo sapiens	33	False
7239	119443	CHEMBL4523726	von Hippel-Lindau disease tumor suppressor/Estrogen receptor	PROTEIN-PROTEIN INTERACTION	Homo sapiens	5	False
7240	119447	CHEMBL4523730	von Hippel-Lindau disease tumor suppressor/Androgen receptor	PROTEIN-PROTEIN INTERACTION	Homo sapiens	57	False
7241	119449	CHEMBL4523732	von Hippel-Lindau disease tumor suppressor/Cyclin-dependent kinase 4	PROTEIN-PROTEIN INTERACTION	Homo sapiens	5	False
7242	119458	CHEMBL4523741	von Hippel-Lindau disease tumor suppressor/Focal adhesion kinase 1	PROTEIN-PROTEIN INTERACTION	Homo sapiens	8	False
7243	119459	CHEMBL4523742	von Hippel-Lindau disease tumor suppressor/IRAK4	PROTEIN-PROTEIN INTERACTION	Homo sapiens	10	False
7244	119469	CHEMBL4523752	Protein cereblon/Bromodomain-containing protein 2	PROTEIN-PROTEIN INTERACTION	Homo sapiens	6	False
7245	119573	CHEMBL4523856	G-protein coupled receptor 3	SINGLE PROTEIN	Homo sapiens	27	False
7246	119589	CHEMBL4523872	Adhesion G-protein coupled receptor F1	SINGLE PROTEIN	Homo sapiens	11	False
7247	119640	CHEMBL4523923	Probable G-protein coupled receptor 27	SINGLE PROTEIN	Homo sapiens	43	False
7248	119649	CHEMBL4523932	tRNA (guanine-N(1)-)-methyltransferase	SINGLE PROTEIN	Pseudomonas aeruginosa (strain ATCC 15692 / DSM 22644 / CIP 104116 / JCM14847 / LMG 12228 / 1C / PRS 101 / PAO1)	26	False
7249	119655	CHEMBL4523938	Fucose-binding lectin PA-IIL	SINGLE PROTEIN	Pseudomonas aeruginosa (strain ATCC 15692 / DSM 22644 / CIP 104116 / JCM14847 / LMG 12228 / 1C / PRS 101 / PAO1)	65	False
7250	119657	CHEMBL4523940	Virion infectivity factor	SINGLE PROTEIN	Human immunodeficiency virus type 1 group M subtype B (isolate NY5)(HIV-1)	34	False
7251	119662	CHEMBL4523945	Serine--tRNA ligase	SINGLE PROTEIN	Staphylococcus aureus (strain NCTC 8325 / PS 47)	6	False
7252	119663	CHEMBL4523946	Matrix protein P17	SINGLE PROTEIN	Human immunodeficiency virus 1	5	False
7253	119664	CHEMBL4523947	Flavodoxin	SINGLE PROTEIN	Helicobacter pylori (strain ATCC 700392 / 26695) (Campylobacter pylori)	9	False
7254	119667	CHEMBL4523950	Dihydroorotate dehydrogenase (quinone), mitochondrial	SINGLE PROTEIN	Schistosoma mansoni	26	False
7255	119668	CHEMBL4523951	D-alanine--D-alanine ligase	SINGLE PROTEIN	Enterococcus faecalis (strain ATCC 700802 / V583)	39	False
7256	119669	CHEMBL4523952	NS5	SINGLE PROTEIN	Zika virus	24	False
7257	119670	CHEMBL4523953	Inosine-5'-monophosphate dehydrogenase	SINGLE PROTEIN	Pseudomonas aeruginosa (strain ATCC 15692 / DSM 22644 / CIP 104116 / JCM14847 / LMG 12228 / 1C / PRS 101 / PAO1)	22	False
7258	119671	CHEMBL4523954	Nonstructural protein 3	SINGLE PROTEIN	Zika virus	798	False
7259	119672	CHEMBL4523955	DNA topoisomerase I	SINGLE PROTEIN	Bos taurus	14	False
7260	119673	CHEMBL4523956	Putative nitroreductase	SINGLE PROTEIN	Staphylococcus saprophyticus subsp. saprophyticus (strain ATCC 15305 / DSM20229 / NCIMB 8711 / NCTC 7292 / S-41)	11	False
7261	119702	CHEMBL4523985	UDP-glucuronosyltransferases (UGTs)	PROTEIN FAMILY	Homo sapiens	13	False
7262	119703	CHEMBL4523986	Cytochrome P450	PROTEIN FAMILY	Homo sapiens	74	False
7263	119704	CHEMBL4523987	Chymotrypsin	PROTEIN FAMILY	Homo sapiens	15	False
7264	119705	CHEMBL4523988	Class 1 histone deacetylase	PROTEIN FAMILY	Homo sapiens	80	False
7265	119709	CHEMBL4523992	Serine/threonine-protein kinase LATS	PROTEIN FAMILY	Homo sapiens	120	False
7266	119710	CHEMBL4523993	Programmed cell death protein 1/Programmed cell death 1 ligand 1	PROTEIN COMPLEX	Homo sapiens	3276	True
7267	119711	CHEMBL4523994	Geranylgeranyl transferase type-2	PROTEIN COMPLEX	Homo sapiens	9	False
7268	119713	CHEMBL4523996	PCSK9/LDLR	PROTEIN-PROTEIN INTERACTION	Homo sapiens	25	False
7269	119715	CHEMBL4523998	von Hippel-Lindau disease tumor suppressor/EGFR	PROTEIN-PROTEIN INTERACTION	Homo sapiens	6	False
7270	119716	CHEMBL4523999	mTORC2	PROTEIN COMPLEX	Homo sapiens	101	False
7271	119721	CHEMBL4524004	5'-AMP-activated protein kinase	PROTEIN FAMILY	Mus musculus	16	False
7272	119732	CHEMBL4524015	Sodium/potassium-transporting ATPase	PROTEIN COMPLEX GROUP	Sus scrofa	5	False
7273	119739	CHEMBL4524025	Translin-associated protein X	SINGLE PROTEIN	Homo sapiens	17	False
7274	119757	CHEMBL4524043	Mucolipin-1	SINGLE PROTEIN	Homo sapiens	12	False
7275	119773	CHEMBL4543332	Naegleria gruberi	ORGANISM	Naegleria gruberi	48	False
7276	119774	CHEMBL4543887	HepG2-CD81	CELL-LINE	Homo sapiens	5854	True
7277	119806	CHEMBL4630665	Bacillus amyloliquefaciens	ORGANISM	Bacillus amyloliquefaciens	37	False
7278	119810	CHEMBL4630669	Leishmania martiniquensis	ORGANISM	Leishmania martiniquensis	15	False
7279	119811	CHEMBL4630670	Shewanella oneidensis	ORGANISM	Shewanella oneidensis	5	False
7280	119812	CHEMBL4630671	Leishmania orientalis	ORGANISM	Leishmania orientalis	18	False
7281	119817	CHEMBL4630676	Wolbachia	ORGANISM	Wolbachia	6	False
7282	119826	CHEMBL4630701	WM164	CELL-LINE	Homo sapiens	48	False
7283	119828	CHEMBL4630703	L3.6pl	CELL-LINE	Homo sapiens	5	False
7284	119832	CHEMBL4630707	SU.86.86	CELL-LINE	Homo sapiens	11	False
7285	119833	CHEMBL4630714	MUGMel2	CELL-LINE	Homo sapiens	6	False
7286	119835	CHEMBL4630716	TOV21G	CELL-LINE	Homo sapiens	10	False
7287	119849	CHEMBL4630730	Protein cereblon/Tyrosine-protein kinase receptor FLT3	PROTEIN-PROTEIN INTERACTION	Homo sapiens	8	False
7288	119851	CHEMBL4630732	Protein cereblon/Serine/threonine-protein kinase WEE1	PROTEIN-PROTEIN INTERACTION	Homo sapiens	21	False
7289	119853	CHEMBL4630734	Protein cereblon/DNA damage-binding protein 1	PROTEIN-PROTEIN INTERACTION	Homo sapiens	410	False
7290	119860	CHEMBL4630741	von Hippel-Lindau disease tumor suppressor/Histone deacetylase 3	PROTEIN-PROTEIN INTERACTION	Homo sapiens	30	False
7291	119862	CHEMBL4630743	von Hippel-Lindau disease tumor suppressor/Histone deacetylase 2	PROTEIN-PROTEIN INTERACTION	Homo sapiens	9	False
7292	119864	CHEMBL4630745	von Hippel-Lindau disease tumor suppressor/Histone deacetylase 1	PROTEIN-PROTEIN INTERACTION	Homo sapiens	11	False
7293	119872	CHEMBL4630753	Cyclin-dependent kinase 12/13	PROTEIN FAMILY	Homo sapiens	11	False
7294	119873	CHEMBL4630754	Diacylglycerol kinase alpha/zeta	PROTEIN FAMILY	Homo sapiens	7	False
7295	119877	CHEMBL4630758	5-hydroxytryptamine receptor 2A/Metabotropic glutamate receptor 2	PROTEIN COMPLEX	Homo sapiens	14	False
7296	119878	CHEMBL4630759	TEL/KDR	CHIMERIC PROTEIN	Homo sapiens	20	False
7297	119879	CHEMBL4630760	Sodium channel protein type 1 subunit alpha/beta-1/beta-2	PROTEIN COMPLEX	Homo sapiens	6	False
7298	119884	CHEMBL4630765	Sodium channel protein type 9 subunit alpha/beta-1/beta-2	PROTEIN COMPLEX	Homo sapiens	38	False
7299	119885	CHEMBL4630766	Sodium channel protein type 9 subunit alpha/beta-1/beta-2	PROTEIN COMPLEX	Mus musculus	33	False
7300	119887	CHEMBL4630776	SW620/AD300	CELL-LINE	Homo sapiens	106	False
7301	119889	CHEMBL4630778	T98	CELL-LINE	Homo sapiens	12	False
7302	119893	CHEMBL4630782	HeLa/Fucci2	CELL-LINE	Homo sapiens	7	False
7303	119901	CHEMBL4630808	Complement factor B	SINGLE PROTEIN	Mus musculus	7	False
7304	119903	CHEMBL4630810	Thrombospondin-1	SINGLE PROTEIN	Homo sapiens	35	False
7305	119907	CHEMBL4630814	Cholinesterase	SINGLE PROTEIN	Canis lupus familiaris	6	False
7306	119911	CHEMBL4630818	Sterol regulatory element-binding protein 1	SINGLE PROTEIN	Homo sapiens	24	False
7307	119931	CHEMBL4630838	OTU domain-containing protein 7B	SINGLE PROTEIN	Homo sapiens	167	False
7308	119932	CHEMBL4630839	N-acyl-phosphatidylethanolamine-hydrolyzing phospholipase D	SINGLE PROTEIN	Homo sapiens	75	False
7309	119943	CHEMBL4630850	Phospholipase A and acyltransferase 5	SINGLE PROTEIN	Homo sapiens	35	False
7310	119947	CHEMBL4630854	N-alpha-acetyltransferase 50	SINGLE PROTEIN	Homo sapiens	13	False
7311	119953	CHEMBL4630860	Phospholipase A and acyltransferase 2	SINGLE PROTEIN	Homo sapiens	33	False
7312	119954	CHEMBL4630861	Ubiquitin carboxyl-terminal hydrolase 36	SINGLE PROTEIN	Homo sapiens	38	False
7313	119957	CHEMBL4630864	Phospholipase A and acyltransferase 4	SINGLE PROTEIN	Homo sapiens	35	False
7314	119962	CHEMBL4630869	Collagenase ColH	SINGLE PROTEIN	Hathewaya histolytica	14	False
7315	119972	CHEMBL4630879	Hepatitis A virus cellular receptor 2	SINGLE PROTEIN	Homo sapiens	31	False
7316	119973	CHEMBL4630880	Interleukin-17F	SINGLE PROTEIN	Homo sapiens	8	False
7317	119993	CHEMBL4632329	KM12C	CELL-LINE	Homo sapiens	31	False
7318	119994	CHEMBL4632330	NCI-H508	CELL-LINE	Homo sapiens	13	False
7319	119995	CHEMBL4632331	SUM185PE	CELL-LINE	Homo sapiens	9	False
7320	120014	CHEMBL4649922	DNA	NUCLEIC-ACID		9	False
7321	120017	CHEMBL4649925	Supercoiled DNA	NUCLEIC-ACID		11	False
7322	120018	CHEMBL4649926	ssDNA	NUCLEIC-ACID		6	False
7323	120019	CHEMBL4649981	Wolbachia pipientis	ORGANISM	Wolbachia pipientis	12727	True
7324	120020	CHEMBL4651286	Aorta	TISSUE	Oryctolagus cuniculus	29	False
7325	120021	CHEMBL4651287	Corpus cavernosum	TISSUE	Oryctolagus cuniculus	28	False
7326	120022	CHEMBL4651288	Stomach	TISSUE	Oryctolagus cuniculus	24	False
7327	120035	CHEMBL4651321	Heme	SMALL MOLECULE		25	False
7328	120037	CHEMBL4651323	Lipid bilayer	LIPID		19	False
7329	120040	CHEMBL4662921	Aspartate--tRNA(Asp/Asn) ligase	SINGLE PROTEIN	Mycobacterium tuberculosis (strain ATCC 25618 / H37Rv)	12	False
7330	120041	CHEMBL4662922	Tryptophan--tRNA ligase	SINGLE PROTEIN	Mycobacterium tuberculosis (strain ATCC 25618 / H37Rv)	64	False
7331	120042	CHEMBL4662923	Ubiquitin-activating enzyme e1, putative	SINGLE PROTEIN	Leishmania donovani (strain BPK282A1)	7	False
7332	120043	CHEMBL4662924	Chromo domain-containing protein 1	SINGLE PROTEIN	Saccharomyces cerevisiae (strain ATCC 204508 / S288c) (Baker's yeast)	138	False
7333	120044	CHEMBL4662925	Histidine--tRNA ligase	SINGLE PROTEIN	Trypanosoma cruzi (strain CL Brener)	51	False
7334	120045	CHEMBL4662926	Tyrosyl-tRNA synthetase, putative	SINGLE PROTEIN	Trypanosoma cruzi (strain CL Brener)	6	False
7335	120046	CHEMBL4662927	Histidine--tRNA ligase	SINGLE PROTEIN	Leishmania infantum	412	False
7336	120047	CHEMBL4662928	Coenzyme A biosynthesis bifunctional protein CoaBC	SINGLE PROTEIN	Mycobacterium tuberculosis (strain ATCC 25618 / H37Rv)	40	False
7337	120048	CHEMBL4662929	Protein translocase subunit SecA	SINGLE PROTEIN	Escherichia coli (strain K12)	6	False
7338	120049	CHEMBL4662930	Proteasome subunit beta	SINGLE PROTEIN	Trypanosoma cruzi	47	False
7339	120050	CHEMBL4662931	ClpP1P2	PROTEIN COMPLEX	Mycobacterium tuberculosis (strain ATCC 25618 / H37Rv)	15	False
7340	120051	CHEMBL4662932	Shiga toxin 2	PROTEIN COMPLEX	Escherichia coli O157:H7	13	False
7341	120055	CHEMBL4662936	Spike glycoprotein	SINGLE PROTEIN	Severe acute respiratory syndrome coronavirus 2	12	False
7342	120078	CHEMBL4665585	Inactive tyrosine-protein kinase transmembrane receptor ROR1	SINGLE PROTEIN	Homo sapiens	21	False
7343	120089	CHEMBL4680021	Apolipoprotein L1	SINGLE PROTEIN	Homo sapiens	224	False
7344	120092	CHEMBL4680024	Gap junction alpha-1 protein	SINGLE PROTEIN	Homo sapiens	15	False
7345	120094	CHEMBL4680026	Long-chain-fatty-acid--CoA ligase 1	SINGLE PROTEIN	Mus musculus	21	False
7346	120098	CHEMBL4680030	Aspartyl/asparaginyl beta-hydroxylase	SINGLE PROTEIN	Homo sapiens	30	False
7347	120102	CHEMBL4680034	5'-nucleotidase	SINGLE PROTEIN	Mus musculus	17	False
7348	120106	CHEMBL4680038	Splicing factor 45	SINGLE PROTEIN	Homo sapiens	10	False
7349	120107	CHEMBL4680039	Myosin-2	SINGLE PROTEIN	Bos taurus	8	False
7350	120119	CHEMBL4680051	Sortilin/Progranulin	PROTEIN-PROTEIN INTERACTION	Homo sapiens	24	False
7351	120120	CHEMBL4680052	Protein cereblon/Focal adhesion kinase 1	PROTEIN-PROTEIN INTERACTION	Homo sapiens	36	False
7352	120124	CHEMBL4680056	Protein cereblon/von Hippel-Lindau disease tumor suppressor	PROTEIN-PROTEIN INTERACTION	Homo sapiens	6	False
7353	120126	CHEMBL4689840	Aortic artery	TISSUE	Rattus norvegicus	5	False
7354	120131	CHEMBL4739666	Histone deacetylase 6	SINGLE PROTEIN	Danio rerio	5	False
7355	120142	CHEMBL4739677	1-phosphatidylinositol phosphodiesterase	SINGLE PROTEIN	Bacillus cereus	11	False
7356	120150	CHEMBL4739685	DNA-binding protein Ikaros	SINGLE PROTEIN	Homo sapiens	19	False
7357	120153	CHEMBL4739688	Potassium channel subfamily T member 1	SINGLE PROTEIN	Homo sapiens	60	False
7358	120158	CHEMBL4739693	Potassium channel subfamily T member 2	SINGLE PROTEIN	Homo sapiens	10	False
7359	120160	CHEMBL4739695	N6-adenosine-methyltransferase catalytic subunit	SINGLE PROTEIN	Homo sapiens	878	False
7360	120164	CHEMBL4739699	Fibroblast growth factor 14	SINGLE PROTEIN	Homo sapiens	5	False
7361	120165	CHEMBL4739700	Methionine--tRNA ligase, mitochondrial	SINGLE PROTEIN	Homo sapiens	12	False
7362	120172	CHEMBL4739707	Zinc finger protein Aiolos	SINGLE PROTEIN	Homo sapiens	55	False
7363	120178	CHEMBL4739842	Formyl peptide receptor 2	SINGLE PROTEIN	Mus musculus	10	False
7364	120179	CHEMBL4739843	Pantetheinase	SINGLE PROTEIN	Homo sapiens	373	False
7365	120180	CHEMBL4739844	Immunoglobulin lambda variable 6-57	SINGLE PROTEIN	Homo sapiens	39	False
7366	120188	CHEMBL4739852	Forkhead box protein M1	SINGLE PROTEIN	Homo sapiens	14	False
7367	120191	CHEMBL4739855	2-hydroxyacylsphingosine 1-beta-galactosyltransferase	SINGLE PROTEIN	Homo sapiens	21	False
7368	120195	CHEMBL4739859	Relaxin receptor 1	SINGLE PROTEIN	Rattus norvegicus	5	False
7369	120197	CHEMBL4739861	Succinate receptor 1	SINGLE PROTEIN	Mus musculus	23	False
7370	120203	CHEMBL4742263	Protein cereblon/Tyrosine-protein kinase JAK2	PROTEIN-PROTEIN INTERACTION	Homo sapiens	17	False
7371	120211	CHEMBL4742271	Protein cereblon/PARP1	PROTEIN-PROTEIN INTERACTION	Homo sapiens	5	False
7372	120212	CHEMBL4742272	Protein cereblon/Indoleamine 2,3-dioxygenase 1	PROTEIN-PROTEIN INTERACTION	Homo sapiens	18	False
7373	120264	CHEMBL4748227	von Hippel-Lindau disease tumor suppressor/Transcription activator BRG1	PROTEIN-PROTEIN INTERACTION	Homo sapiens	28	False
7374	120265	CHEMBL4748228	von Hippel-Lindau disease tumor suppressor/IRAK1	PROTEIN-PROTEIN INTERACTION	Homo sapiens	8	False
7375	120273	CHEMBL4800705	Corpus cavernosum	TISSUE	Rattus norvegicus	15	False
7376	120275	CHEMBL4802002	Polyamine deacetylase HDAC10	SINGLE PROTEIN	Danio rerio	14	False
7377	120282	CHEMBL4802009	Sialyltransferase ST3Gal-I	SINGLE PROTEIN	Rattus norvegicus	8	False
7378	120285	CHEMBL4802012	Sentrin-specific protease 5	SINGLE PROTEIN	Homo sapiens	11	False
7379	120301	CHEMBL4802028	Protein cereblon/Lrrk2	PROTEIN-PROTEIN INTERACTION	Mus musculus	9	False
7380	120306	CHEMBL4802033	Protein cereblon/Glycogen synthase kinase-3 beta	PROTEIN-PROTEIN INTERACTION	Rattus norvegicus	17	False
7381	120311	CHEMBL4802063	Pantetheinase	SINGLE PROTEIN	Mus musculus	5	False
7382	120314	CHEMBL4802066	Biotinidase	SINGLE PROTEIN	Homo sapiens	9	False
7383	120327	CHEMBL4804247	Growth arrest-specific protein 6	SINGLE PROTEIN	Homo sapiens	265	True
7384	120351	CHEMBL4845615	Saphenous artery	TISSUE	Oryctolagus cuniculus	24	False
7385	120352	CHEMBL4845621	c-di-GMP G-quadruplex	NUCLEIC-ACID	Pseudomonas aeruginosa	5	False
7386	120354	CHEMBL4845623	HOXA9 DNA binding site	NUCLEIC-ACID	Homo sapiens	36	False
7387	120355	CHEMBL4845624	COL1A1 promoter	NUCLEIC-ACID	Homo sapiens	20	False
7388	120373	CHEMBL4879409	Homeobox protein Meis1	SINGLE PROTEIN	Homo sapiens	33	False
7389	120378	CHEMBL4879414	Methylcytosine dioxygenase TET3	SINGLE PROTEIN	Homo sapiens	16	False
7390	120384	CHEMBL4879420	Proteinase-activated receptor 4	SINGLE PROTEIN	Mus musculus	58	False
7391	120388	CHEMBL4879424	Protein Wiz	SINGLE PROTEIN	Homo sapiens	7	False
7392	120390	CHEMBL4879426	L-lactate dehydrogenase A chain	SINGLE PROTEIN	Mus musculus	7	False
7393	120395	CHEMBL4879431	Alpha-1-antitrypsin-related protein	SINGLE PROTEIN	Homo sapiens	9	False
7394	120401	CHEMBL4879437	Inactive serine/threonine-protein kinase 19	SINGLE PROTEIN	Homo sapiens	30	False
7395	120403	CHEMBL4879439	Interleukin-15	SINGLE PROTEIN	Mus musculus	8	False
7396	120415	CHEMBL4879451	Tyrosine-protein kinase receptor UFO	SINGLE PROTEIN	Mus musculus	32	False
7397	120423	CHEMBL4879459	E3 ubiquitin-protein ligase CBL-B	SINGLE PROTEIN	Homo sapiens	842	False
7398	120433	CHEMBL4879469	Tyrosine-protein kinase Mer	SINGLE PROTEIN	Mus musculus	33	False
7399	120457	CHEMBL4879493	Mucolipin-2	SINGLE PROTEIN	Homo sapiens	22	False
7400	120466	CHEMBL4879502	Proline-rich acidic protein 1	SINGLE PROTEIN	Homo sapiens	6	False
7401	120476	CHEMBL4879512	Carboxypeptidase B2	SINGLE PROTEIN	Rattus norvegicus	14	False
7402	120478	CHEMBL4879514	Microtubule-associated proteins 1A/1B light chain 3B	SINGLE PROTEIN	Homo sapiens	222	False
7403	120480	CHEMBL4879516	Presenilin-associated rhomboid-like protein, mitochondrial	SINGLE PROTEIN	Homo sapiens	14	False
7404	120482	CHEMBL4879518	Microtubule-associated proteins 1A/1B light chain 3A	SINGLE PROTEIN	Homo sapiens	7	False
7405	120484	CHEMBL4879520	Pannexin-1	SINGLE PROTEIN	Mus musculus	19	False
7406	120488	CHEMBL4879524	Apelin receptor	SINGLE PROTEIN	Mus musculus	22	False
7407	120492	CHEMBL4879528	Protein cereblon/Protein-tyrosine phosphatase 2C	PROTEIN-PROTEIN INTERACTION	Homo sapiens	5	False
7408	120498	CHEMBL4879534	Protein cereblon/Bromodomain-containing protein 9	PROTEIN-PROTEIN INTERACTION	Homo sapiens	26	False
7409	120499	CHEMBL4879535	Protein cereblon/Cyclin-dependent kinase 12	PROTEIN-PROTEIN INTERACTION	Homo sapiens	29	False
7410	120500	CHEMBL4879536	Protein cereblon/Sal-like protein 4	PROTEIN-PROTEIN INTERACTION	Homo sapiens	6	False
7411	120502	CHEMBL4879538	Protein cereblon/Tumour suppressor p53/oncoprotein Mdm2	PROTEIN-PROTEIN INTERACTION	Homo sapiens	7	False
7412	120506	CHEMBL4879551	Tripartite terminase subunit 3	SINGLE PROTEIN	Human cytomegalovirus	91	False
7413	120507	CHEMBL4879552	L-methionine gamma-lyase	SINGLE PROTEIN	Fusobacterium nucleatum subsp. nucleatum	26	False
7414	120510	CHEMBL4888440	Replicase polyprotein 1ab	SINGLE PROTEIN	Human coronavirus 229E	15	False
7415	120513	CHEMBL4888443	Cyclin-dependent kinase 3/Cyclin-C	PROTEIN COMPLEX	Homo sapiens	5	False
7416	120518	CHEMBL4888448	Syntenin-1/Syndecan-2	PROTEIN COMPLEX	Homo sapiens	25	False
7417	120523	CHEMBL4888453	Probable G-protein coupled receptor 139	SINGLE PROTEIN	Rattus norvegicus	139	False
7418	120525	CHEMBL4888455	CDK8/CDK19	PROTEIN FAMILY	Mus musculus	9	False
7419	120526	CHEMBL4888457	HEXA/HEXB	PROTEIN FAMILY	Bos taurus	7	False
7420	120529	CHEMBL4888460	Spike glycoprotein/Angiotensin-converting enzyme 2	PROTEIN-PROTEIN INTERACTION	Severe acute respiratory syndrome coronavirus 2	9	False
7421	120539	CHEMBL4888470	Eubacterium sp.	ORGANISM	Eubacterium sp.	8	False
7422	120542	CHEMBL4888473	Powassan virus	ORGANISM	Powassan virus	6	False
7423	120546	CHEMBL4888477	Machupo mammarenavirus	ORGANISM	Mammarenavirus machupoense	49	False
7424	120549	CHEMBL4888480	BK polyomavirus	ORGANISM	Betapolyomavirus hominis	15	False
7425	120552	CHEMBL4888483	Plasmodium	ORGANISM	Plasmodium	26	False
7426	120560	CHEMBL5058619	Fibroblast of cardiac tissue	CELL-LINE	Rattus norvegicus	5	False
7427	120563	CHEMBL5058622	ES-2	CELL-LINE	Homo sapiens	106	False
7428	120564	CHEMBL5058623	SK-N-BE(2)	CELL-LINE	Homo sapiens	13	False
7429	120566	CHEMBL5058625	AML12	CELL-LINE	Mus musculus	16	False
7430	120568	CHEMBL5058627	Mesenchymal stem cells	CELL-LINE	Homo sapiens	52	False
7431	120569	CHEMBL5058628	WSUDLCL2	CELL-LINE	Homo sapiens	23	False
7432	120570	CHEMBL5058629	Huh-7.5	CELL-LINE	Homo sapiens	72	False
7433	120624	CHEMBL5169085	Protein cereblon/CDK13	PROTEIN-PROTEIN INTERACTION	Homo sapiens	12	False
7434	120627	CHEMBL5169088	Protein cereblon/MAP4K1	PROTEIN-PROTEIN INTERACTION	Homo sapiens	19	False
7435	120631	CHEMBL5169092	Phosphatidylinositol 4,5-bisphosphate 3-kinase catalytic subunit alpha isoform	SINGLE PROTEIN	Rattus norvegicus	49	False
7436	120639	CHEMBL5169100	Alpha-synuclein	SINGLE PROTEIN	Mus musculus	20	False
7437	120644	CHEMBL5169105	3-hydroxy-3-methylglutaryl-coenzyme A reductase	SINGLE PROTEIN	Cricetulus griseus	38	False
7438	120647	CHEMBL5169108	Collagen alpha-1(II) chain	SINGLE PROTEIN	Homo sapiens	10	False
7439	120651	CHEMBL5169112	Bisphosphoglycerate mutase	SINGLE PROTEIN	Homo sapiens	6	False
7440	120654	CHEMBL5169115	Transcriptional activator Myb	SINGLE PROTEIN	Homo sapiens	26	False
7441	120660	CHEMBL5169121	Alanine--glyoxylate aminotransferase	SINGLE PROTEIN	Homo sapiens	21	False
7442	120670	CHEMBL5169131	Alpha-L-iduronidase	SINGLE PROTEIN	Homo sapiens	6	False
7443	120672	CHEMBL5169133	Atrial natriuretic peptide receptor 3	SINGLE PROTEIN	Rattus norvegicus	8	False
7444	120673	CHEMBL5169134	Neurolysin, mitochondrial	SINGLE PROTEIN	Rattus norvegicus	46	False
7445	120675	CHEMBL5169136	RNA-binding protein FXR2	SINGLE PROTEIN	Homo sapiens	8	False
7446	120690	CHEMBL5169151	Nucleic acid dioxygenase ALKBH1	SINGLE PROTEIN	Homo sapiens	45	False
7447	120693	CHEMBL5169154	AP2-associated protein kinase 1	SINGLE PROTEIN	Mus musculus	49	False
7448	120695	CHEMBL5169156	Palmitoyltransferase ZDHHC20	SINGLE PROTEIN	Homo sapiens	8	False
7449	120704	CHEMBL5169165	F-box/LRR-repeat protein 19	SINGLE PROTEIN	Homo sapiens	5	False
7450	120706	CHEMBL5169167	Lysocardiolipin acyltransferase 1	SINGLE PROTEIN	Homo sapiens	103	False
7451	120713	CHEMBL5169174	Glucose-induced degradation protein 4 homolog	SINGLE PROTEIN	Homo sapiens	13	False
7452	120719	CHEMBL5169180	Hexosaminidase D	SINGLE PROTEIN	Homo sapiens	9	False
7453	120722	CHEMBL5169183	Sphingosine-1-phosphate transporter SPNS2	SINGLE PROTEIN	Mus musculus	43	False
7454	120725	CHEMBL5169186	Piezo-type mechanosensitive ion channel component 1	SINGLE PROTEIN	Homo sapiens	14	False
7455	120726	CHEMBL5169187	YTH domain-containing protein 1	SINGLE PROTEIN	Homo sapiens	41	False
7456	120727	CHEMBL5169188	Parkinson disease protein 7	SINGLE PROTEIN	Homo sapiens	25	False
7457	120736	CHEMBL5169197	CXXC-type zinc finger protein 4	SINGLE PROTEIN	Homo sapiens	6	False
7458	120738	CHEMBL5169199	Sodium-dependent phosphate transport protein 2B	SINGLE PROTEIN	Rattus norvegicus	6	False
7459	120747	CHEMBL5169208	Adenylate cyclase type 10	SINGLE PROTEIN	Rattus norvegicus	8	False
7460	120749	CHEMBL5169210	Threonine--tRNA ligase	SINGLE PROTEIN	Salmonella enterica	16	False
7461	120750	CHEMBL5169211	Energy-coupling factor transporter transmembrane protein EcfT	SINGLE PROTEIN	Lactobacillus casei	32	False
7462	120752	CHEMBL5169213	Collagenase ColQ1	SINGLE PROTEIN	Bacillus cereus	9	False
7463	120754	CHEMBL5169215	Venus kinase receptor 2	SINGLE PROTEIN	Schistosoma mansoni	7	False
7464	120756	CHEMBL5169217	Utrophin	SINGLE PROTEIN	Mus musculus	47	False
7465	120765	CHEMBL5169226	Multidrug resistance protein HmrM	SINGLE PROTEIN	Haemophilus influenzae	11	False
7466	120767	CHEMBL5169228	Type II NADH:quinone oxidoreductase Ndh	SINGLE PROTEIN	Mycobacterium tuberculosis	6	False
7467	120768	CHEMBL5169229	Type II NADH:quinone oxidoreductase NdhA	SINGLE PROTEIN	Mycobacterium tuberculosis	6	False
7468	120772	CHEMBL5169233	UDP-galactopyranose mutase	SINGLE PROTEIN	Klebsiella pneumoniae	6	False
7469	120774	CHEMBL5169235	Collagenase ColA	SINGLE PROTEIN	Bacillus cereus	6	False
7470	120775	CHEMBL5169236	Plasmepsin IX	SINGLE PROTEIN	Plasmodium falciparum	8	False
7471	120781	CHEMBL5169264	BCL2/BCL2L11	PROTEIN-PROTEIN INTERACTION	Homo sapiens	32	False
7472	120782	CHEMBL5169265	BCL2/BID	PROTEIN-PROTEIN INTERACTION	Homo sapiens	12	False
7473	120785	CHEMBL5169268	BCL2A1/BID	PROTEIN-PROTEIN INTERACTION	Homo sapiens	37	False
7474	120790	CHEMBL5169273	von Hippel-Lindau disease tumor suppressor/KRAS	PROTEIN-PROTEIN INTERACTION	Homo sapiens	5	False
7475	120833	CHEMBL5209658	Trypanosoma vivax	ORGANISM	Trypanosoma vivax	14	False
7476	120838	CHEMBL5209663	Coxsackievirus A16	ORGANISM	Coxsackievirus A16	28	False
7477	120840	CHEMBL5209665	Human coronavirus OC43	ORGANISM	Human coronavirus OC43	126	False
7478	120843	CHEMBL5209888	SW620/5-FU	CELL-LINE	Homo sapiens	10	False
7479	120844	CHEMBL5209889	HCCLM9	CELL-LINE	Homo sapiens	33	False
7480	120845	CHEMBL5209890	MNT-1	CELL-LINE	Homo sapiens	10	False
7481	120846	CHEMBL5209891	THP1-Dual	CELL-LINE	Homo sapiens	69	False
7482	120848	CHEMBL5209893	H69AR	CELL-LINE	Homo sapiens	48	False
7483	120875	CHEMBL5291508	Angiotensinogen	SINGLE PROTEIN	Rattus norvegicus	21	True
7484	120888	CHEMBL5291521	Plasma membrane ATPase 1	SINGLE PROTEIN	Saccharomyces cerevisiae (strain ATCC 204508 / S288c) (Baker's yeast)	5	False
7485	120890	CHEMBL5291523	CTP synthase 1	SINGLE PROTEIN	Homo sapiens	249	False
7486	120935	CHEMBL5291568	Sentrin-specific protease 3	SINGLE PROTEIN	Homo sapiens	7	False
7487	120938	CHEMBL5291571	Thyrotropin receptor	SINGLE PROTEIN	Rattus norvegicus	23	False
7488	120940	CHEMBL5291573	HTH-type transcriptional regulator LuxR	SINGLE PROTEIN	Vibrio harveyi	20	False
7489	120942	CHEMBL5291575	tRNA (guanine-N(1)-)-methyltransferase	SINGLE PROTEIN	Escherichia coli (strain K12)	28	False
7490	120950	CHEMBL5291583	Stefin-3	SINGLE PROTEIN	Mus musculus	5	False
7491	120957	CHEMBL5291590	L-amino-acid oxidase	SINGLE PROTEIN	Homo sapiens	20	False
7492	120969	CHEMBL5291602	NAD-dependent malic enzyme, mitochondrial	SINGLE PROTEIN	Homo sapiens	30	False
7493	120972	CHEMBL5291605	Sphingomyelin phosphodiesterase 2	SINGLE PROTEIN	Mus musculus	5	False
7494	120979	CHEMBL5291612	5-8F	CELL-LINE	Homo sapiens	6	False
7495	120982	CHEMBL5291622	Mammarenavirus choriomeningitidis	ORGANISM	Mammarenavirus choriomeningitidis	19	False
7496	121011	CHEMBL5291666	Ectromelia virus	ORGANISM	Ectromelia virus	16	False
7497	121012	CHEMBL5291667	Sudan ebolavirus	ORGANISM	Sudan ebolavirus	14	False
7498	121026	CHEMBL5291681	Protein cereblon/SOS1	PROTEIN-PROTEIN INTERACTION	Homo sapiens	16	False
7499	121040	CHEMBL5291695	von Hippel-Lindau disease tumor suppressor/Bromodomain-containing protein 9	PROTEIN-PROTEIN INTERACTION	Homo sapiens	16	False
7500	121041	CHEMBL5291696	von Hippel-Lindau disease tumor suppressor/Bromodomain-containing protein 7	PROTEIN-PROTEIN INTERACTION	Homo sapiens	14	False
7501	121048	CHEMBL5291947	Gamma-aminobutyric acid receptor subunit alpha-1/alpha-6/beta-3/gamma-2	PROTEIN COMPLEX	Rattus norvegicus	6	False
7502	121055	CHEMBL5291954	Alpha-glucosidase	PROTEIN FAMILY	Saccharomyces cerevisiae S288c	129	False
7503	121056	CHEMBL5291961	CDK9/Cyclin T	PROTEIN COMPLEX GROUP	Homo sapiens	17	False
7504	121133	CHEMBL5305023	Aminopeptidase	SINGLE PROTEIN	Trypanosoma cruzi Dm28c	7	False
7505	121136	CHEMBL5305042	17-beta-hydroxysteroid dehydrogenase 13	SINGLE PROTEIN	Homo sapiens	227	False
7506	121138	CHEMBL5305044	17-beta-hydroxysteroid dehydrogenase 13	SINGLE PROTEIN	Mus musculus	22	False
7507	121141	CHEMBL5308502	MOLP-8	CELL-LINE	Homo sapiens	60	False
7508	121147	CHEMBL5314311	Astrocyte	CELL-LINE	Mus musculus	6	False
7509	121148	CHEMBL5314312	B cell	CELL-LINE	Homo sapiens	59	False
7510	121149	CHEMBL5314313	Cortical neurone	CELL-LINE	Rattus norvegicus	60	False
7511	121150	CHEMBL5314314	Cortical neurone	CELL-LINE	Mus musculus	74	False
7512	121151	CHEMBL5314315	Fibroblast	CELL-LINE	Homo sapiens	595	False
7513	121152	CHEMBL5314316	Fibroblast	CELL-LINE	Gallus gallus	49	False
7514	121153	CHEMBL5314317	Keratinocyte	CELL-LINE	Homo sapiens	6	False
7515	121154	CHEMBL5314318	Lymphocyte	CELL-LINE	Homo sapiens	17	False
7516	121155	CHEMBL5314319	Macrophage	CELL-LINE	Mus musculus	36	False
7517	121156	CHEMBL5314320	Macrophage	CELL-LINE	Homo sapiens	6	False
7518	121162	CHEMBL5314326	Neutrophil	CELL-LINE	Homo sapiens	111	False
7519	121166	CHEMBL5314330	Peritoneal macrophage	CELL-LINE	Mus musculus	173	False
7520	121191	CHEMBL5441362	COMI	CELL-LINE	Homo sapiens	11	False
7521	121192	CHEMBL5441364	EJ-28	CELL-LINE	Homo sapiens	11	False
7522	121193	CHEMBL5441366	HD-MB03	CELL-LINE	Homo sapiens	20	False
7523	121194	CHEMBL5441368	CRMM-1	CELL-LINE	Homo sapiens	24	False
7524	121205	CHEMBL5442681	Echinococcus granulosus	ORGANISM	Echinococcus granulosus	9	False
7525	121206	CHEMBL5442682	Toxocara canis	ORGANISM	Toxocara canis	18	False
7526	121220	CHEMBL5465201	Protein cereblon/Aurora kinase A	PROTEIN-PROTEIN INTERACTION	Homo sapiens	7	False
7527	121222	CHEMBL5465203	Protein cereblon/Serine/threonine-protein kinase PLK4	PROTEIN-PROTEIN INTERACTION	Homo sapiens	15	False
7528	121227	CHEMBL5465208	Protein cereblon/Phospholipid hydroperoxide glutathione peroxidase	PROTEIN-PROTEIN INTERACTION	Homo sapiens	5	False
7529	121231	CHEMBL5465212	Protein cereblon/E3 ubiquitin-protein ligase XIAP	PROTEIN-PROTEIN INTERACTION	Homo sapiens	9	False
7530	121232	CHEMBL5465213	Protein cereblon/Tyrosine-protein kinase ITK/TSK	PROTEIN-PROTEIN INTERACTION	Homo sapiens	19	False
7531	121233	CHEMBL5465214	Protein cereblon/Histone acetyltransferase p300	PROTEIN-PROTEIN INTERACTION	Homo sapiens	44	False
7532	121234	CHEMBL5465215	Protein cereblon/Baculoviral IAP repeat-containing protein 3	PROTEIN-PROTEIN INTERACTION	Homo sapiens	11	False
7533	121239	CHEMBL5465220	Protein cereblon/Mixed lineage kinase domain-like protein	PROTEIN-PROTEIN INTERACTION	Homo sapiens	20	False
7534	121240	CHEMBL5465221	Protein cereblon/CREB-binding protein	PROTEIN-PROTEIN INTERACTION	Homo sapiens	44	False
7535	121241	CHEMBL5465222	Protein cereblon/Histone deacetylase 8	PROTEIN-PROTEIN INTERACTION	Homo sapiens	14	False
7536	121248	CHEMBL5465229	von Hippel-Lindau disease tumor suppressor/T-cell protein-tyrosine phosphatase	PROTEIN-PROTEIN INTERACTION	Homo sapiens	9	False
7537	121253	CHEMBL5465234	von Hippel-Lindau disease tumor suppressor/Nicotinamide phosphoribosyltransferase	PROTEIN-PROTEIN INTERACTION	Homo sapiens	9	False
7538	121254	CHEMBL5465235	von Hippel-Lindau disease tumor suppressor/Probable global transcription activator SNF2L2	PROTEIN-PROTEIN INTERACTION	Homo sapiens	32	False
7539	121256	CHEMBL5465237	von Hippel-Lindau disease tumor suppressor/1-phosphatidylinositol 3-phosphate 5-kinase	PROTEIN-PROTEIN INTERACTION	Homo sapiens	5	False
7540	121259	CHEMBL5465240	von Hippel-Lindau disease tumor suppressor/Histone deacetylase 8	PROTEIN-PROTEIN INTERACTION	Homo sapiens	26	False
7541	121269	CHEMBL5465250	YAP1-TEAD4	PROTEIN COMPLEX	Homo sapiens	31	False
7542	121272	CHEMBL5465253	HAT1/Rbap46	PROTEIN COMPLEX	Homo sapiens	14	False
7543	121273	CHEMBL5465255	Zinc finger protein Helios	SINGLE PROTEIN	Homo sapiens	46	False
7544	121279	CHEMBL5465261	DDB1- and CUL4-associated factor 15	SINGLE PROTEIN	Homo sapiens	6	False
7545	121281	CHEMBL5465263	Insulin-like growth factor 2 mRNA-binding protein 1	SINGLE PROTEIN	Homo sapiens	5	False
7546	121289	CHEMBL5465271	Tricarboxylate transport protein, mitochondrial	SINGLE PROTEIN	Homo sapiens	5	False
7547	121291	CHEMBL5465273	Procollagen-lysine,2-oxoglutarate 5-dioxygenase 2	SINGLE PROTEIN	Homo sapiens	8	False
7548	121295	CHEMBL5465277	Multifunctional procollagen lysine hydroxylase and glycosyltransferase LH3	SINGLE PROTEIN	Homo sapiens	6	False
7549	121297	CHEMBL5465279	G/T mismatch-specific thymine DNA glycosylase	SINGLE PROTEIN	Homo sapiens	219	False
7550	121308	CHEMBL5465290	Phosphatidylserine synthase 1	SINGLE PROTEIN	Homo sapiens	97	False
7551	121318	CHEMBL5465300	Procollagen-lysine,2-oxoglutarate 5-dioxygenase 1	SINGLE PROTEIN	Homo sapiens	6	False
7552	121347	CHEMBL5465329	PHD finger protein 6	SINGLE PROTEIN	Homo sapiens	17	False
7553	121360	CHEMBL5465342	Glomulin	SINGLE PROTEIN	Homo sapiens	5	False
7554	121361	CHEMBL5465343	Oxysterol-binding protein 2	SINGLE PROTEIN	Homo sapiens	11	False
7555	121369	CHEMBL5465351	Solute carrier family 26 member 6	SINGLE PROTEIN	Homo sapiens	36	False
7556	121370	CHEMBL5465352	Neurolysin, mitochondrial	SINGLE PROTEIN	Homo sapiens	18	False
7557	121381	CHEMBL5465363	N-acetyllactosaminide beta-1,3-N-acetylglucosaminyltransferase 2	SINGLE PROTEIN	Homo sapiens	38	False
7558	121391	CHEMBL5465373	4'-phosphopantetheinyl transferase PptT	SINGLE PROTEIN	Mycobacterium tuberculosis	10	False
7559	121395	CHEMBL5465377	threonine--tRNA ligase	SINGLE PROTEIN	Plasmodium falciparum	7	False
7560	121398	CHEMBL5465380	MUS81-ECE1	PROTEIN COMPLEX	Homo sapiens	11	False
7561	121404	CHEMBL5465386	Metallo-beta-lactamase type 2	SINGLE PROTEIN	Bacteria	1847	False
7562	121405	CHEMBL5465387	Beta-lactamase VIM-1	SINGLE PROTEIN	Bacteria	37	False
7563	121411	CHEMBL5465393	SOS1-KRAS	PROTEIN COMPLEX	Homo sapiens	273	False
7564	121420	CHEMBL5465444	1321N1	CELL-LINE	Homo sapiens	6	False
7565	121423	CHEMBL5465447	KBv200	CELL-LINE	Homo sapiens	57	False
7566	121428	CHEMBL5465452	Ty-82	CELL-LINE	Homo sapiens	18	False
7567	121429	CHEMBL5465453	HCCLM3	CELL-LINE	Homo sapiens	44	False
7568	121433	CHEMBL5465457	LX-2	CELL-LINE	Homo sapiens	56	False
7569	121434	CHEMBL5465458	VL51	CELL-LINE	Homo sapiens	16	False
7570	121435	CHEMBL5465459	CRMM-2	CELL-LINE	Homo sapiens	23	False
7571	121454	CHEMBL5465478	Hepatitis E virus	ORGANISM	Hepatitis E virus	30	False
7572	121458	CHEMBL5465482	Mycobacterium parascrofulaceum	ORGANISM	Mycobacterium parascrofulaceum	9	False
7573	121487	CHEMBL5465521	DDB1- and CUL4-associated factor 1	SINGLE PROTEIN	Homo sapiens	13	False
7574	121502	CHEMBL5465553	WDR5-MYC	PROTEIN-PROTEIN INTERACTION	Homo sapiens	36	False
7575	121503	CHEMBL5465554	Protein cereblon-IKZF2	PROTEIN-PROTEIN INTERACTION	Homo sapiens	34	False
7576	121506	CHEMBL5465557	CCN2-EGFR	PROTEIN-PROTEIN INTERACTION	Homo sapiens	6	False
7577	121510	CHEMBL5482972	GPR27-V2	CHIMERIC PROTEIN	Homo sapiens	15	False
7578	121511	CHEMBL5482973	SKP1-SKP2-CKS1	PROTEIN-PROTEIN INTERACTION	Homo sapiens	20	False
7579	121512	CHEMBL5482974	VEGA-NRP1	PROTEIN-PROTEIN INTERACTION	Homo sapiens	18	False
7580	121526	CHEMBL5482994	GPR40-Galpha16	PROTEIN COMPLEX	Homo sapiens	5	False
7581	121528	CHEMBL5482996	VEGFR1-VEGA	PROTEIN COMPLEX	Homo sapiens	7	False
7582	121534	CHEMBL5483005	NKGD2-MICA	PROTEIN COMPLEX	Homo sapiens	29	False
7583	121535	CHEMBL5483006	NKGD2-ULBP6	PROTEIN COMPLEX	Homo sapiens	28	False
7584	121595	CHEMBL5705861	NS3	SINGLE PROTEIN	West Nile virus	164	False
7585	121596	CHEMBL5705862	NS3 protease	SINGLE PROTEIN	dengue virus type 1	26	False
7586	121597	CHEMBL5705863	NS3 protease	SINGLE PROTEIN	dengue virus type 3	30	False
7587	121598	CHEMBL5705864	NS3 protease	SINGLE PROTEIN	dengue virus type 4	25	False
7588	121601	CHEMBL5723573	Methyl-CpG-binding domain protein 4	SINGLE PROTEIN	Homo sapiens	222	False
7589	121602	CHEMBL5723574	Adenine DNA glycosylase	SINGLE PROTEIN	Homo sapiens	30	False
7590	121636	CHEMBL5724622	Malignant T-cell-amplified sequence 1	SINGLE PROTEIN	Homo sapiens	16	False
7591	121662	CHEMBL5724648	Potassium channel subfamily K member 13	SINGLE PROTEIN	Mus musculus	7	False
7592	121743	CHEMBL5724765	CLIP-associating protein 1	SINGLE PROTEIN	Homo sapiens	8	False
7593	121746	CHEMBL5724768	Chitinase-3-like protein 1	SINGLE PROTEIN	Homo sapiens	22	False
7594	121750	CHEMBL5724772	E3 ubiquitin-protein ligase CBL-C	SINGLE PROTEIN	Homo sapiens	8	False
7595	121767	CHEMBL5724789	A disintegrin and metalloproteinase with thrombospondin motifs 7	SINGLE PROTEIN	Homo sapiens	49	False
7596	121777	CHEMBL5724909	D-dopachrome decarboxylase	SINGLE PROTEIN	Homo sapiens	6	False
7597	121788	CHEMBL5725017	Protein Aster-A	SINGLE PROTEIN	Homo sapiens	11	False
7598	121795	CHEMBL5725024	RNA-directed RNA polymerase L	SINGLE PROTEIN	Toscana virus	11	False
7599	121980	CHEMBL6066021	Protein cereblon/Tyrosine-protein phosphatase non-receptor type 1	PROTEIN-PROTEIN INTERACTION	Homo sapiens	12	False
7600	121986	CHEMBL6066027	Protein cereblon/Tyrosine-protein kinase Lck	PROTEIN-PROTEIN INTERACTION	Homo sapiens	12	False
7601	122006	CHEMBL6066047	Protein cereblon/Histone-lysine N-methyltransferase NSD2	PROTEIN-PROTEIN INTERACTION	Homo sapiens	9	False
7602	122019	CHEMBL6066062	Madurella mycetomatis	ORGANISM	Madurella mycetomatis	24	False
7603	122057	CHEMBL6066153	Non-structural protein 4b	SINGLE PROTEIN	Hepacivirus hominis	30	False
7604	122058	CHEMBL6066154	Mushroom tyrosinase	PROTEIN FAMILY	Agaricus bisporus	367	False
7605	122059	CHEMBL6066155	Alpha-protein kinase 3	SINGLE PROTEIN	Homo sapiens	7	False
7606	122088	CHEMBL6066184	Chitinase-3-like protein 1	SINGLE PROTEIN	Mus musculus	18	False
7607	122090	CHEMBL6066201	Triple specificity protein phosphatase PtpB	SINGLE PROTEIN	Mycobacterium tuberculosis (strain ATCC 25618 / H37Rv)	60	False
7608	122093	CHEMBL6066204	Dual specificity protein phosphatase CDC14B	SINGLE PROTEIN	Homo sapiens	8	False
7609	122098	CHEMBL6066209	Glutamate receptor ionotropic, kainate 5	SINGLE PROTEIN	Mus musculus	16	False
7610	122107	CHEMBL6066218	Chitinase-3-like protein 2	SINGLE PROTEIN	Homo sapiens	7	False
7611	122110	CHEMBL6066221	GDNF family receptor alpha-3	SINGLE PROTEIN	Homo sapiens	9	False
7612	122114	CHEMBL6066225	N-arachidonyl glycine receptor	SINGLE PROTEIN	Mus musculus	52	False
7613	122115	CHEMBL6066226	RNA-directed RNA polymerase L	SINGLE PROTEIN	Andes orthohantavirus	12	False
7614	122117	CHEMBL6066228	RNA-directed RNA polymerase L	SINGLE PROTEIN	Bunyavirus La Crosse	10	False
7615	122129	CHEMBL6066240	Tissue factor pathway inhibitor 2	SINGLE PROTEIN	Homo sapiens	17	False
7616	122133	CHEMBL6066244	GDNF family receptor alpha-2	SINGLE PROTEIN	Homo sapiens	6	False
7617	122240	CHEMBL6066351	E3 ubiquitin-protein ligase CBL	SINGLE PROTEIN	Homo sapiens	20	False
7618	122422	CHEMBL6066541	Angiotensin-converting enzyme/Ribosomal RNA small subunit methyltransferase NEP1	PROTEIN COMPLEX	Homo sapiens	7	False
7619	122423	CHEMBL6066542	Catenin beta-1/Protein Wnt-3a	PROTEIN COMPLEX	Homo sapiens	101	False
7620	122424	CHEMBL6066543	Coagulation factor V/Coagulation factor X/Serine/threonine-protein kinase BRSK2	PROTEIN COMPLEX	Homo sapiens	19	False
7621	122426	CHEMBL6066545	Cyclin-dependent kinase 1/G2/mitotic-specific cyclin-B	PROTEIN COMPLEX	Oryzias latipes	47	False
7622	122429	CHEMBL6066548	Glutamate receptor ionotropic, NMDA 1/2C/3B	PROTEIN COMPLEX	Homo sapiens	16	False
7623	122430	CHEMBL6066549	Histone acetyltransferase p300/Myocyte-specific enhancer factor 2D	PROTEIN COMPLEX	Homo sapiens	21	False
7624	122431	CHEMBL6066550	Histone-binding protein RBBP4/Histone-lysine N-methyltransferase EZH2/Polycomb protein EED/Polycomb protein SUZ12/Zinc finger protein AEBP2	PROTEIN COMPLEX	Homo sapiens	452	False
7625	122432	CHEMBL6066551	Histone-binding protein RBBP4/Polycomb protein EED/Polycomb protein SUZ12/Zinc finger protein AEBP2	PROTEIN COMPLEX	Homo sapiens	214	False
7626	122433	CHEMBL6066552	Mitogen-activated protein kinase 14/Mitogen-activated protein kinase 1	PROTEIN FAMILY	Homo sapiens	22	False
7627	122434	CHEMBL6066553	Mitogen-activated protein kinase 14/MAP kinase-activated protein kinase 5	PROTEIN FAMILY	Homo sapiens	22	False
7628	122435	CHEMBL6066554	Neprilysin/Angiotensin-converting enzyme	PROTEIN COMPLEX	Homo sapiens	52	False
7629	122437	CHEMBL6066556	Sentrin-specific protease 2/Small ubiquitin-related modifier 1	PROTEIN COMPLEX	Homo sapiens	6	False
7630	122438	CHEMBL6066557	Sentrin-specific protease 2/Small ubiquitin-related modifier 2	PROTEIN COMPLEX	Homo sapiens	5	False
7631	122439	CHEMBL6066558	Small ubiquitin-related modifier 1/2	PROTEIN FAMILY	Homo sapiens	6	False
7632	122440	CHEMBL6066559	Sodium/potassium-transporting ATPase subunit alpha-1/beta-1	PROTEIN COMPLEX	Homo sapiens	21	False
7633	122441	CHEMBL6066560	Sodium/potassium-transporting ATPase subunit alpha-2/beta-1	PROTEIN COMPLEX	Homo sapiens	22	False
7634	122442	CHEMBL6066561	Sodium/potassium-transporting ATPase subunit alpha-2/beta-2	PROTEIN COMPLEX	Homo sapiens	20	False
7635	122443	CHEMBL6066562	Sodium/potassium-transporting ATPase subunit alpha-2/beta-3	PROTEIN COMPLEX	Homo sapiens	20	False
7636	122447	CHEMBL6066566	Tyrosine-protein kinase Mer/Tyrosine-protein kinase receptor UFO	PROTEIN FAMILY	Homo sapiens	349	False
7637	122450	CHEMBL6066569	Integrin alpha-5/alpha-8	PROTEIN COMPLEX	Homo sapiens	28	False
7638	122451	CHEMBL6066570	Integrin alpha-5/beta-6	PROTEIN COMPLEX	Homo sapiens	152	False
7639	122456	CHEMBL6066575	Programmed cell death 1 ligand 1/2	PROTEIN FAMILY	Homo sapiens	389	False
7640	122457	CHEMBL6066576	Induced myeloid leukemia cell differentiation protein Mcl-1/Phorbol-12-myristate-13-acetate-induced protein 1	PROTEIN COMPLEX	Homo sapiens	42	False
7641	122458	CHEMBL6066577	Histone acetyltransferase p300/Histone acetyltransferase type B catalytic subunit	PROTEIN COMPLEX	Homo sapiens	158	False
7642	122459	CHEMBL6066578	ATR-interacting protein/DNA topoisomerase 2-binding protein 1/Dual specificity protein kinase CLK2/Serine/threonine-protein kinase ATR	PROTEIN COMPLEX	Homo sapiens	17	False
7643	122460	CHEMBL6066579	Apoptosis regulator Bcl-2/Beclin-1	PROTEIN COMPLEX	Homo sapiens	33	False
7644	122461	CHEMBL6066580	AP-4 complex subunit sigma-1	SINGLE PROTEIN	Homo sapiens	77	False
7645	122462	CHEMBL6066581	Lipopolysaccharide-induced tumor necrosis factor-alpha factor	SINGLE PROTEIN	Homo sapiens	55	False
7646	122463	CHEMBL6066582	NADH dehydrogenase [ubiquinone] flavoprotein 1, mitochondrial	SINGLE PROTEIN	Bos taurus	36	False
7647	122464	CHEMBL6066583	Neuraminidase	SINGLE PROTEIN	Influenza A virus	15	False
7648	122465	CHEMBL6066584	Protein Nef	SINGLE PROTEIN	Human immunodeficiency virus 1	96	False
7649	122466	CHEMBL6066585	Histone deacetylase 4/Myocyte-specific enhancer factor 2D	PROTEIN COMPLEX	Homo sapiens	111	False
7650	122467	CHEMBL6066586	Integrin alpha-8/beta-1	PROTEIN COMPLEX	Homo sapiens	18	False
7651	122468	CHEMBL6066587	Histone-binding protein RBBP4/Histone-lysine N-methyltransferase EZH2/Polycomb protein EED/Polycomb protein SUZ12	PROTEIN COMPLEX	Homo sapiens	77	False
7652	122491	CHEMBL6066657	Bundibugyo virus	ORGANISM	Bundibugyo virus	8	False
7653	122496	CHEMBL6066662	Tai Forest ebolavirus	ORGANISM	Tai Forest ebolavirus	8	False
7654	122516	CHEMBL6066735	Eca-109/VCR	CELL-LINE	Homo sapiens	37	False
7655	122526	CHEMBL6066745	Hepa 1-6	CELL-LINE	Mus musculus	9	False
7656	122530	CHEMBL6066749	SW-403	CELL-LINE	Homo sapiens	7	False
7657	122543	CHEMBL6066762	CC-LP-1	CELL-LINE	Homo sapiens	7	False
7658	122547	CHEMBL6066766	HCT 116 TP53(-/-)	CELL-LINE	Homo sapiens	6	False
7659	122560	CHEMBL6066779	Gemcitabine-resistant PANC-1	CELL-LINE	Homo sapiens	6	False
7660	122564	CHEMBL6066783	RT112/84	CELL-LINE	Homo sapiens	15	False
7661	122572	CHEMBL6066791	Doxorubicin-resistant NCI-H460/R	CELL-LINE	Homo sapiens	9	False
7662	122575	CHEMBL6066794	Olaparib-resistant CAPAN-1	CELL-LINE	Homo sapiens	7	False
7663	122578	CHEMBL6066797	Osimertinib-resistant NCI-H1975 cell	CELL-LINE	Homo sapiens	41	False
7664	122590	CHEMBL6066809	FLC clone 745	CELL-LINE	Mus musculus	8	False
7665	122598	CHEMBL6066826	ATP-dependent Clp protease proteolytic subunit	SINGLE PROTEIN	Neisseria gonorrhoeae (strain ATCC 700825 / FA 1090)	8	False
7666	122601	CHEMBL6066829	L-2,3-diaminopropanoate--citrate ligase	SINGLE PROTEIN	Staphylococcus aureus (strain NCTC 8325 / PS 47)	17	False
7667	122603	CHEMBL6066831	Pyruvate carboxylase	SINGLE PROTEIN	Staphylococcus aureus (strain Mu50 / ATCC 700699)	11	False
7668	122605	CHEMBL6066834	CREB-binding protein/Histone acetyltransferase p300/Cellular tumor antigen p53	PROTEIN-PROTEIN INTERACTION	Homo sapiens	10	False
7669	122606	CHEMBL6066835	Transient receptor potential cation channel subfamily A member 1	SINGLE PROTEIN	Macaca mulatta	5	False
7670	122612	CHEMBL6066844	H-2 class II histocompatibility antigen gamma chain/Proto-oncogene tyrosine-protein kinase ROS	CHIMERIC PROTEIN	Mus musculus	5	False
7671	122614	CHEMBL6066846	Nuclear hormone receptor isoform A	SINGLE PROTEIN	Strongyloides stercoralis	10	False
7672	122631	CHEMBL6066863	Alpha amylase	PROTEIN FAMILY	Homo sapiens	222	False
7673	123225	CHEMBL6067458	Phosphoheptose isomerase	SINGLE PROTEIN	Burkholderia pseudomallei (strain K96243)	11	False
7674	123230	CHEMBL6067463	Sal-like protein 4	SINGLE PROTEIN	Homo sapiens	22	False
7675	123316	CHEMBL6067624	Cyclic AMP-dependent transcription factor ATF-4	SINGLE PROTEIN	Homo sapiens	76	False
